id,reason
277573147,Not JSON response
249219915,Not JSON response
276912517,Not JSON response
273386574,Not JSON response
200681637,Not JSON response
877768,Not JSON response
48462827,Not JSON response
271472848,Not JSON response
273384623,Not JSON response
275513384,Not JSON response
191651847,Exceeded 30 redirects.
53758851,Exceeded 30 redirects.
91625551,Exceeded 30 redirects.
117172325,Exceeded 30 redirects.
202804258,Exceeded 30 redirects.
201518258,Exceeded 30 redirects.
277922266,Exceeded 30 redirects.
277857306,Exceeded 30 redirects.
190543945,Exceeded 30 redirects.
392839,Exceeded 30 redirects.
218755168,Exceeded 30 redirects.
190543903,Exceeded 30 redirects.
94341114,Exceeded 30 redirects.
275513556,Exceeded 30 redirects.
197627322,Exceeded 30 redirects.
94344344,Exceeded 30 redirects.
272428559,Exceeded 30 redirects.
251243553,Exceeded 30 redirects.
273609622,Exceeded 30 redirects.
263867989,Exceeded 30 redirects.
877770,Exceeded 30 redirects.
274499500,Exceeded 30 redirects.
278662842,Exceeded 30 redirects.
276903406,Exceeded 30 redirects.
278005609,Exceeded 30 redirects.
273676111,Exceeded 30 redirects.
276922574,Exceeded 30 redirects.
263293403,Exceeded 30 redirects.
48462951,Exceeded 30 redirects.
277513305,Exceeded 30 redirects.
277513361,Exceeded 30 redirects.
271810574,Exceeded 30 redirects.
278666036,Exceeded 30 redirects.
205632151,Exceeded 30 redirects.
202804469,Exceeded 30 redirects.
11295059,Exceeded 30 redirects.
116892254,Exceeded 30 redirects.
16063250,Exceeded 30 redirects.
54716577,Exceeded 30 redirects.
116894407,Exceeded 30 redirects.
102432143,Exceeded 30 redirects.
274667496,Exceeded 30 redirects.
58047274,Exceeded 30 redirects.
179930085,Exceeded 30 redirects.
689250,Exceeded 30 redirects.
175875105,Exceeded 30 redirects.
11598063,Exceeded 30 redirects.
102431931,Exceeded 30 redirects.
208648919,Exceeded 30 redirects.
263352092,Exceeded 30 redirects.
208619044,Exceeded 30 redirects.
274880632,Exceeded 30 redirects.
4701559,Exceeded 30 redirects.
7170587,Exceeded 30 redirects.
172151629,Exceeded 30 redirects.
278539690,Exceeded 30 redirects.
225908309,Exceeded 30 redirects.
199269641,Exceeded 30 redirects.
270304120,Exceeded 30 redirects.
277505643,Exceeded 30 redirects.
152529206,Exceeded 30 redirects.
276654811,Exceeded 30 redirects.
277826868,Exceeded 30 redirects.
275458898,Exceeded 30 redirects.
275925501,Exceeded 30 redirects.
171821979,Exceeded 30 redirects.
175438540,Exceeded 30 redirects.
200663658,Exceeded 30 redirects.
274664339,Exceeded 30 redirects.
116893714,Exceeded 30 redirects.
193152552,Exceeded 30 redirects.
275145164,Exceeded 30 redirects.
31301102,Exceeded 30 redirects.
278707287,Exceeded 30 redirects.
274360101,Exceeded 30 redirects.
16308127,Exceeded 30 redirects.
272360974,Exceeded 30 redirects.
277466575,Exceeded 30 redirects.
278131402,Exceeded 30 redirects.
116971817,Exceeded 30 redirects.
185028059,Exceeded 30 redirects.
251244090,Exceeded 30 redirects.
76676890,Exceeded 30 redirects.
172081643,Exceeded 30 redirects.
275459124,Exceeded 30 redirects.
273610246,Exceeded 30 redirects.
85653836,Exceeded 30 redirects.
149146287,Exceeded 30 redirects.
792752,Exceeded 30 redirects.
3480333,Exceeded 30 redirects.
278098474,Exceeded 30 redirects.
193669635,Exceeded 30 redirects.
273233080,Exceeded 30 redirects.
176522044,Exceeded 30 redirects.
192173473,Exceeded 30 redirects.
273703596,Exceeded 30 redirects.
249634570,Exceeded 30 redirects.
278141162,Exceeded 30 redirects.
178779464,Exceeded 30 redirects.
118123859,Exceeded 30 redirects.
149145484,Exceeded 30 redirects.
208192241,Exceeded 30 redirects.
792736,Exceeded 30 redirects.
276523542,Exceeded 30 redirects.
208191897,Exceeded 30 redirects.
277965895,Exceeded 30 redirects.
107087960,Exceeded 30 redirects.
275089229,Exceeded 30 redirects.
57901956,Exceeded 30 redirects.
141113188,Exceeded 30 redirects.
22631763,Exceeded 30 redirects.
197605070,Exceeded 30 redirects.
277385589,Exceeded 30 redirects.
116892536,Exceeded 30 redirects.
277385580,Exceeded 30 redirects.
278131428,Exceeded 30 redirects.
32004058,Exceeded 30 redirects.
276022836,Exceeded 30 redirects.
275793114,Exceeded 30 redirects.
276105073,Exceeded 30 redirects.
277003347,Exceeded 30 redirects.
466055,Exceeded 30 redirects.
197185977,Exceeded 30 redirects.
276928767,Exceeded 30 redirects.
576131,Exceeded 30 redirects.
278098370,Exceeded 30 redirects.
1724881,Exceeded 30 redirects.
125087372,Exceeded 30 redirects.
100947857,Exceeded 30 redirects.
156282458,Exceeded 30 redirects.
193153911,Exceeded 30 redirects.
192886974,Exceeded 30 redirects.
276596443,Exceeded 30 redirects.
274693026,Exceeded 30 redirects.
273168221,Exceeded 30 redirects.
273169117,Exceeded 30 redirects.
218754649,Exceeded 30 redirects.
21190041,Exceeded 30 redirects.
272564063,Exceeded 30 redirects.
275525194,Exceeded 30 redirects.
276555460,Exceeded 30 redirects.
273662033,Exceeded 30 redirects.
135777009,Exceeded 30 redirects.
276928850,Exceeded 30 redirects.
202521790,Exceeded 30 redirects.
199711079,Exceeded 30 redirects.
179074046,Exceeded 30 redirects.
877714,Exceeded 30 redirects.
275376673,Exceeded 30 redirects.
242657798,Exceeded 30 redirects.
203284726,Exceeded 30 redirects.
275695918,Exceeded 30 redirects.
162250580,Exceeded 30 redirects.
278037890,Exceeded 30 redirects.
191515402,Exceeded 30 redirects.
17003892,Exceeded 30 redirects.
41323647,Exceeded 30 redirects.
179968561,Exceeded 30 redirects.
188408318,Exceeded 30 redirects.
141191185,Exceeded 30 redirects.
193103355,Exceeded 30 redirects.
135799089,Exceeded 30 redirects.
1288329,Exceeded 30 redirects.
275304083,Exceeded 30 redirects.
193524390,Exceeded 30 redirects.
275267190,Exceeded 30 redirects.
242075075,Exceeded 30 redirects.
392839,Exceeded 30 redirects.
207194565,Exceeded 30 redirects.
275347586,Exceeded 30 redirects.
192456153,Exceeded 30 redirects.
275623989,Exceeded 30 redirects.
250565640,Exceeded 30 redirects.
52653885,Exceeded 30 redirects.
275380453,Exceeded 30 redirects.
276903830,Exceeded 30 redirects.
239788758,Exceeded 30 redirects.
185036132,Exceeded 30 redirects.
186554647,Exceeded 30 redirects.
116896506,Exceeded 30 redirects.
1347699,Exceeded 30 redirects.
168973931,Exceeded 30 redirects.
21059317,Exceeded 30 redirects.
192887297,Exceeded 30 redirects.
76538721,Exceeded 30 redirects.
194769444,Exceeded 30 redirects.
131879428,Exceeded 30 redirects.
392842,Exceeded 30 redirects.
151949484,Exceeded 30 redirects.
57902421,Exceeded 30 redirects.
208192799,Exceeded 30 redirects.
3873779,Exceeded 30 redirects.
273667030,Exceeded 30 redirects.
162027350,Exceeded 30 redirects.
131879409,Exceeded 30 redirects.
248221893,Exceeded 30 redirects.
110255220,Exceeded 30 redirects.
392857,Exceeded 30 redirects.
275267881,Exceeded 30 redirects.
8097936,Exceeded 30 redirects.
7170585,Exceeded 30 redirects.
3873851,Exceeded 30 redirects.
213564231,Exceeded 30 redirects.
105516210,Exceeded 30 redirects.
277385720,Exceeded 30 redirects.
169566169,Exceeded 30 redirects.
201182658,Exceeded 30 redirects.
277545769,Exceeded 30 redirects.
278450449,Exceeded 30 redirects.
274667547,Exceeded 30 redirects.
274366794,Exceeded 30 redirects.
112448929,Exceeded 30 redirects.
274890588,Exceeded 30 redirects.
275785821,Exceeded 30 redirects.
3873849,Exceeded 30 redirects.
275426025,Exceeded 30 redirects.
192457090,Exceeded 30 redirects.
277545580,Exceeded 30 redirects.
52656034,Exceeded 30 redirects.
263959695,Exceeded 30 redirects.
263958211,Exceeded 30 redirects.
