id,name,short_description,price,discount,discount_rate,review_count,day_ago_created,quantity_sold,brand_name
275513120,Ấm siêu tốc GUME GMEK - 031 Hàng chính hãng,"1. Thông số kỹ thuật Model: GMEK-031/GMEK-032    Công suất tiêu thụ:1800W    Điện áp: 220V    Dung tích: 1,8L    Trọng lượng: 1.2Kg    2. Mô tả sản phẩm    - Thiết kế đẹp mắt với 2 màu: Xanh Ng...",570000,0,0,1,,2.0,Gume
22526350,Ấm siêu tốc Daewoo DEK-MF180 (2.0L) - Hàng chính hãng,"Thiết kế kiểu dáng hiện đại, sang trọngẤm siêu tốc Daewoo DEK-MF170 (2.0L) kiểu dáng ấm rất hiện đại sang trọng với thiết kế hình trụ đứng chắc chắn, mạnh mẽ. Dung tích ấm lớn: Ấm có dung tích thực l...",409000,350000,46,13,,49.0,Daewoo
276480851,"Ấm đun siêu tốc Locknlock Glass electric kettle EJK256BLK - 220-240V, 50-60Hz, 1850-2200W, Dung tích 1.8L- Màu đen - Hàng chính hãng",...,660000,220000,25,4,,26.0,LocknLock
117837053,Ấm Siêu Tốc Sunhouse SHD1306 (1.7 Lít) - Hàng Chính Hãng,"Thân ấm làm bằng nhựa PP nguyên sinh an toànẤm Siêu Tốc Sunhouse SHD1306 có kiểu dáng đẹp, sang trọng, điểm nhấn cho căn bếp của cả gia đình. Thân ấm bằng nhựa PP nguyên sinh có đặc điểm không mùi,...",413000,177000,30,55,,782.0,Sunhouse
276902170,"Ấm Siêu Tốc 2 Lớp 2,5L NK Media MD-ST255  - Màu Ngẫu Nhiên - Hàng Chính Hãng",MÔ TẢ SẢN PHẨMẤm siêu tốc 2.5L tự động ngắt công suất 1500W sôi cực nhanh - Bảo hành NK Media ST255 12 thángẤm đun nước là một vật dụng không thể thiếu trong mỗi gia đình và trong cuộc sống hiện đ...,179000,0,0,1,,7.0,NK Media
149145719,"Ấm Siêu Tốc Happy Time 1,8l, Bình Đun Siêu Tốc Inox Cách Nhiệt HTD1081","       Ấm Siêu Tốc Happy Time 1,8l, Bình Đun Siêu Tốc Inox Cách Nhiệt HTD1081   Đặc Điểm Nổi Bật   - Mẫu mã đơn giản, tinh tế, tiện dụng   - Thân ấm đun nước bằng inox 304 sáng bóng, không gỉ ...",170000,0,0,0,,3.0,Sunhouse
158788387,Ấm Siêu Tốc Inox 2 Lớp 2.5L NK Media MD-EK6525 - Màu Ngẫu Nhiên - Hàng Chính Hãng,"Thân ấm 2 lớp chống bỏng: Inox – Nhựa PPTự động tắt khi nước sôi, cạn nước hoặc quá nhiệtĐế tiếp điện xoay 360 độ tiện lợiNổi bật với thiết kế hiện đại, tinh tế, màu sắc trang nhã, Ấm Siêu Tốc I...",180000,0,0,2,,8.0,NK Media
174186211,Ấm Siêu Tốc Inox 2 Lớp DAMAS DK-6018B (1.8L) - Hàng Chính Hãng,"Ấm Siêu Tốc 2 Lớp DAMAS DK-6018 (1.8L) - Thiết kế mới lạ và hiện đại với vẻ ngoài sang trọng mang phong cách Châu Âu, hoạt động với công suất mạnh mẽ 1500W cho thời gian nấu nước nhanh chóng và tran...",459000,341000,43,110,,1020.0,Damas
54716577,Bình Đun Siêu Tốc 2 Lớp Lock&Lock EJK738BLK (1.7L) - Hàng Chính Hãng,"Ấm đun bằng thép không gỉ Lock&Lock, 1.7L màu đen EJK738BLKDung tích: 1.7LCông suất: 1800WChất liệu: Thép không gỉ, nhựa PP cao cấpXuất xứ: Trung QuốcXuất xứ thương hiệu: Hàn QuốcĐế xoay 360...",455000,382000,46,2144,,9573.0,LocknLock
4701559,Ấm Điện Thủy Tinh Siêu Tốc Có Điều Chỉnh Nhiệt Độ Lock&Lock EJK341 (1.8L) - Hàng chính hãng,"Thiết kế đẹp mắt với dung tích 1.8 lítẤm điện thủy tinh siêu tốc có điều chỉnh nhiệt độ Lock&Lock EJK341 có thiết kế đẹp mắt với hệ thống đèn LED chiếu sáng đặc biệt, nhiệt độ khác nhau thì cho r...",833000,427000,34,2660,,15103.0,LocknLock
532622,Ấm Siêu Tốc Sunhouse SHD1300 - 1.7 Lít (Trắng)- Hàng chính hãng,"Công suất 1850W mạnh mẽ Với công suất 1850W, ấm đun sẽ cung cấp nước để bạn và người thân có thể sử dụng trong thời gian ngắn nhất từ 3 - 5 phút. Với tính năng này, bạn sẽ tiết kiệm được nhiều thời g...",300000,0,0,2,,13.0,Sunhouse
251244834,Ấm siêu tốc Arber AST1.5B Hàng Chính Hãng,"Tính năng sản phẩm: Ấm đun nước siêu tốc Arber 1.5 lít thiết kế theo phong cách hiện đại với các màu  tuyệt đẹp, là một sản phẩm nằm trong dòng sản phẩm Arber.Thiết kế dây gọn dễ sử dụng và mang theo...",1050000,0,0,1,,1.0,Arber
276526838,Ấm siêu tốc Lumias K304B Hàng chính hãng,Tên sản phẩmẤm siêu tốc Lumias K304BModelK304BMàu sắcĐenDung tích1.5lCông suất1800WĐiện áp220-240VChế độChế độ giữ ấmChế độ chờTiện íchBảo vệ quá nhiệtĐèn báo khi...,550000,0,0,0,,,Lumena
275195119,Ấm siêu tốc Swan Retro Hàng chính hãng,"Dung tích 1.8L đun một lần đổ đầy phích hoặc rót được hơn 8 cốc chỉ sau một lần đun sôiĐế xoay 360 độ tách rời ấm, thân ấm làm bằng thép không gỉ an toàn bền đẹpCông suất 3000w lớn nhất trên thị trườ...",3390000,0,0,0,,,Swan
275793114,Ấm siêu tốc Elmich KEE 8456 - Hàng chính hãng, ...,1017000,483000,32,31,,34.0,Elmich
3480333,Bình Đun Siêu Tốc 2 lớp Lock&Lock EJK738WHT (1.7 Lít) - Trắng - Hàng chính hãng,"Thiết kế hiện đại, sang trọngBình Đun Siêu Tốc Lock&Lock EJK738WHT có kiểu dáng mới lạ và không kém phần hiện đại với vẻ ngoài sang trọng. Bình được hoạt động với công suất mạnh mẽ 1800W và trang...",622000,215000,26,2546,,15248.0,LocknLock
278663615,Ấm siêu tốc SMEG KLF03BLEU Hàng chính hãng,"Mang phong cách RETRO STYLE của những năm 50, thiết kế cổ điển với đường nét bo tròn tinh tế kết hợp với công nghệ tiên tiến hiện đại. Đây là dòng sản phẩm l...",4790000,0,0,0,,,Smeg
272428559,Ấm siêu tốc Elmich KEE 8457 - Hàng Chính Hãng,"1. Màu sắc thời trang, tinh tế phù hợp với mọi không gian bếp.2. Thiết kế theo phong cách Châu Âu vintage thanh lịch tạo điểm nhấn cho không gian bếp3. Dung tích lớn tới 1.8L phù hợp nhu cầu sử d...",658000,332000,34,14,,67.0,Elmich
273134297,ẤM SIÊU TỐC BEAR 1.5L - HÀNG CHÍNH HÃNG,ẤM SIÊU TỐC BEAR 1.5LTHÔNG SỐ:- Tên sản phẩm: Ấm đun nước siêu tốc Bear- Model: ZDH-Q15U8- Thương hiệu: Bear.- Ngành hàng: Thiết bị gia dụng- Năm sản xuất: 2023- Chất liệu: thép không gỉ cao cấp...,497000,48000,9,0,,1.0,Bear
278666141,ẤM SIÊU TỐC GKÖCH GERMANY Hàng chính hãng,"Xuất xứ: Đức Công suất: 1800W Dung tích: 1.7L Nguồn điện: 220-240V ĐẶC ĐIỂM NỔI BẬT: Thiết kế tối giản, màu đen sang trọng, mang phong cách tinh tế chuẩn Âu, phù hợp với mọi không gian bếp hiện đ...",990000,0,0,0,,,GKOCH
275379395,Ấm siêu tốc Swan dung tích 1.5 lít Hàng chính hãng,"Dung tích 1,5 lít rộng rãi - bạn có thể lấy hơn 6 cốc chỉ sau một lần đun sôi, có nhiều nước để pha cho mình, đối tác và những người còn lại trong gia đình một thức uống nóng ngon miệng và đảm bảo bạn...",2150000,0,0,0,,,Swan
272162664,Ấm Siêu Tốc HAMM HKT-1741 (1.8 lít) - Hàng Chính Hãng,Công suất: 1500WDung tích: 1.8LThân ấm inox Sus304Tự động ngắt khi nước sôi hoặc cạn nướcĐèn báo chế độ tiện lợiĐế ấm xoay 360 độ thuận tiệnĐặc biệt công tắc nguồn nút bấm trên tay cầm tiện lợi...,170000,0,0,0,,1.0,HAMM
57901956,Bình đun siêu tốc Toshiba KT-15DS1PV - Hàng Chính Hãng," Mẫu mã đơn giản, tinh tế, tiện dụngBình đun siêu tốc Toshiba KT-15DS1PV với màu trắng thanh lịch, kết cấu chắc chắn, góp phần làm tăng tính thẩm mỹ cho gian bếp gia đình. Bình có dung tích 1.5 lít...",949000,0,0,64,,189.0,Toshiba
277438547,Ấm siêu tốc TS9721 (1.7 lít) - Hàng chính hãng, Công suất: 1850 - 2200WDung tích: 1.7 lítChất liệu ruột bình: Inox cao cấp 304 hai lớpChất liệu vỏ bình: Inox 304Đế tiếp điện: Strix Anh QuốcChế độ an toàn: Tự ngắt khi nước sôi và khi cạn nư...,629000,0,0,0,,,Tiross
149916439,Ấm Siêu Tốc Điện Inox 1.8 lít - Hàng Chính Hãng,ĐẶC ĐIỂM NỔI BẬTĐèn báo hiệu bật tắtTự động tắt khi sôi hoặc trào nước trong lúc đunThân ấm bằng thép không gỉCấu tạo đế xoay 360 độ thuận tiện khi sử dụngẤm Siêu Tốc Điện Inox 1.8 lít - Hàng ...,85000,0,0,3,,15.0,GDV
211957625,Ấm siêu tốc ATS1.8RED hàng chính hãng,"Ấm siêu tốc ATS1.8RED   1/5 (1 bình chọn)Điện áp : 220-240V, 50-60HzNăng lượng : A+Công suất : 1800-2200WDung tích: 1.8 Lít.Chất liệu : Inox 304, nhựa, sơn Tự ngắt khi sôi, hoặc ấm ...",949000,0,0,0,,,Arber
133776040,Ấm Siêu Tốc Inox 1.8L HTD1081 - Hàng Chính Hãng,ĐẶC ĐIỂM NỔI BẬTĐèn báo hiệu bật tắtTự động tắt khi sôi hoặc trào nước trong lúc đunThân ấm bằng thép không gỉCấu tạo đế xoay 360 độ thuận tiện khi sử dụngẤm Siêu Tốc Inox 1.8L HTD1081 - Hàng ...,170000,0,0,0,,,GDV
19734003,Ấm siêu tốc GALI GL - 0017C Chính Hãng,...,553000,0,0,0,,,Gali
275460847,Ấm siêu tốc JK 78 dung tích 1.8L Màu ngẫu nhiên- Hàng nhập khẩu,"THÔNG TIN SẢN PHẨM:Model: JK-78Dung tích: 1.8LXuất xứ: MalaysiaBảo hành: 12 thángCông suất: 2000WNguồn điện: 220V-50HzCó chế độ tự ngắt khi sôiChất liệu nhựa an toàn, có độ bền caoẤm Siêu Tố...",259000,0,0,0,,,Rainy
276850079,Ấm Siêu Tốc 2.5L GUGKDD GD-ST20 - Màu Ngẫu Nhiên - Hàng Chính Hãng,"Mô tả sản phẩm Ấm siêu tốc 2.5L GUGKDD GD-ST20, công suất 1500W đun sôi cực nhanh, dung tích 2.5L, hai lớp cách nhiệt an toà, tiết kiệm điện năngẤm siêu tốc 2.5L GUGKDD GD-ST20, bình đun nước siê...",120000,0,0,0,,4.0,GUGKDD
275513762,"Ấm đun nước siêu tốc Elmich 1,7L KEE 1774 P - Hàng chính hãng","Thông tin sản phẩm Thông số kỹ thuật Công suất1850~2200WĐiện áp220~240VACDung tích1.7LCông dụngĐun sôi nướcChất liệu2 lớp, vỏ ngoài nhựa PP, đế trong inox 304 đúc li...",731000,268000,27,6,,44.0,Elmich
22631769,Bình Đun Siêu Tốc Kangaroo KG17K1 (1.7 Lít) - Hàng Chính Hãng,"Tổng quan sản phẩmBình đun nước siêu tốc Kangaroo 1.7L KG17K1 xứng đáng là thiết bị nhà bếp không thể thiếu đối với các gia đình cần sử dụng nước nóng thường xuyên như pha trà, nấu mì, pha sữa, đun n...",508000,182000,26,0,,6.0,Kangaroo
272405457,Ấm siêu tốc 1.8L Nagakawa NAG0308 - Hàng chính hãng,THÔNG TIN SẢN PHẨM:Thương hiệu: NagakawaModel: NAG0308 Công suất: 1500WĐiện áp: 220V / 50HzChất liệu: Thân bình bằng inoxChức năng bảo vệ: Tự ngắt điện khi nước sôiDung tích: 1.8LKích thước đó...,189000,0,0,0,,,Nagakawa
278618203,Ấm Siêu Tốc Philips 1.2L | Hàng chính hãng,"Philips HD9303 – Bình đun siêu tốc inox 1.2L chính hãngThiết kế sang trọng, nhỏ gọn: Thân inox cao cấp sáng bóng, chịu nhiệt tốt, bền đẹp, thích hợp cho gia đình, văn phòng, khách sạn.Dung tích ...",630000,0,0,0,,,Philips
273134297,ẤM SIÊU TỐC BEAR 1.5L - HÀNG CHÍNH HÃNG,ẤM SIÊU TỐC BEAR 1.5LTHÔNG SỐ:- Tên sản phẩm: Ấm đun nước siêu tốc Bear- Model: ZDH-Q15U8- Thương hiệu: Bear.- Ngành hàng: Thiết bị gia dụng- Năm sản xuất: 2023- Chất liệu: thép không gỉ cao cấp...,497000,48000,9,0,,1.0,Bear
11786176,Bình Đun Siêu Tốc Kangaroo KG642 (1.7L) - Hàng chính hãng,"Chất liệu inox siêu bềnBình Đun Siêu Tốc Kangaroo KG642 với thân và ruột bình đun siêu tốc Kangaroo KG642 được làm hoàn toàn bằng Inox SUS304 có khả năng chịu nhiệt cao, không mùi, không gây độc hại...",396000,199000,33,18,,79.0,Kangaroo
275156813,Ấm siêu tốc GUGKDD ST29 công suất 1500w giúp đun nước siêu nhanh - Giao màu ngẫu nhiên,"Ấm đun nước - Ấm siêu tốc GUGKDD ST29 công suất 1500w giúp đun nước siêu nhanhTHÔNG SỐ SẢN PHẨM :- Tên sản phẩm : Ấm Siêu Tốc GD-ST29- Dung tích : 2.5L- Chất liệu : inox chống gỉ , nhựa- Kích th...",165000,0,0,0,,1.0,PEAFLO
273184845,Ấm siêu tốc 1.7 L Funiki HKT5232 - Công suất 2000W - Bảo hành 14 tháng - Hàng chính hãng, ƯU ĐIỂM SẢN PHẨM:- Đế tiếp điện xoay 360 độ - Bộ phận làm nóng bằng thép không gỉ 304 S giấu kín - Bảo vệ chống sôi khô - Tự động tắt khi nước sôi/cạn nước - Bộ điều khiển Otter của Anh hoạt...,680000,0,0,0,,,Funiki
274793000,Bình đun siêu tốc Philips 1.7 lít HD9395/90 - Hàng chính hãng,"Bình đun siêu tốc Philips 1.7 lít HD9395/90Công suất: 2200 WDung tích: 1,7 lítBình đun hai lớp có lớp cách nhiệtBảo vệ chống sôi khô với hệ thống điều khiển StrixThép không gỉ, thích hợp cho thự...",979000,420000,30,10,,41.0,Philips
272162958,Ấm Siêu Tốc HAMM HKT-1751 (1.8 lít) - Hàng Chính Hãng,Công suất: 1500WDung tích: 1.8LThân ấm đa lớp :– Lớp trong làm bằng Inox 304 cao cấp.– Lớp ngoài nhựa PP nguyên sinhTự động ngắt khi nước sôi hoặc cạn nướcĐặc biệt mở nắp nút bấm trên tay cầm tiệ...,310000,0,0,0,,,HAMM
273180641,Ấm siêu tốc 1.7 L Funiki HKT5233 - Bảo hành 14 tháng - Hàng chính hãng,"NOTE: Các Cơ Quan, Doanh Ngiêp, Công Ty, Dự Án.... Có Nhu Cầu Lấy SLL Vui Lòng inbox Lấy Giá Và VAT ƯU ĐIỂM SẢN PHẨM: - Đế tiếp điện xoay 360 độ - Bộ phận làm nóng bằng thép không gỉ 304 S giấu ...",720000,0,0,0,,,Funiki
276849860,Ấm Siêu Tốc Thủy Tinh 2.5L GUGKDD GD-ST13 - Màu Ngẫu Nhiên - Hàng Chính Hãng,"Ấm Siêu Tốc 2 Lớp CUCKDD GD-ST13  ẤM SIÊU TỐC THỦY TINH GUGKDD 2,3L - ST13 Bình Đun Nước Thủy Tinh Cao Cấp GUGKDD 2,5L Sôi nhanh, Giữ ấmNút bật nắpChất liệu: Thủy tinh, Nhựa, Thép không gỉĐiện á...",165000,0,0,0,,1.0,GUGKDD
276042557,Bình đun siêu tốc Kangaroo KGWK18I2 - Hàng chính hãng,"Bình đun siêu tốc Kangaroo KGWK18I2 có thiết kế nhỏ gọn, dễ sử dụng với các thao tác đơn giản. Dung tích 1.8 lít phù hợp sử dụng tại văn phòng , gia đình phục vụ đa dạng nhu cầu pha sữa, cà phê, nấu m...",186000,74000,28,0,,16.0,Kangaroo
392857,Bình Đun Siêu Tốc Philips HD9316 (1.7L) - Hàng chính hãng,"Thân bình 2 lớp bằng chất liệu thép không gỉ Bình Đun Siêu Tốc Philips HD9316 có thiết kế đột phá từ bình đun hình tròn truyền thống, thân bình thẳng đứng phong cách với với 2 lớp và được làm bằng ch...",1080000,162000,13,11,,49.0,Philips
251245473,Ấm siêu tốc Arber AST1.5A hàng chính hãng,"Tính năng sản phẩm: Ấm đun nước siêu tốc Arber 1.5 lít thiết kế theo phong cách hiện đại với các màu  tuyệt đẹp, là một sản phẩm nằm trong dòng sản phẩm Arber.Thiết kế dây gọn dễ sử dụng và mang theo...",1050000,0,0,0,,,Arber
273180939,Ấm siêu tốc 1.7 L Funiki HKT5256 - Bảo hành 14 tháng - Hàng chính hãng, ƯU ĐIỂM SẢN PHẨM: - Đế tiếp điện xoay 360 độ - Bộ phận làm nóng bằng thép không gỉ 304 S giấu kín - Bảo vệ chống sôi khô - Tự động tắt khi nước sôi/cạn nước - Bộ điều khiển Otter của Anh ho...,1150000,0,0,0,,,Funiki
392839,Bình Đun Siêu Tốc Philips HD9303 (1.2 Lít) - Hàng chính hãng,"Thiết kế sang trọng, thân inox cao cấpBình đun siêu tốc Philips HD9303 có thiết kế sang trọng, kích thước gọn nhẹ với thân bình được làm từ inox cao cấp chịu nhiệt, sáng bóng, mang lại sự tiện nghi c...",503000,127000,20,233,,3022.0,Philips
211956974, Ấm siêu tốc ATS1.8GREEN hàng chính hãng bảo hành 12 tháng,"Ấm siêu tốc ATS1.8GREEN  Điện áp : 220-240V, 50-60HzNăng lượng : A+Công suất : 1800-2200WDung tích: 1.8 Lít.Chất liệu : Inox 304, nhựa, sơn Tự ngắt khi sôi, hoặc ấm cạn nướcĐế xoay 3...",949000,0,0,0,,,Arber
392842,Bình Đun Siêu Tốc Philips HD9306 (1.5L) - Hàng chính hãng,"Thân bình bằng thép không gỉ Bình Đun Siêu Tốc Philips HD9306 có thiết kế hiện đại với thân bình được làm từ chất liệu thép không gỉ với độ bền chắc cao, chống ăn mòn và không bị hoen gỉ sau một thời...",553000,196000,26,144,,1240.0,Philips
273185198,Ấm siêu tốc 1.8 L Funiki HKT5252 - Công suất 2200W - Bảo hành 14 tháng - Hàng chính hãng, ƯU ĐIỂM SẢN PHẨM: - Đế tiếp điện xoay 360 độ - Bộ phận làm nóng bằng thép không gỉ 304 S giấu kín - Bảo vệ chống sôi khô - Tự động tắt khi nước sôi/cạn nước - Bộ điều khiển Otter của Anh ho...,860000,0,0,0,,,Funiki
276555520,Ấm Siêu Tốc INOX 2 LỚP 1.7L SUNHOUSE SHD1360 - Hàng Chính Hãng,"Đặc điểm nổi bậtThân ấm 2 lớp chống bỏng: Nhựa cao cấp chống bỏng – Inox 304 an toàn sức khỏeNắp ấm tháo rời, miệng ấm lớn, dễ dàng vệ sinhCông tắc bật/tắt trên tay cầm, dễ dàng sử dụngTự động ng...",420000,0,0,0,,1.0,Sunhouse
273180789,Ấm siêu tốc 1.8 L Funiki HKT5239 - Bảo hành 14 tháng - Hàng chính hãng, ƯU ĐIỂM SẢN PHẨM: - Đế tiếp điện xoay 360 độ - Bộ phận làm nóng bằng thép không gỉ 304 S giấu kín - Bảo vệ chống sôi khô - Tự động tắt khi nước sôi/cạn nước - Bộ điều khiển Otter của Anh ho...,760000,0,0,0,,,Funiki
165256622,Ấm Đun Siêu Tốc Comet CM8218 - Màu Ngẫu Nhiên - Hàng Chính Hãng,"Ấm Đun Siêu Tốc Comet CM8218Ấm đun siêu tốc Comet CM8218 có khả năng đun sôi nước trong một khoảng thời gian rất ngắn giúp bạn tiết kiệm thời gian rất nhiều so với sử dụng cách đun nước thông thường,...",289000,0,0,0,,4.0,Comet
208060792,Bình đun siêu tốc inox CM8217 - Hàng Chính Hãng,"-Bình đun siêu tốc Comet CM8217 bên cạnh những tính năng hữu ích thì còn mang vẻ ngoài đẹp mắt, sang trọng với phần nhựa đen phủ bóng, tạo tính thẩm mỹ cao, phù hợp với mọi không gian bày trí trong gi...",189000,0,0,1,,1.0,Comet
275376673,Ấm Siêu Tốc 2 Lớp Cuckoo Anh Lam Store - Ấm Đun Nước Siêu Tốc Công Suất Lớn 1500W Dung Tích 2.5L - Hàng Chính Hãng Loại 1,"Ấm Siêu Tốc 2 Lớp Cuckoo ANH LAM STORE- Ấm Đun Nước Siêu Tốc Công Suất Lớn 1500W Dung Tích 2.5L Bình Đun Siêu TốcẤm siêu tốc là vật dụng không thể thiếu với mọi gia đình, đặc biệt là những gia đình ...",150000,100000,40,1,,2.0,Anh Lam Store
54716577,Bình Đun Siêu Tốc 2 Lớp Lock&Lock EJK738BLK (1.7L) - Hàng Chính Hãng,"Ấm đun bằng thép không gỉ Lock&Lock, 1.7L màu đen EJK738BLKDung tích: 1.7LCông suất: 1800WChất liệu: Thép không gỉ, nhựa PP cao cấpXuất xứ: Trung QuốcXuất xứ thương hiệu: Hàn QuốcĐế xoay 360...",455000,382000,46,2144,,9573.0,LocknLock
466101,Ấm Đun Siêu Tốc Tiross TS498 1.7L - Hàng chính hãng,Ấm Đun Siêu Tốc Tiross TS498 1.7L Ấm Đun Siêu Tốc Tiross TS498 1.7L có mâm nhiệt và thân ấm bằng thép không gỉ giúp đun nước nhanh sôi hơn. Ấm có chức năng tự động ngắt điện khi nước sôi hoặc cạn n...,799000,0,0,0,,,Tiross
250536059,"Bình đun siêu tốc inox 1,5L CM8215 - Hàng chính hãng","-Bình đun siêu tốc Comet CM8215 bên cạnh những tính năng hữu ích thì còn mang vẻ ngoài đẹp mắt, sang trọng với phần nhựa đen phủ bóng, tạo tính thẩm mỹ cao, phù hợp với mọi không gian bày trí trong gi...",189000,0,0,0,,,Comet
263580125,"Ấm đun nước siêu tốc Elmich 1,8L KEE 1778",...,1036000,554000,35,9,,66.0,Elmich
276480851,"Ấm đun siêu tốc Locknlock Glass electric kettle EJK256BLK - 220-240V, 50-60Hz, 1850-2200W, Dung tích 1.8L- Màu đen - Hàng chính hãng",...,660000,220000,25,4,,26.0,LocknLock
532619,Ấm Siêu Tốc Inox Sunhouse SHD1186 - 1.8L - Hàng chính hãng,"Công suất 1500W mạnh mẽẤm Siêu Tốc Inox Sunhouse SHD1186 - 1.8L với công suất 1500W, ấm đun sẽ cung cấp nước để bạn và người thân có thể sử dụng trong thời gian ngắn nhất từ 3 – 5 phút. Với tính nă...",251000,19000,7,137,,712.0,Sunhouse
22526343,Ấm siêu tốc Daewoo DEK-MF170 (2L) - Hàng chính hãng,"Thiết kế kiểu dáng hiện đại, sang trọngẤm siêu tốc Daewoo DEK-MF170 (2.0L) kiểu dáng ấm rất hiện đại sang trọng với thiết kế hình trụ đứng chắc chắn, mạnh mẽ. Dung tích ấm lớn: Ấm có dung tích thự...",759000,0,0,4,,6.0,Daewoo
684651,Ấm Siêu Tốc Inox Happy Time Sunhouse HTD1081 (1.8 lít)- Hàng chính hãng," Ấm Siêu Tốc Inox Happy Time Sunhouse HTD1081 (1.8 lít) trang bị công suất 1500W giúp bạn nấu nước nhanh hơn, tiết kiệm thời gian và công sức. Phần thân bình được làm từ chất liệu thép không gỉ cao ...",170000,0,0,9,,88.0,Sunhouse
273534266,Ấm Siêu Tốc Thủy Tinh 2.5L Công Suất Lớn 1500W - Ấm Đun Nước Pha Trà Siêu Nhanh - Bình Đun Siêu Tốc Cao Cấp Hàn Quốc - HÀNG CHÍNH HÃNG MINIIN,Ấm Siêu Tốc Thủy Tinh 2.5L Công Suất Lớn 1500W - Ấm Đun Nước Pha Trà Siêu Nhanh - Bình Đun Siêu Tốc Cao Cấp Hàn Quốc - HÀNG CHÍNH HÃNG MINIINẤm Siêu Tốc Thủy Tinh 2.5L Công Suất Lớn 1500W - Ấm Đun N...,127200,0,0,1,,4.0,MINIIN
275865779,Ấm siêu tốc Philips HD9318/00 1.7L Hàng chính hãng,"Ấm siêu tốc Philips bằng nhựa mới với dung tích 1,7 L, tự động mở nắp và đèn báo cho bạn cơ hội dễ dàng pha chế đồ uống yêu thích của mình trong thời gian ngắnBộ phận làm nóng bằng thép không gỉ...",1200000,0,0,1,,1.0,Philips
273351895,Ấm siêu tốc có lọc trà 1.2lít DZE168 Dozzi (Hàng chính hãng),"Ấm đun nước Dozzi Úc với thiết kế vô cùng sang trọng và đẹp mắt sẽ là điểm nhấn riêng biệt cho căn bếp nhà bạn. Thuỷ tinh cực kỳ dày dặn, trong suốt, bền đẹp. Ngoài chức năng là một chiếc ấm đun nước ...",329000,221000,40,1,,7.0,Dozzi
51558757,Ấm Siêu Tốc Inox Happy Time Sunhouse HTD1081 (1.8 lít) - Hàng chính hãng KM," Ấm Siêu Tốc Inox Happy Time Sunhouse HTD1081 (1.8 lít) trang bị công suất 1500W giúp bạn nấu nước nhanh hơn, tiết kiệm thời gian và công sức. Phần thân bình được làm từ chất liệu thép không gỉ cao ...",163000,0,0,0,,,Sunhouse
8072630,Ấm siêu tốc thủy tinh Sunhouse SHD1217 - Trắng - Hàng chính hãng,"Ấm siêu tốc thủy tinh SUNHOUSE SHD1217ĐẶC ĐIỂM NỔI BẬTThân bình trong suốtThân ấm xoay 360 độ, tự động ngắt khi nước sôiMàng lọc chống cạn thông minhThiết kế đèn LED thông minh và thẩm mỹThông...",420000,0,0,0,,9.0,Sunhouse
4701559,Ấm Điện Thủy Tinh Siêu Tốc Có Điều Chỉnh Nhiệt Độ Lock&Lock EJK341 (1.8L) - Hàng chính hãng,"Thiết kế đẹp mắt với dung tích 1.8 lítẤm điện thủy tinh siêu tốc có điều chỉnh nhiệt độ Lock&Lock EJK341 có thiết kế đẹp mắt với hệ thống đèn LED chiếu sáng đặc biệt, nhiệt độ khác nhau thì cho r...",833000,427000,34,2660,,15103.0,LocknLock
73190767,"Ấm siêu tốc thuỷ tinh 1,8lit Lebenlang LBE2819 (hàng chính hãng)", Ấm siêu tốc thủy tinh Lebenlang 1L8 LBE2819  Thông tin sản phẩm :- Model : LBE2819- Thương hiệu : Lebenlang – Đức- Điện áp 220V- Dung tích 1L8- Công suất : 1850-2200W- Tiêu chuẩn chứng nhậ...,459000,141000,24,227,,1024.0,Lebenlang
195189554,Ấm siêu tốc thủy tinh Nagakawa NAG0317 (1.7L - 1355W) - Hàng chính hãng,"THIẾT KẾ ĐỘC ĐÁO, HIỆN ĐẠINhững chiếc Ấm siêu tốc thủy tinh Nagakawa NAG0317 có thiết kế độc đáo và hiện đại, dễ gây ấn tượng ngay từ ánh nhìn đầu tiên. Thân ấm được cấu tạo 2 lớp là thủy tinh trong ...",549000,0,0,1,,1.0,Nagakawa
127586927,Ấm Siêu Tốc Trơn Đạt Tường - DTST02 ; DTST03 - Hàng Chính Hãng,"  * THÔNG SỐ KĨ THUẬT   Chất liệu : Inox ngoại nhập dày 0.04mm   Dung tích : 1,8L   Công suất 1500W   Điện áp 220V - 50Hz.   Mã SP : DTST01   Nhãn hiệu : Công ty CP Sản xuất & Thương mại Đạ...",151000,0,0,0,,,Đạt Tường
19269095,Ấm Siêu Tốc Điện Cỡ Lớn NK Media (5 lít) - Hàng Chính Hãng,Ấm Siêu Tốc Điện Cỡ Lớn NK Media (5 lít) - Hàng Chính HãngĐẶC ĐIỂM NỔI BẬTĐèn báo hiệu bật tắtCó còi kêu báo khi sôiThân ấm điện bằng thép không gỉDung tích âm siêu tốc điện lớn 5 lítThương hiệ...,250000,0,0,39,,392.0,NK Media
272428559,Ấm siêu tốc Elmich KEE 8457 - Hàng Chính Hãng,"1. Màu sắc thời trang, tinh tế phù hợp với mọi không gian bếp.2. Thiết kế theo phong cách Châu Âu vintage thanh lịch tạo điểm nhấn cho không gian bếp3. Dung tích lớn tới 1.8L phù hợp nhu cầu sử d...",658000,332000,34,14,,67.0,Elmich
8072628,Ấm siêu tốc nhựa SUNHOUSE SHD1300 - Hàng Chính Hãng,Ấm siêu tốc nhựa SUNHOUSE SHD1300ĐẶC ĐIỂM NỔI BẬTThân sản phẩm chế tạo bằng nhựa PP nguyên sinh an toàn cho sức khỏeCấu tạo xoay 360 độ thuận tiện khi sử dụngThiết kế đèn LED thông minh và thẩm m...,300000,0,0,1,,14.0,Sunhouse
127586900,Ấm Siêu Tốc 3L Màu Đạt Tường - DTST01 - Hàng Chính Hãng,"  * THÔNG SỐ KĨ THUẬT   Chất liệu : Inox ngoại nhập dày 0.04mm   Dung tích : 1,8L   Công suất 1500W   Điện áp 220V - 50Hz.   Mã SP : DTST01   Nhãn hiệu : Công ty CP Sản xuất & Thương mại Đạ...",230000,0,0,0,,,Đạt Tường
275793114,Ấm siêu tốc Elmich KEE 8456 - Hàng chính hãng, ...,1017000,483000,32,31,,34.0,Elmich
19615163,Ấm siêu tốc Delonghi KBO2001.BK / B Hàng chính hãng (Giao màu ngẫu nhiên),MÔ TẢ SẢN PHẨMKiểm soát mực nước chính xácẤm đun siêu tốc Delonghi KBO2001BK / B có dung tích nước 1.7 Lít và bạn có thể theo dõi dung tích nước này nhờ vào thanh hiển thị mực nước trong suốt nằm bê...,2578000,0,0,0,,,DeLonghi
276901988,Ấm Siêu Tốc Điện Inox 1.8L NK Media MD-ST18 - Hàng Chính Hãng,"MÔ TẢ SẢN PHẨM Siêu Tốc Inox NK Media MD-ST18Siêu tốc inox NK Media MD-ST18 , chất liệu inox xước mờ, dung tích 1L8, công suất 1500W, bảo hành 12 thángĐẶC ĐIỂM NỔI BẬT:Ấm siêu tốc inox- Thiết kế...",116000,0,0,0,,,NK Media
3480333,Bình Đun Siêu Tốc 2 lớp Lock&Lock EJK738WHT (1.7 Lít) - Trắng - Hàng chính hãng,"Thiết kế hiện đại, sang trọngBình Đun Siêu Tốc Lock&Lock EJK738WHT có kiểu dáng mới lạ và không kém phần hiện đại với vẻ ngoài sang trọng. Bình được hoạt động với công suất mạnh mẽ 1800W và trang...",622000,215000,26,2546,,15248.0,LocknLock
275513762,"Ấm đun nước siêu tốc Elmich 1,7L KEE 1774 P - Hàng chính hãng","Thông tin sản phẩm Thông số kỹ thuật Công suất1850~2200WĐiện áp220~240VACDung tích1.7LCông dụngĐun sôi nướcChất liệu2 lớp, vỏ ngoài nhựa PP, đế trong inox 304 đúc li...",731000,268000,27,6,,44.0,Elmich
138914810,Ấm Siêu Tốc Trơn Đạt Tường - DTST02 ; DTST03 - Hàng Chính Hãng - DTST03 - Quai Vểnh,"* THÔNG SỐ KĨ THUẬTChất liệu : Inox ngoại nhập dày 0.04mmDung tích : 1,8LCông suất 1500WĐiện áp 220V - 50Hz.Mã SP : DTST03Nhãn hiệu : Công ty CP Sản xuất và Thương mại Đạt TườngBảo hành : 12 th...",172000,0,0,0,,,Đạt Tường
75740555,Ấm siêu tốc Raika RKST-02 Hàng nhập khẩu,"  Ấm siêu tốc Raika RKST-02- Hàng Chính Hãng có thân ấm siêu tốc làm bằng inox không gỉ cao cấp, sáng bóng, không xỉn màu và đặc biệt là không để lại cặn dưới đáy ấm sau thời gian dài sử dụng.  ...",160000,0,0,0,,1.0,raika
57901956,Bình đun siêu tốc Toshiba KT-15DS1PV - Hàng Chính Hãng," Mẫu mã đơn giản, tinh tế, tiện dụngBình đun siêu tốc Toshiba KT-15DS1PV với màu trắng thanh lịch, kết cấu chắc chắn, góp phần làm tăng tính thẩm mỹ cho gian bếp gia đình. Bình có dung tích 1.5 lít...",949000,0,0,64,,189.0,Toshiba
137552119,Ấm Siêu Tốc Trơn Đạt Tường - DTST02 ; DTST03 - Hàng Chính Hãng - DTS02 - Quai tròn,"* THÔNG SỐ KĨ THUẬTChất liệu : Inox ngoại nhập dày 0.04mmDung tích : 1,8LCông suất 1500WĐiện áp 220V - 50Hz.Mã SP : DTST02Nhãn hiệu : Công ty CP Sản xuất & Thương mại Đạt TườngBảo hành : 12...",145000,0,0,0,,,Đạt Tường
123583109,Ấm siêu tốc Klarstein 1.7l,"Chất liệu thép ko gỉ phủ sơn cao cấp bóng đẹp và bền màu- Bình đun siêu tốc có thân bình được làm từ chất liệu inox với độ bền chắc cao, chống ăn mòn và không bị hoen gỉ sau một thời gian sử dụng. Ch...",1590000,0,0,2,,6.0,Klarstein
11786176,Bình Đun Siêu Tốc Kangaroo KG642 (1.7L) - Hàng chính hãng,"Chất liệu inox siêu bềnBình Đun Siêu Tốc Kangaroo KG642 với thân và ruột bình đun siêu tốc Kangaroo KG642 được làm hoàn toàn bằng Inox SUS304 có khả năng chịu nhiệt cao, không mùi, không gây độc hại...",396000,199000,33,18,,79.0,Kangaroo
273134297,ẤM SIÊU TỐC BEAR 1.5L - HÀNG CHÍNH HÃNG,ẤM SIÊU TỐC BEAR 1.5LTHÔNG SỐ:- Tên sản phẩm: Ấm đun nước siêu tốc Bear- Model: ZDH-Q15U8- Thương hiệu: Bear.- Ngành hàng: Thiết bị gia dụng- Năm sản xuất: 2023- Chất liệu: thép không gỉ cao cấp...,497000,48000,9,0,,1.0,Bear
263580125,"Ấm đun nước siêu tốc Elmich 1,8L KEE 1778",...,1036000,554000,35,9,,66.0,Elmich
449796,Ấm Siêu Tốc Inox Sunhouse SHD1182- Hàng chính hãng,Công suất 1500WẤm đun siêu tốc Sunhouse SHD1182 hoạt động với mâm nhiệt công suất lên đến 1500W giúp đun sôi nước chỉ trong vài phút. Không cần mất nhiều thời gian chờ đợi mà sẽ nhanh chóng có ngay b...,229000,0,0,0,,2.0,Sunhouse
201067576,"Ấm Siêu Tốc DELONGHI KBOV 2001 GR Cổ Điển Sang Trọng, Nhập Khẩu Đức, Dung Tích 1.7L, Đun Siêu Nhanh Công Suất 2000 W - Hàng Nhập Khẩu","Ấm Siêu Tốc DeLonghi KBOV2001.GR 1.7LDelonghi là thương hiệu đến từ đất nước xinh đẹp và đầy thơ mộng của Ý, là thương hiệu được áp dụng các công nghệ tiên tiến hiện đại hàng đầu vào sản phẩm và được...",2490000,0,0,0,,1.0,DeLonghi
138914860,Ấm Siêu Tốc Trơn Đạt Tường - DTST02 ; DTST03 - Hàng Chính Hãng - DTST02 - Quai Tròn,"* THÔNG SỐ KĨ THUẬTChất liệu : Inox ngoại nhập dày 0.04mmDung tích : 1,8LCông suất 1500WĐiện áp 220V - 50Hz.Mã SP : DTST02Nhãn hiệu : Công ty CP Sản xuất và Thương mại Đạt TườngBảo hành : 12 th...",162000,0,0,0,,,Đạt Tường
249457351,Ấm Siêu Tốc 2 Lớp Inox Sunhouse SHD1351 1.8L Hàng Chính Hãng - Sản Phẩm Cần Thiết Cho Mọi Gia Đình,Dung tích:  1.8 lítMàu sắc:  XanhĐiện áp:  220V~/50HzCông suất:  1500 WNắp ấm:  Nhựa chịu nhiệt siêu bềnTay cầm:  Nhựa chịu nhiệt siêu bềnNút mở : Nút ấn tại nắpCông tắc nguồn:  Nút bấmRơ-le:  Tự động...,284000,0,0,0,,1.0,Sunhouse
276042557,Bình đun siêu tốc Kangaroo KGWK18I2 - Hàng chính hãng,"Bình đun siêu tốc Kangaroo KGWK18I2 có thiết kế nhỏ gọn, dễ sử dụng với các thao tác đơn giản. Dung tích 1.8 lít phù hợp sử dụng tại văn phòng , gia đình phục vụ đa dạng nhu cầu pha sữa, cà phê, nấu m...",186000,74000,28,0,,16.0,Kangaroo
273493707,Ấm siêu tốc Delonghi KBO2001.B / R (Hàng chính hãng)," KBO2001.BVới thiết kế mâm nhiệt có công suất 2000W và bình được làm bằng chất liệu thép không gỉ, rất bền làm tăng khả năng đun sôi nước cho hiệu quả gia nhiệt tối ưu mà tiết kiệm điện năng tối đ...",2150000,0,0,0,,,DeLonghi
193146069,Ấm Điện Siêu Tốc Rạng Đông 1.7 Lít Chính Hãng,"  Ấm Điện Siêu Tốc Rạng Đông 1.7 Lit, Đun Siêu Tốc, Tự Động Ngắt Khi Nước Sủi, Độ An Toàn Cao, Đạt Tiêu Chuẩn Về An Toàn   Dung tích: 1,7 lítCông suất: 1500WĐiện áp: 220V/50Hz   Tần số danh định: 5...",485000,0,0,0,,,Rạng Đông
275867883,Ấm siêu tốc Philips HD9395/90 Hàng chính hãng,"Bình đun có dung tích 1.7 lít phù hợp sử dụng cho gia đình nhỏCông suất 2200W nấu nước nhanh chóng, tiết kiệm thời gianRuột bình bằng inox 304 bền bỉ, an toàn cho sức khỏe người sử dụngĐế tiếp điện...",1090000,0,0,0,,,Philips
252053212,Ấm Siêu Tốc 2 Lớp Inox Sunhouse SHD1351 1.8L Hàng Chính Hãng - Sản Phẩm Cần Thiết Cho Mọi Gia Đình,Dung tích:  1.8 lítMàu sắc:  XanhĐiện áp:  220V~/50HzCông suất:  1500 WNắp ấm:  Nhựa chịu nhiệt siêu bềnTay cầm:  Nhựa chịu nhiệt siêu bềnNút mở : Nút ấn tại nắpCông tắc nguồn:  Nút bấmRơ-le:  Tự động...,229976,0,0,0,,4.0,Sunhouse
249220007,ẤM SIÊU TỐC DELONGHI KBOV 2001 AZ Hàng Chính Hãng,"Ấm siêu tốc Delonghi KBOV 2001 thiết kế sang trọng, tinh tế và mang phong cách. Ấm siêu tốc có dung tích 1,7 lít và thân bằng thép không gỉ được sơn. Các tính năng của ấm đun nước: đế kết nối 360 độ, ...",2690000,0,0,0,,,DeLonghi
630207,Bình Đun Siêu Tốc Sunhouse HTD1088 (1.8 lít) - Hàng chính hãng,"Mẫu mã đơn giản, tinh tế, tiện dụngBình Đun Siêu Tốc Sunhouse HTD1088 có thân ấm làm bằng thép không gỉ cao cấp, sáng bóng, không xỉn màu và đặc biệt là không để lại cặn dưới đáy ấm sau thời gian dài...",175000,45000,20,1030,,9633.0,Sunhouse
274793000,Bình đun siêu tốc Philips 1.7 lít HD9395/90 - Hàng chính hãng,"Bình đun siêu tốc Philips 1.7 lít HD9395/90Công suất: 2200 WDung tích: 1,7 lítBình đun hai lớp có lớp cách nhiệtBảo vệ chống sôi khô với hệ thống điều khiển StrixThép không gỉ, thích hợp cho thự...",979000,420000,30,10,,41.0,Philips
263558488,Bình đun siêu tốc inox cao cấp tiết kiệm điện [Hàng Chính Hãng],"ẤM SIÊU TỐC INOX BIGSUN- Bình đun siêu tốc Bigsun 1,8 lít có vỏ ngoài chống nhiệt và ruột bình được làm từ chất liệu inox, không tương tác hóa học với nước uống trong quá trình sử dụng, đảm bảo an to...",150000,0,0,0,,,Bigsun
45878476,Ấm Đun Siêu Tốc Tiross TS495 1.7L - Hàng chính hãng," TÍNH NĂNG NỔI BẬTThiết kế sang trọngVỏ ấm được làm bằng chất liệu thủy tinh trong suốt kết hợp với gam màu đen bạc ở thân và tay cầm, vừa tạo độ bền vừa mang lại nét sang trọng cho sản phẩm. Đặc biệt...",429000,0,0,0,,3.0,Tiross
22631769,Bình Đun Siêu Tốc Kangaroo KG17K1 (1.7 Lít) - Hàng Chính Hãng,"Tổng quan sản phẩmBình đun nước siêu tốc Kangaroo 1.7L KG17K1 xứng đáng là thiết bị nhà bếp không thể thiếu đối với các gia đình cần sử dụng nước nóng thường xuyên như pha trà, nấu mì, pha sữa, đun n...",508000,182000,26,0,,6.0,Kangaroo
275376673,Ấm Siêu Tốc 2 Lớp Cuckoo Anh Lam Store - Ấm Đun Nước Siêu Tốc Công Suất Lớn 1500W Dung Tích 2.5L - Hàng Chính Hãng Loại 1,"Ấm Siêu Tốc 2 Lớp Cuckoo ANH LAM STORE- Ấm Đun Nước Siêu Tốc Công Suất Lớn 1500W Dung Tích 2.5L Bình Đun Siêu TốcẤm siêu tốc là vật dụng không thể thiếu với mọi gia đình, đặc biệt là những gia đình ...",150000,100000,40,1,,2.0,Anh Lam Store
275008215,Bình đun siêu tốc GL-0018C 1.8 lít-  Hàng chính hãng,"Đặc điểm- Điện áp 220V/50Hz/ 1800W/ 1.8L- Thân bằng Inox (SUS 304) , không bị phôi nhiễm, an toàn cho sức khỏe.- Dây dẫn điện 100% bằng đồng.- Tự động ngắt điện khi nước sôi hoặc trong ấm không có...",500000,0,0,0,,,Gali
277745069,Ấm siêu tốc Bosch TWK2M163 Hàng chính hãng,"Ấm đun nước Bosch TWK2M163 màu đen - dung tích 1,7L - cái tên không còn xa lạ với những ai yêu thích đồ gia dụng cao cấp Đức  Ấm siêu tốc với công suất 2400W đun nước cực nhanh, với lượng nước tối đa ...",1690000,0,0,0,,,Bosch
193146869,Ấm Điện Siêu Tốc Rạng Đông 1.8 Lít Chính Hãng,"  Ấm Điện Siêu Tốc Rạng Đông 1.8 Lít Thân Inox 304 Không Phản Ứng Hóa Học, An Toàn Điện Cao, Đạt Tiêu Chuẩn An Toàn   Dung tích: 1,8 lítCông suất: 1450WĐiện áp: 220V/50HzChất liệu Inox 304 cao cấp, ...",210000,0,0,0,,,Rạng Đông
178951574,Bình đun siêu tốc Bennix BN-008EK - 950W 0.8L- Hàng chính hãng,Ấm đun siêu tốc mini Bennix BN-008EK dung tích 0.8LTên sản phẩm: Ấm đun điện siêu tốc mini- Moel: BN-008EK- Thương hiệu: Bennix- Dung tích: 0.8 lít- Công suất: 950W- Điện áp: 220V -50Hz- Màu sắc: Đen...,399000,0,0,0,,1.0,Bennix
26425457,Bình đun siêu tốc 1.2L Tefal KI431D10 - 1800W - Hàng chính hãng,"Công suất mạnh mẽ, dung tích lớnBình Đun Siêu Tốc Tefal KI431D10 là dòng sản phẩm thuộc thương hiệu gia dụng nổi tiếng tại Pháp - Tefal, sản phẩm luôn được người tiêu dùng ưa thích bởi chất lượng tốt...",565000,134000,19,0,,,Tefal
91820885,  Ấm Điện Siêu Tốc Rạng Đông 1.8 Lít Chính Hãng,"Ấm Điện Siêu Tốc Rạng Đông 1.8 Lít Thân Inox 304 Không Phản Ứng Hóa Học, An Toàn Điện Cao, Đạt Tiêu Chuẩn An ToànDung tích: 1,8 lítCông suất: 1450WĐiện áp: 220V/50HzChất liệu Inox 304 cao cấp, mang l...",218000,0,0,0,,2.0,Rạng Đông
250555809,"Bình đun siêu tốc inox 1,8L CM8217 - Hàng chính hãng","-Bình đun siêu tốc Comet CM8217 bên cạnh những tính năng hữu ích thì còn mang vẻ ngoài đẹp mắt, sang trọng với phần nhựa đen phủ bóng, tạo tính thẩm mỹ cao, phù hợp với mọi không gian bày trí trong gi...",209000,0,0,0,,,Comet
392857,Bình Đun Siêu Tốc Philips HD9316 (1.7L) - Hàng chính hãng,"Thân bình 2 lớp bằng chất liệu thép không gỉ Bình Đun Siêu Tốc Philips HD9316 có thiết kế đột phá từ bình đun hình tròn truyền thống, thân bình thẳng đứng phong cách với với 2 lớp và được làm bằng ch...",1080000,162000,13,11,,49.0,Philips
160561177,Bình đun siêu tốc Tefal KI800D68 - 1.7L - inox - Hàng chính hãng,"Dung tích 1.7 lít đáp ứng tốt nhu cầu sử dụng cho gia đình 4 - 6 người hoặc văn phòng, dùng pha trà, cà phê,Bình đun siêu tốc có công suất 1800W giúp nấu sôi nước nhanh trong vòng 5 - 7 phút, tiết k...",590000,0,0,0,,,Tefal
274636620,"Ấm Siêu Tốc Inox 1,8 Lít Hâm Sôi Siêu Nhanh - Bình Siêu Tốc Inox Tốt Cho Tình Trạng Sức Khỏe Người Sử Dụng - Hàng Nhập Khẩu","Ấm đun nước siêu tốc inox cao cấp dung tích 1,8L là sản phẩm đa năng được mọi người sử dụng, nó có thể dùng để đựng nước nóng, đun nước để pha trà, pha cà phê, nấu mì vô cùng tiện dụngThông số kỹ thu...",72000,0,0,1,,23.0,fofaHome
392842,Bình Đun Siêu Tốc Philips HD9306 (1.5L) - Hàng chính hãng,"Thân bình bằng thép không gỉ Bình Đun Siêu Tốc Philips HD9306 có thiết kế hiện đại với thân bình được làm từ chất liệu thép không gỉ với độ bền chắc cao, chống ăn mòn và không bị hoen gỉ sau một thời...",553000,196000,26,144,,1240.0,Philips
71869440,Ấm siêu tốc thủy tinh Sunhouse SHD1215 - Hàng Chính Hãng,"Ấm siêu tốc thủy tinh 1.8 L SUNHOUSE SHD1215 có thiết kế vô cùng sang trọng, tinh tế với thân bình trong suốt đặc biệt. Màng lọc chống cặn thông minh giúp an toàn sử dụng, dung tích lớn cung cấp ...",322000,0,0,1,,1.0,Sunhouse
277487800,"Ấm Siêu Tốc Văn Phòng Mini Thái Lan 0,8L - Bình Đun Siêu Tốc bé HÀNG CHÍNH HÃNG","Ấm siêu tốc mini Thái Lan KN-208 dung tích 0.8 Lít, bình đun siêu tốc, ấm đun nước nhanhTHÔNG SỐ KỸ THUẬT– Công suất: 850W– Màu sắc: Đen/ Trắng– Bảo hành : 12 thángModel mới 2024 rất đẹpƯu điểm Ấm si...",280000,0,0,1,,10.0,KORENO
125632855,Ấm siêu tốc thủy tinh đa năng Nagakawa NAG0316 (1.8 Lít) - Hàng chính hãng,"Tích hợp 12 chức năng tiện dụngẤm siêu tốc thủy tinh đa năng Nagakawa NAG0316 ngoài tiện ích đun nước còn được tích hợp 12 chức năng tiện dụng: pha các loại trà, chưng yến, nấu canh, nấu cháo, luộc t...",569000,0,0,4,,20.0,Nagakawa
160584223,Ấm Đun Nước Siêu Tốc 1.8L Tiện Dụng - Bình INOXInnox + nhựa - Hàng Chính Hãng,Ấm đun nước siêu tốc 1.8L là sản phẩm có công suất lớn 1800W nên có thể đun sôi nước trong thời gian rất ngắn. Cùng với dung tích 1.8 lít sản phẩm này phù hợp với đại đa số các gia đình hay các phòng ...,199000,0,0,1,,1.0,FTAKY
273671470,ẤM SIÊU TỐC DELONGHI KBOC2001.W Icona Hàng chính hãng,"Ấm siêu tốc Delonghi KBOC2001.W thiết kế sang trọng, tinh tế và mang phong cách. Ấm siêu tốc có dung tích 1,7 lít và thân bằng thép không gỉ được sơn. Các tính năng của ấm đun nước: đế kết nối 360 độ,...",3190000,0,0,0,,,DeLonghi
252641117,Ấm Siêu Tốc Ritter Fontana Nhập Đức Hàng Chính Hãng,Ritter là một thương hiệu của vùng Bavaria Đức được thành lập vào năm 1905 với truyền thống hơn 110 năm họa động trong lĩnh vực sản xuất các thiết bị gia dụng giúp cuộc sống hàng ngày trở nên dễ dàng ...,4990000,0,0,0,,,Ritter
134755974,Ấm siêu tốc LEBENLANG LBL2879 bằng thủy tinh chịu nhiệt - hành chính hãng,"Ấm siêu tốc LEBENLANG LBL2879 bằng thủy tinh chịu nhiệt - hành chính hãng   - Dung tích: 1.7L- Công suất: 1850W-2200W- Chất liệu: Thủy tinh, Inox, nhựa PP cao cấp. Không chứa BPA- Đế xoay 360 đ...",389000,200000,34,36,,170.0,LEBEN LANG
133775669,"Bình đun siêu tốc dung tích 2.3 Lít, ấm siêu tốc Inox 2 lớp chống phỏng đun nước siêu nhanh Ladomax HA-886 - Hàng chính hãng","Bình đun siêu tốc, ấm siêu tốc Inox 2 lớp chống phỏng đun nước siêu nhanh Ladomax HA-886 2.3L️Thân ấm 2 lớp CHỐNG BỎNG: Lớp bên trong làm từ inox 304 có độ bền cao, đun sôi nhanh và dễ vệ sinh. Lớp n...",324000,0,0,0,,2.0,Ladomax
449721,Ấm Siêu Tốc Thủy Tinh Sunhouse SHD1217- Hàng chính hãng,"Ấm Siêu Tốc Thủy Tinh Sunhouse SHD1217 (đen, trắng)  Ấm Siêu Tốc Thủy Tinh Sunhouse SHD1217 với thiết kế hoàn toàn mới với ruột bình bằng thủy tinh chịu nhiệt mang lại sự sang trọng và cao cấp ...",529000,0,0,0,,,Sunhouse
276527530,Ấm siêu tốc Lumias K316W PRO Hàng chính hãng,Tên sản phẩmẤm siêu tốc Lumias K316W PROModelK316W PROMàu sắcTrắngDung tích1.7LCông suất1850-2200WĐiện áp220-240VTần số50/60HzChất liệuThân ấm SUS304Tiện íchNắp ấm ...,690000,0,0,0,,,Lumena
275882488,Ấm Siêu Tốc Philips HD9359/90 1.7L Hàng chính hãng,Chuẩn bị nước nóng một cách nhanh chóng và tiện ích với Ấm Siêu Tốc Philips HD9359/90 1.7L để bắt đầu một ngày mới với những thức uống tuyệt vời4 nút cài sẵn để chọn thức uống và nguyên liệu yêu thíc...,2990000,0,0,0,,,Philips
276940011,"Ấm siêu tốc ELECTRIC KETTLE 1.8L - Ruột ấm  bằng inox cao cấp không gỉ,  Tay cầm cách nhiệt - Công suất lớn 1500W  Hàng chính hãng",ẤM ĐUN NƯỚC SIÊU TỐC INOX 1.8L TIỆN DỤNGẤm Siêu Tốc 2 lớp thông minh giúp bạn đun nước sôi một cách nhanh chóng và dễ dàng. Mỗi sáng bạn chỉ mất ít phút là có ngay một tách cafe và một tô mì ăn liền ...,120000,30000,20,0,,,Electric Cooking Pot
230081858,Ấm siêu tốc Arber AST1.5B dung tích 1.5l hàng chính hãng,"Ấm siêu tốc AST1.5BĐiện áp : 220-240V, 50-60HzNăng lượng : A+Công suất : 1500-1800WDung tích: 1.5 Lít.Điều khiển : Cảm ứng Hiện thị : Màn hình LedChất liệu : Inox 304, nhựa, sơn Tự ngắt khi sô...",1250000,0,0,0,,,Arber
45092036,Ấm siêu tốc Cloer 4529 - Hàng Chính Hãng,Màu sắc                 : Bạc InoxModel                     : 4529Loại máy                : Ấm siêu tốcXuất xứ                  : GermanyCông suất              : 1850-2200WDung tích             ...,1870000,0,0,0,,,Cloer
193006979,Ấm siêu tốc inox 3 lớp Mitomo ST-631 (1.7L) - Hàng chính hãng,Ấm đun nước siêu tốc 3 lớp cao cấp inox 304 Mitomo ST-631 (1.7L) (bảo hành 24 tháng)                          Đặc điểm nổi bật của ấm đun siêu tốc Mitomo ST-631 (1.7L) chính hãng+Kiểu dáng hiện đại...,979000,0,0,0,,,Mitomo
22631769,Bình Đun Siêu Tốc Kangaroo KG17K1 (1.7 Lít) - Hàng Chính Hãng,"Tổng quan sản phẩmBình đun nước siêu tốc Kangaroo 1.7L KG17K1 xứng đáng là thiết bị nhà bếp không thể thiếu đối với các gia đình cần sử dụng nước nóng thường xuyên như pha trà, nấu mì, pha sữa, đun n...",508000,182000,26,0,,6.0,Kangaroo
217085311,Bình đun siêu tốc Bear ZDH-B15T1 - Hàng chính hãng,"Bình đun siêu tốc Bear ZDH-B15T1Thiết kế nhỏ gọn, tích hợp bộ cảm biến nhiệt StrixCông suất 1500WDung tích: 1.5 lítChất liệu: Lõi ấm Inox 304 cao cấpChống cháy cạn, chống cháy khi quá nhiệt, ngắt điệ...",590000,0,0,0,,,Bear
73569771,"Ấm Siêu Tốc Inox 4L Fujika FJ-SD35 Phun Sơn Tĩnh Điện Công Suất 1500W Tiết Kiệm Điện Cho Quán,Nhà Hàng-Hàng Chính Hãng",THÔNG SỐ KỸ THUẬTTên sản phẩm: Ấm siêu tốc Inox 4L đế liền Fujika FJ-SD35Thương hiệu: FUJIKA Loại sản phẩm: ấm đun siêu tốc/ấm đun dung tích lớn/ấm đun siêu tốc cho quán/ấm đun siêu tốc 4LĐiện áp: ...,280000,0,0,4,,13.0,FUJIKA
275853023,"ẤM SIÊU TỐC PHILIPS VIVA HD9316, DUNG TÍCH 1.7 LÍT Hàng chính hãng",Chi tiết: Ấm siêu tốc đa năng Philips Viva HD9316Ấm siêu tốc với tốc độ đun sôi nước rất nhanhThân bằng thép không gỉ siêu bền SUS304Đối với nước đã đun sôi bạn có thể cài đặt nhiệt độ nước đ...,860000,0,0,0,,1.0,Philips
73603606,"Ấm Siêu Tốc Inox 5L Fujika FJ-SD50 Công Suất 1500W Tiết Kiệm Điện Cho Quán,Nhà Hàng,Nhà Đông Người-Hàng Chính Hãng",THÔNG SỐ KỸ THUẬTTên sản phẩm: Ấm siêu tốc Inox 5L đế liền Fujika FJ-SD50Model: FJ-SD50Thương hiệu: FUJIKALoại sản phẩm: ấm đun siêu tốc/ấm đun dung tích lớn/ấm đun siêu tốc cho quán/ấm đun siêu t...,249000,0,0,29,,82.0,FUJIKA
225909317,Bình đun siêu tốc Sharp 1.7 lít EKJ-17EVSD-WD - Hàng chính hãng,Đặc điểm sản phẩmModel:EKJ-17EVSD-WDMàu sắc:ĐenNhà sản xuất:SharpXuất xứ:Trung QuốcNăm ra mắt :2019Thời gian bảo hành:12 ThángĐịa điểm bảo hành:Nguyễn KimDung tích ấm - bình:1.7 Lí...,600000,90000,13,0,,,Sharp
49034451,Bình Đun Siêu Tốc Sharp EKJ-17EVSD-WD (1.7 lít) - Hàng Chính Hãng,"Công suất mạnh mẽBình Đun Siêu Tốc Sharp EKJ-17EVSD-WD với công suất 1850 – 2200 W đun nước sôi nhanh trong 5 – 7 phút, người dùng không cần chờ lâu để sử dụng nước nóng từ bình, giúp bạn tiết kiệm t...",600000,90000,13,0,,,Sharp
207192414,"Ấm Siêu Tốc SATO 17ST48 1.8L - Thân ấm bằng inox 304 cao cấp không gỉ, an toàn sử dụng - Miễn phí vận chuyển toàn quốc - Hàng chính hãng","Đặc điểm nổi bậtThân ấm bằng inox 304 cao cấp không gỉ, an toàn sử dụng.Dung tích 1.8L, đế xoay 360 độ tiện dụng.Công suất 1500W đun sôi nước nhanh chóng.Tự động ngắt điện khi nước sôi hoặc khi ấ...",370000,0,0,0,,1.0,SATO
275077893,Bình đun siêu tốc Sharp 1.7 lít EKJ-17EVSD-WD - Hàng chính hãng,THÔNG SỐ KỸ THUẬT:Công suất: 1850 - 2200WDung tích: 1.7 lítChất liệu ruột bình: Inox cao cấp 304Chất liệu vỏ bình: Inox cao cấp 304Đế tiếp điện: StrixThương hiệu của: Nhậ...,595000,295000,33,0,,,Sharp
193006483, Bình Siêu tốc inox 3 lớp Mitomo ST-631 ( 1.7L) - Hàng chính hãng,Ấm đun nước siêu tốc 3 lớp cao cấp inox 304 Mitomo ST-631 (1.7L) (bảo hành 24 tháng)                          Đặc điểm nổi bật của ấm đun siêu tốc Mitomo ST-631 (1.7L) chính hãng+Kiểu dáng hiện đại...,979000,0,0,0,,,Mitomo
274685522,"Ấm đun siêu tốc thông minh 1,7L model AST17P1.S điều khiển qua app điện thoại, cài đặt hẹn giờ, giữ mức nhiệt độ - Hàng chính hãng Rạng Đông",...,1481900,635100,30,0,,1.0,Rạng Đông
153515407,Bình Đun Siêu Tốc Thủy Tinh Ariete 1.7L MOD.2874 - Ý - Hàng Chính Hãng,"Bình đun siêu tốc thủy tinh 1.7 lít Ariete MOD.2874Công suất: 2200WĐế cắm không dâyNgắt nguồn tự độngThể tích 1,7LNgăn chứa dây điện ở đế cắmĐế cắm không dây 360 độ (xoay linh hoạt)Thương hiệu ...",1000000,0,0,0,,,Ariete 
236080379,Bình đun siêu tốc Sharp 1 lít EKJ-10DVPS - Hàng chính hãng,"Bình đun siêu tốc Sharp 1 lít EKJ-10DVPSDung tích: 1 LítCông suất: 1260 – 1500WChất liệu ruột và vỏ: Ruột bình inox cao cấp 304,Nhựa PBATiện ích: Cột hiển thị mực nước, Lưới lọc cặn, Đèn hoạt động...",449000,50000,10,0,,2.0,Sharp
276480851,"Ấm đun siêu tốc Locknlock Glass electric kettle EJK256BLK - 220-240V, 50-60Hz, 1850-2200W, Dung tích 1.8L- Màu đen - Hàng chính hãng",...,660000,220000,25,4,,26.0,LocknLock
136978823,Ấm đun nước siêu tốc điều chỉnh nhiệt độ MR6070 1800W - Dung tích 1.5 lít - Thương hiệu Morphy Richards - HÀNG NHẬP KHẨU,Ấm đun nước siêu tốc điều chỉnh nhiệt độ MR6070 1800W - Dung tích 1.5 lít - Thương hiệu Morphy Richards - HÀNG NHẬP KHẨU Morphy Richards là một công ty nổi tiếng về các thiết bị điện tử có trụ sở đặ...,1597000,0,0,0,,,morphy richards
274815129,"Ấm Siêu Tốc WMF STELIO Kettle 1.7L Hàng Chính Hãng, Công suất 2400W, Tự Ngắt Khi Sôi, Có Khóa An Toàn - 0413020012"," Ấm Siêu Tốc WMF STELIO Kettle 1.7L Hàng Chính Hãng, Tự Ngắt Khi Sôi, Có Khóa An Toàn - 0413020012 THÔNG TIN SẢN PHẨM: - Thương hiệu: WMF - Mã sản phẩm: 0413020012 - Công suất: 2400W - Điệ...",1590000,0,0,0,,,WMF
275012994,Ấm Siêu Tốc Caso Selection WK 2200 1.7L có chỉnh nhiệt Hàng chính hãng,"Ấm siêu tốc Caso Selection WK 2200 1.7L có thiết kế sang trọng và hiện đại với màu đen tuyền và các chi tiết mạ vàng tinh tế. Với dung tích 1.7L, sản phẩm này có thể đáp ứng nhu cầu sử dụng của cả gia...",1690000,0,0,0,,,Caso
278047237,Bình đun siêu tốc Mishio MK403 dung tích 1.8L vỏ nhựa cách nhiệt chống bỏng - hàng chính hãng,"Đặc điểm nổi bật:Dung tích 1.8 lít – Phù hợp cho gia đình 3–5 người, pha trà, cà phê hay nấu mì đều tiện lợi.Công suất mạnh mẽ 1800W – Giúp đun nước siêu tốc, tiết kiệm thời gian và ...",249000,0,0,0,,,Mishio
210273985,"Bình đun nước siêu tốc  Electrolux  1,5L EEK1303K - Dễ dàng vệ sinh, an toàn khi sử dụng - Bảo hành 2 năm toàn quốc [Hàng chính hãng]","Dễ dàng vệ sinhLưới lọc cặn ngay miệng bình có thể tháo rời sau thời gian sử dụng và vệ sinh thật dễ dàng dưới vòi nước. Dung tích bình 1,5LVới dung tích cho 1 lần nấu là 1.5L phù hợp...",619000,81000,12,0,,,Electrolux
273095920,Ấm Đun Nước Siêu Tốc 2 Lớp BlueStone KTB-3466 (1.5 Lít - 1850-2200W ) - Nút cảm ứng - Đèn LED hiển thị nhiệt độ - Bảo hành 2 năm - Hàng chính hãng,"Ấm siêu tốc BlueStone KTB-3466Ấm đun siêu tốc BlueStone KTB-3466 dung tích 1.5 lít, công suất lớn 2200W, thiết kế đen nhám nguyên khối cực đẹp, cảm ứng có đèn led, có thể tự ngắt khi nước sôi, khi c...",779000,420000,35,2,,14.0,Bluestone
169417287,Bình đun siêu tốc Sharp 1.7 lít EKJ-17EVPS - Hàng chính hãng,Công suất: 1850 - 2200 WDung tích: 1.7 lítChất liệu ruột bình: Inox cao cấp 304Chất liệu vỏ bình: Nhựa PP (không chứa BPA)Đế tiếp điện: FadaChế độ an toàn: Tự ngắt khi nước sôi và khi cạn nướcC...,610000,0,0,10,,34.0,Sharp
273703586,"Ấm Siêu Tốc HASUKA HSK-222 dung tích 2L, công suất 1850-2200W- Lớp bên trong làm từ inox 304 thiết kế tay cầm cách nhiệt - HÀNG CHÍNH HÃNG","“SẢN PHẨM CỦA CÔNG TY CỔ PHẦN QUÝ PHÁT ĐƠN VỊ 2 NĂM LIÊN TIẾP ĐƯỢC THỦ TƯỚNG CHÍNH PHỦ TRAO TẶNG GIẢI THƯỞNG CHẤT LƯỢNG QUỐC GIA”  Ấm Siêu Tốc HASUKA HSK-222 dung tích 2L, công suất 1850-2200W- L...",868000,0,0,0,,,HASUKA
274908674,Bình đun siêu tốc Bluestone KTB-3466 - Hàng chính hãng,Bình đun siêu tốc Bluestone KTB-3466Công suất: 1850W - 2200WDung tích: 1.5LChất liệu thân ấm: 2 lớp. Bên ngoài nhựa cao cấp PP -Bên trong: Inox 304Bộ điều khiển: Strix cao cấp của AnhkMâm nhiệt...,1199000,0,0,0,,,Bluestone
6833801,"Bình đun siêu tốc thủy tinh 1,7 lít Ariete MOD. 2874 - Hàng chính hãng","Công suất: 2200WĐế cắm không dâyNgắt nguồn tự độngThể tích 1,7LNgăn chứa dây điện ở đế cắmĐế cắm không dây 360 độ (xoay linh hoạt)"" ...",789000,211000,21,0,,,Ariete 
143357211,"Ấm đun siêu tốc 2.5L Ladomax thiết kế 2 lớp với vỏ nhựa ABS, lòng ấm inox 304 đúc nguyên khối (888 - Màu đồng) - Hàng chính hãng",THÔNG SỐ KỸ THUẬT- Điện áp: 220V - 50Hz- Công suất: 1500W- Dung tích: 2.5L- Thiết kế thân ấm: Ấm 2 lớp- Chất liệu lòng ấm: Inox 304 nguyên khối- Chất liệu vỏ ấm: Nhựa ABS bóng- Đế ấm: Đế rời- ...,285000,0,0,1,,1.0,Ladomax
276903969,"Bình Đun, Ấm đun siêu tốc cao cấp Thiên Quang 1.8L inox phay xước công suất cao 1500W - Hàng Chính Hãng","1. Ưu điểm của sản phẩm Ấm đun siêu tốc giữ nhiệt cao cấpChất liệu inox phay xước cao cấp và vỏ thép không gỉ giúp cách nhiệt, cách điện, an toàn tuyệt đối trong quá trình sử dụngDung tích lớn lên ...",224000,0,0,0,,,Thiên Quang
197164368,"Ấm đun nước siêu tốc cao cấp Morphy Richards MR7456A dung tích 1,5 lít, công suất 1850W- Hàng chính hãng","Ấm đun nước siêu tốc cao cấp Morphy Richards MR7456AMorphy Richards là một công ty nổi tiếng về các thiết bị điện tử có trụ sở đặt tại Swinton, Nam Yorkshire - Anh. Hiện nay, các sản phẩm từ thương ...",2237000,0,0,0,,,morphy richards
273380031,Ấm Đun Nước Siêu Tốc 2 Lớp Inox 304 Bennix BN-008EK (800ml)- Hàng Chính Hãng,"Ấm Đun Nước Siêu Tốc 2 Lớp Inox 304 Bennix BN-008EK (800ml)- Hàng Chính Hãng1. ƯU ĐIỂM CỦA SẢN PHẨM- Thiết kế đẹp và sang trọng, sử dụng Inox 304 cao cấp không bị gỉ, bị căn khoáng bên trong.- Dung...",320000,0,0,0,,1.0,Bennix
263576664,Ấm điện siêu tốc Sowun SW 1627 -  Hàng chính hãng,"Đặc điểm kỹ thuật nổi bật: - Thương hiệu: Sowun- Model: SW 1627- Ấm siêu tốc màu đen được tráng bạc sang trọng trên thân ấm- Lòng ấm chất liệu inox cao cấp chống cặn- Thân ấm không dây, dễ di chu...",295000,0,0,0,,,Sowun
263639151,Ấm điện siêu tốc Sowun SW 1629 - Hàng chính hãng,Đặc điểm kỹ thuật nổi bật: - Thương hiệu: Sowun- Model: SW 1629- Ấm siêu tốc màu sắc sang trọng trang nhã gồm 02 màu xanh và đỏ- Lòng ấm chất liệu inox nguyên khối cao cấp chống cặn- Thân ấm không ...,420000,0,0,0,,,Sowun
11786176,Bình Đun Siêu Tốc Kangaroo KG642 (1.7L) - Hàng chính hãng,"Chất liệu inox siêu bềnBình Đun Siêu Tốc Kangaroo KG642 với thân và ruột bình đun siêu tốc Kangaroo KG642 được làm hoàn toàn bằng Inox SUS304 có khả năng chịu nhiệt cao, không mùi, không gây độc hại...",396000,199000,33,18,,79.0,Kangaroo
112448930,Bình Đun Siêu Tốc Kangaroo KG20SK3 (2.0 Lít) - Hàng Chính Hãng,"Chất liệu InoxBình Đun Siêu Tốc Kangaroo KG20SK3 có thân và ruột bình đun siêu tốc được làm bằng chất liệu Inox 201, có khả năng chịu nhiệt cao, không mùi, an toàn cho người sử dụng, Ruột bình bằng t...",299000,0,0,4,,17.0,Kangaroo
278098734,"Bình đun siêu tốc 2 lớp Comet CM8226 – Hàng chính hãng -  Dung tích 1.8L, công suất 1500W, chống bỏng, tự ngắt an toàn",THÔNG TIN KỸ THUẬT: 1.Thương hiệu : Comet 2.Sản phẩm : Bình đun siêu tốc3.Mã sản phẩm : CM82264.Điện áp : 220V - 50Hz5.Công suất: 1500W6.Dung tích: 1.8L7.Kích thước : 200*180*263 mm – cân nặng : ...,199000,80000,29,1,,2.0,Comet
272615662,"Bình đun siêu tốc Toshiba KT-15DS1NV - 1.5L - Inox 304 - Hàng chính hãng, bảo hành 12 tháng, chất lượng Nhật Bản",Công suất: 1800 - 2150WDung tích: 1.5 lítChất liệu ruột bình: Inox cao cấp 304Chất liệu vỏ bình: Nhựa PPĐế tiếp điện: StrixThương hiệu của: Nhật BảnSản xuất tại: Trung...,829000,121000,13,0,,,Toshiba
249145301,"Ấm đun nước siêu tốc cao cấp Morphy Richards MR7456A, dung tích 1,5 lít, công suất 1850W - Hàng chính hãng, bảo hành 24 tháng","Morphy Richards là một công ty nổi tiếng về các thiết bị điện tử có trụ sở đặt tại Swinton, Nam Yorkshire - Anh. Hiện nay, các sản phẩm từ thương hiệu Morphy Richards đã có mặt và được biết đến ở hơn ...",2237000,0,0,0,,,morphy richards
278116834,"Ấm siêu tốc, bình thủy tinh Lebenlang LBLB2226 có lõi lọc trà, công suất 2200W, dung tích 1800ml, bảo hành 2 năm - hàng chính hãng","Ấm siêu tốc, bình thủy tinh Lebenlang LBLB2226 có lõi lọc trà, 2200W, 1800ml, bảo hành 2 năm - hàng chính hãng 10 LÝ DO NÊN CHỌN ẤM SIÊU TỐC LBLB2226 CỦA LEBENLANG -   Đế Xoay 360 Độ-   Miệng R...",519000,150000,22,0,,,Lebenlang
187152452,"Ấm đun siêu tốc 2 lớp cách nhiệt Grelide D2017k ( 1.7L) hàng chính hãng- thân bình bằng thép không gỉ, lòng ruột đúc inox nguyên khối. ","Ấm đun nước siêu tốc 2 lớp cao cấp inox 304 Grelide D2017K Đặc điểm nổi bật của ấm đun siêu tốc Grelide D2017K Kiểu dáng hiện đại đẹp mắt với chất liệu inox sáng bóng, Ruột ấm được đúc từ inox 304 n...",989000,0,0,4,,9.0,Grelide
212564799,Bình đun siêu tốc Sharp EKJ-10DVPS-BK - Hàng chính hãng,"Dung tích 1 lít EKJ-10DVPS-BK dung tích 1 lít, đáp ứng tốt nhu cầu nước nóng để pha mì tôm, pha sữa, trà,ích hợp sử dụng trong gia đình 2 - 3 thành viên.Công suất lên đến 1260 - 1500W...",420000,0,0,0,,3.0,Sharp
276456419,"Ấm đun siêu tốc thủy tinh Locknlock Glass Electric Kettle 1.8L EJK256BLK, Hàng chính hãng, có đèn led, lưới lọc -JoyMall","Ấm đun siêu tốc thủy tinh Locknlock Glass Electric Kettle 1.8L EJK256BLK, Hàng chính hãng, có đèn led, lưới lọc - JoyMallThông số: 220-240V, 50-60Hz, 1850-2200W, 1.8LKích thước: 217x160x253Cân...",528000,352000,40,0,,1.0,Lock&Lock
273978675,Ấm đun nước siêu tốc Bear ZDH-Q17B1 Hàng chính hãng,Tên sản phẩmẤm đun nước siêu tốc Bear ZDH-Q17B1HãngBearModelZDH-Q17B1Phiên bảnQuốc tếCông suất1500WĐiện áp220V ~ 50HzTrọng lượng1kgKích thước205x149x256.2 mmChất liệ...,580000,0,0,0,,,Bear
145396541,Bình đun nước siêu tốc  Philips HD9303/03 - Hàng chính hãng,"Thông số kỹ thuậtThương hiệuPhilipsMã sản phẩmHD9303Dung tích thực:1.2LCông suất:1800(W)Chất liệu ruột bình:Chất liệu inox không han gỉ, bền tốt, nấu nước ...",609000,0,0,1,,1.0,Philips
272611196,"Bình đun siêu tốc Toshiba KT-15DS1PV - 1.5L - Inox 304 - Hàng chính hãng, bảo hành 12 tháng, chất lượng Nhật Bản","ĐẶC ĐIỂM NỔI BẬT:• Bình đun siêu tốc có dung tích 1.5 lít, công suất 1800 - 2150 W. • Vỏ bằng nhựa PP, ruột bằng inox 304 đúc nguyên khối bền bỉ. • Đế tiếp điện xoay 360 độ, bằng nhựa chống cháy PP 5V...",759000,90000,11,0,,1.0,Toshiba
271665727,[New] Ấm đun siêu tốc KETTLE Hafele HS-K1705DB 535.43.548 - Hàng Chính Hãng,"Ấm đun siêu tốc là sản phẩm không thể thiếu trong mọi gia đình, Ấm đun siêu tốc KETTLE Hafele HS-K1705DB 535.43.548 là sản phẩm địện gia dụng hiện đại ứng dụng nhiều công nghệ tiên tiến như bộ điều kh...",699000,236000,25,1,,10.0,HAFELE
152102846,Bình đun nước siêu tốc  Philips HD9303/03 - Hàng chính hãng,"Thông số kỹ thuậtThương hiệuPhilipsMã sản phẩmHD9303Dung tích thực:1.2LCông suất:1800(W)Chất liệu ruột bình:Chất liệu inox không han gỉ, bền tốt, nấu nước ...",609000,0,0,0,,,Philips
199576540,"Ấm siêu tốc SATO 17ST12 1.8L - bình đun thông minh tự ngắt an toàn, vỏ inox không gỉ - Miễn phí vận chuyển toàn quốc - Hàng chính hãng","Đặc điểm nổi bậtThân ấm bằng inox cao cấp không gỉ, an toàn sử dụng.Dung tích 1.8L, đế xoay 360 độ tiện dụng.Công suất 1500W đun sôi nước nhanh chóng.Tự động ngắt điện khi nước sôi hoặc khi ấm c...",500000,0,0,0,,15.0,SATO
143034671,"ẤM ĐUN SIÊU TỐC LADOMAX HA-886, dung tích 2.3L, nhựa nguyên sinh, thân ấm 2 lớp chống bỏng-hàng chính hãng","THÔNG SỐ KỸ THUẬT- Tên sản phẩm: Ấm đun nước siêu tốc 2,3L inox 304 2 lớp chống nóng LADOMAX HA- 886- Thương hiệu: Ladomax- Model : HA- 886- Chất liệu : Inox 304 cao cấp- Công suất: 1500W- Dung ...",265000,0,0,0,,3.0,Ladomax
175807088,Bình đun siêu tốc Thủy tinh Mitomo ST-220 dung tích 1.8L Hàng chính hãng,"Ấm siêu tốc Mitomo ST - 220 dung tích 1,8L phù hợp với mọi hoạt động trong gia đình, ấm được làm từ chất liệu thủy tinh chịu nhiệt cao cấp có độ bền vượt trội. Công suất 1800W đun nước sôi chưa đến 3 ...",590000,0,0,7,,17.0,Mitomo
276626330,Ấm Đun Nước Siêu Tốc JipLai Thái Lan 2.5L - Ấm Siêu Tốc Thái Công Nghệ Inverter Chống Nóng Giao Màu Ngẫu Nhiên,Ấm Siêu Tốc JipLai Thái Lan 2.5L- Ấm Siêu Tốc Thái Công Nghệ Inverter Chống Nóng THÔNG SỐ KỸ THUẬT:- Điện áp: 220V/50Hz- Dung tích: 2.5 lít- Tính năng giữ ấm- Công suất: 1800W- Đèn báo: Có-...,110000,0,0,0,,2.0,fofaHome
145397078,Bình đun nước siêu tốc  Philips HD9306/03 - Hàng chính hãng,"Đun sôi dễ dàng và an toànBình đun bằng thép không gỉ phù hợp với thực phẩm1,5 L, 1800 WCột hiển thị mức nướcThép không gỉ an toàn với thực phẩmNắp có bản lềBộ cuộn dây để tiện...",714000,0,0,0,,,Philips
84791540, Ấm Siêu Tốc 2.5L Inox JLPL@L JL-25 Chống Bỏng 2 Lớp Công Suất 1500W Đun Nhanh Tiết Kiệm Điện (Giao Màu Ngẫu Nhiên)-Hàng Chính Hãng,THÔNG SỐ KỸ THUẬT- Tên sản phẩm: Ấm đun nước siêu tốc 2.5L inox 2 lớp JLPL@L tiết kiệm điện- Thương hiệu: JLPL@L- Chất liệu : Inox cao cấp- Công suất: 1500W- Dung tích: 2.5L- Màu sắc: Xanh/Hồng/...,101000,0,0,0,,1.0,JLPL@L
276319490,Ấm Siêu Tốc Phong Cách Cổ Điển Bear ZDH-Q15U8 Dung Tích 1.5L Công Suất 1500 W - Hàng Nhập Khẩu,"Ấm Siêu Tốc Bear ZDH-Q15U8 sở hữu thiết kế sang trọng, thông minh với công suất lên đến 1500W giúp đun nước nhanh chóng là vật dụng không thể thiếu trong ngôi nhà của bạn. Cùng Bear Việt Nam trải nghi...",869000,830000,49,1,,6.0,Bear
178058652,Bình đun siêu tốc SHARP EKJ-10DVPS-BK-Hàng Chính Hãng,THÔNG SỐ KỸ THUẬTCông suất: 1260-1500WDung tích: 1.0 lítThân bình 02 lớp cách nhiệt an toànChất liệu ruột bình: Inox cao cấp 304Chất liệu vỏ bình: Inox cao cấp SUS 304Đế tiếp điện: JiatalChế độ an toà...,650000,0,0,0,,,Sharp
263580125,"Ấm đun nước siêu tốc Elmich 1,8L KEE 1778",...,1036000,554000,35,9,,66.0,Elmich
274890523,Bình đun siêu tốc thủy tinh PHILIPS 1.7 lít HD9339 /80- Hàng Chính Hãng,"THÔNG SỐ KỸ THUẬTĐặc điểm kỹ thuậtNguồn: 1850-2200 WChiều dài dây: 0,75 mSức chứa: 1,7 lĐiện áp: 220-240 VTần số: 50-60 HzThông số chungĐế 360 độ: CóHộc chứa dây nguồn: CóTự động ngắt: CóĐèn bật nguồ...",1250000,0,0,0,,,Philips
274671205,"Ấm Siêu Tốc JipLai Thái Lan 2.5L - Ấm Siêu Tốc Thái Công Nghệ Inverter Chống Nóng, Giật Giao Màu Ngẫu Nhiên - Hàng Nhập Khẩu", THÔNG SỐ KỸ THUẬT:- Điện áp: 220V/50Hz- Dung tích: 2.5 lít- Tính năng giữ ấm- Công suất: 1800W- Đèn báo: Có- Bảng chia mức nước: Có- Chân đế xoay: 360° ĐẶC ĐIỂM SẢN PHẨM:Tốc độ đun sôi của ...,89000,0,0,0,,14.0,fofaHome
197496841,Bình đun siêu tốc Bear ZDH-Q17B1 - Hàng chính hãng,"Bình đun siêu tốc Bear ZDH-Q17B1Dung tích: 1.7 lítCông suất: 1800WLớp lót liền mạch, dễ lau chùi không bán bụi bẩn.Ruột bình inox 304 an toàn, kháng khuẩn, không mùi.Nắp mở 2 nấc an toàn.Xuất xứ...",690000,0,0,0,,,Bear
275895792,Bình Đun Siêu Tốc Sharp EKJ-10DVPS-RD (1.0 Lít) - Hàng Chính Hãng,"Bình đun siêu tốc Sharp EKJ-10DVPS-RD sở hữu màu đỏ pastel nổi bật, bắt mắt có dung tích 1 lítĐáp ứng tốt nhu cầu nước nóng để pha mì tôm, pha sữa, trà, sử dụng trong gia đình 2 - 3 thành viên.Ruột...",440000,0,0,0,,1.0,Sharp
105257985,Bình Đun Siêu Tốc Sharp EKJ-10DVPS-RD (1.0 Lít) - Hàng Chính Hãng,"Bình đun siêu tốc Sharp EKJ-10DVPS-RD sở hữu màu đỏ pastel nổi bật, bắt mắt có dung tích 1 lítĐáp ứng tốt nhu cầu nước nóng để pha mì tôm, pha sữa, trà,ử dụng trong gia đình 2 - 3 thành viên.Ruột b...",450000,0,0,1,,3.0,Sharp
275458768,Ấm đun siêu tốc OP-47 dung tích 5L (Inox 304)- Hàng nhập khẩu,Có hai loại OP-47A (lò xo nhiệt) và OP-47C (Mâm nhiệt) quý khách bấm chọn phân loại cần mua. Dưới đây là bài viết:Giới thiệu sản phẩm Ấm đun siêu tốc OP-47C 5L (inox)**THÔNG TIN SẢN PHẨM- Model: OP...,649000,0,0,0,,,Rainy
278453587,"Ấm Đun Siêu Tốc LocknLock EJK728IVY 1.7L 1850-2200W, Hàng Chính Hãng, Nút Kéo Mở Nắp - JoyMall","Ấm Đun Siêu Tốc LocknLock EJK728IVY 1.7L 1850-2200W, Hàng Chính Hãng, Nút Kéo Mở Nắp - JoyMallTHÔNG TIN SẢN PHẨM:Dung tích 1.7LCông suất: 1850-2200WKích thước: 225x150x250mmXuất xứ: Trung Quốc...",539400,359600,40,1,,1.0,LocknLock
254077139,ẤM SIÊU TỐC INOX 1.8 L SUNHOUSE SHD1182 - HÀNG CHÍNH HÃNG,ĐẶC ĐIỂM NỔI BẬTThân ấm bằng inox chất lượng caoĐun sôi nhanh chóng từ 4-6 phútTự động ngắt khi sôi/cạn nước hoặc quá nhiệtSản xuất tại Việt Nam Thông số kỹ thuậtDung tích: 1.8 lítMàu sắc: Trắ...,177998,0,0,0,,1.0,Sunhouse
202497423,Günter & Hauer Bình Đun Siêu Tốc Bình Trà Điện Thủy Tinh 17L LED Dây Đèn Vòng Xanh - Hàng chính hãng,"  Sản phẩm Đức, chất lượng quốc tế   Glass electric kettle   1, Bình đun siêu tốc thủy tinh chịu nhiệt cao，Trong suốt，nấu nước càng an toàn cho sức khỏe。   2、Capacity 1.7L   3、Có đèn Led xanh，Khi...",889000,0,0,0,,,Günter & Hauer
277603260,"Ấm Siêu Tốc Chính Hãng SOWUN SW1601 1.8L, Chất Liệu INOX Nguyên Khối, Công Suất 1800W Đun Sôi Nước Nhanh","Nổi bật với thiết kế hiện đại và màu sắc trang nhã, Ấm siêu tốc Sowun SW 1601 là sự lựa chọn phù hợp cho những căn bếp hiện đại. Ấm có dung tích lớn 1.8 lít cùng công suất hoạt động cao (1800W) giúp v...",450000,45000,9,0,,,Sowun
275045825,Ấm Đun Siêu Tốc BlueStone KTB-3456 1.5 Lít 1800W - Hàng Chính Hãng,"Thông tin sản phẩmThân ấm 2 lớp: Bên ngoài nhựa PP cách nhiệt, bên trong inox 304Ruột đúc liền nguyên khối, chống rỉ nước an toànTấm nhiệt phẳng bằng inox 304 chống bám bụiBộ điều khiển Strix: đế...",499000,400000,44,1,,11.0,Bluestone
142239389,Bình đun siêu tốc Bluestone 1.7 lít KTB-3459 - Hàng chính hãng (chỉ giao HCM),GIAO HÀNG MIỄN PHÍ KHU VỰC NỘI THÀNH HCM.Công suất: 1800 WDung tích: 1.7 lítChất liệu ruột bình: Inox cao cấp 304Chất liệu vỏ bình: Thép không gỉĐế tiếp điện: StrixChế độ ...,809000,91000,10,1,,1.0,Bluestone
277513370,"Ấm Đun Nước Siêu Tốc Inox 304 Cao Cấp – 3 Lớp Cách Nhiệt, 1500W, Dung Tích 2.5L Hàng chính hãng D Danido","Ấm Đun Nước Siêu Tốc Inox 304 Cao Cấp – 3 Lớp Cách Nhiệt, 1500W, Dung Tích 2.5L chính hãng D Danido SIÊU TỐC - AN TOÀN - TIỆN LỢI  Dung tích lớn 2.5L – Phù hợp cho gia đình, văn phòng, quán cafe....",155000,95000,38,0,,,D Danido
138674766,"Ấm đun nước siêu tốc điều chỉnh nhiệt độ Morphy Richards MR6070 công suất 1800W, dung tích 1.5L, tích hợp chế độ giữ ấm ở các mức lựa chọn- Hàng chính hãng","Morphy Richards là một công ty nổi tiếng về các thiết bị điện tử có trụ sở đặt tại Swinton, Nam Yorkshire - Anh. Hiện nay, các sản phẩm từ thương hiệu Morphy Richards đã có mặt và được biết đến ở hơn...",1597000,0,0,1,,5.0,morphy richards
137136312,Ấm đun nước siêu tốc điều chỉnh nhiệt độ Morphy Richards MR6070 dung tích 1.5 lít có thể chọn 4 mức nhiệt độ - HÀNG NHẬP KHẨU,"Ấm đun nước siêu tốc điều chỉnh nhiệt độ Morphy Richards MR6070 dung tích 1.5 lít có thể chọn 4 mức nhiệt độ - HÀNG NHẬP KHẨU- Ấm đun nước thông minh giúp bạn đun nước nhanh chóng, lựa chọn nhiệt độ...",1597000,0,0,0,,,morphy richards
186704472,Ấm đun siêu tốc Inox 2 lớp USS (1.8 Lít)-Xanh Dương-Tím-Hàng Chính Hãng,"Ấm đun siêu tốc USS có thiết kế 2 lớp, công dụng để giữ nhiệt và chống bỏng rất tốt . Không giống các loại bình thông thường, chỉ sử dụng 1 lớp nên sau khi đun sôi nước, bạn chạm vào bề mặt sẽ rất nón...",265000,0,0,0,,,USS
11240242,Bình Đun Siêu Tốc Midea MK-17SS - 1.7L - Hàng chính hãng,Bình đun siêu tốc Midea MK-17SS 1800W 1.7L  với dung tích 1.7 lít có thể đáp ứng đủ nước nóng cho những nhu cầu sử dụng hằng ngày của gia đình 2-4 người hoặc cá nhân rất tiện dụng.Công suất lớnCông ...,710000,0,0,17,,43.0,Midea
274881803,Ấm siêu tốc Taurus AROA GLASS VER III KE2200 Hàng chính hãng,"Đặc điểm nổi bật: KE2200- Chỉ báo mực nước bên ngoài.- Tay cầm bằng cao su, chống trượt mang lại sự thoải mái và an toàn tối đa.- Mở nắp một tay chỉ bằng cách ấn nút.- An toàn cao thông qua bảo vệ chạ...",790000,0,0,0,,,Taurus
21059052,Ấm Đun Siêu Tốc Trường Thọ K'sun BA-2088 Gold (5.0L) - Hàng Chính Hãng,"Chế độ tự ngắt an toànẤm Đun Siêu Tốc Trường Thọ K'sun BA-2088 Gold là sản phẩm đồ điện gia dụng được ưa chuộng hiện nay, phù hợp với mọi nhu cầu của mọi gia đình. Được thiết kế chế độ tự ngắt an toà...",397950,0,0,2,,11.0,Trường Thọ
275618326,Bình đun siêu tốc Sharp 1 lít EKJ-10DVPS-RD - Hàng Chính Hãng,"        Thông tin sản phẩm Bình đun siêu tốc Sharp EKJ-10DVPS-RD sở hữu màu đỏ pastel nổi bật, bắt mắt có dung tích 1 lít Đáp ứng tốt nhu cầu nước nóng để pha mì tôm, pha sữa, trà, sử dụng trong g...",440000,0,0,0,,,Sharp
248939556,"Ấm Siêu Tốc 1,7L Bear Công Suất Lớn, Bình Đun Nước Nóng Nhanh, Bền Bỉ ZDH-Q17B1 - Hàng Chính Hãng Bảo Hành 18 Tháng ","Ấm Siêu Tốc Bear Công Suất Lớn, Bình Đun Nước Nóng Nhanh, Bền Bỉ ZDH-Q17B1Lý do nên mua Ấm siêu tốc ZDH-Q17B1️ Dung tích 1,7L️ Inox 304 chống gỉ, chống bám bẩn️ Khóa bảo vệ an toàn gấp 3 lần️ Th...",525000,0,0,0,,,Bear
