id,reason
179531224,Not JSON response
252390734,Not JSON response
278097931,Not JSON response
278096841,Not JSON response
278677727,Not JSON response
275755338,Not JSON response
242657395,Not JSON response
12333146,Not JSON response
220700757,Not JSON response
186392541,Not JSON response
199539908,Exceeded 30 redirects.
276927523,Exceeded 30 redirects.
374103,Exceeded 30 redirects.
48188137,Exceeded 30 redirects.
273620501,Exceeded 30 redirects.
276945169,Exceeded 30 redirects.
274792460,Exceeded 30 redirects.
197341402,Exceeded 30 redirects.
218754599,Exceeded 30 redirects.
48342290,Exceeded 30 redirects.
277348495,Exceeded 30 redirects.
6765189,Exceeded 30 redirects.
23865185,Exceeded 30 redirects.
201518089,Exceeded 30 redirects.
127502022,Exceeded 30 redirects.
275141494,Exceeded 30 redirects.
456050,Exceeded 30 redirects.
249206305,Exceeded 30 redirects.
274754282,Exceeded 30 redirects.
200728236,Exceeded 30 redirects.
274566315,Exceeded 30 redirects.
276328347,Exceeded 30 redirects.
208069943,Exceeded 30 redirects.
278096921,Exceeded 30 redirects.
203785522,Exceeded 30 redirects.
275904514,Exceeded 30 redirects.
64313758,Exceeded 30 redirects.
1826511,Exceeded 30 redirects.
270725583,Exceeded 30 redirects.
251322112,Exceeded 30 redirects.
152492531,Exceeded 30 redirects.
269952087,Exceeded 30 redirects.
398457,Exceeded 30 redirects.
277512223,Exceeded 30 redirects.
178779558,Exceeded 30 redirects.
276927476,Exceeded 30 redirects.
202855112,Exceeded 30 redirects.
278101749,Exceeded 30 redirects.
275618649,Exceeded 30 redirects.
231385082,Exceeded 30 redirects.
2365901,Exceeded 30 redirects.
123545201,Exceeded 30 redirects.
94348670,Exceeded 30 redirects.
276927496,Exceeded 30 redirects.
273620496,Exceeded 30 redirects.
48342250,Exceeded 30 redirects.
1826509,Exceeded 30 redirects.
199539923,Exceeded 30 redirects.
278526660,Exceeded 30 redirects.
274801532,Exceeded 30 redirects.
197216256,Exceeded 30 redirects.
197345063,Exceeded 30 redirects.
271592873,Exceeded 30 redirects.
273619887,Exceeded 30 redirects.
200780663,Exceeded 30 redirects.
900800,Exceeded 30 redirects.
149146244,Exceeded 30 redirects.
176062301,Exceeded 30 redirects.
273356962,Exceeded 30 redirects.
273658391,Exceeded 30 redirects.
278096243,Exceeded 30 redirects.
195845128,Exceeded 30 redirects.
278061829,Exceeded 30 redirects.
58862522,Exceeded 30 redirects.
277512225,Exceeded 30 redirects.
263560168,Exceeded 30 redirects.
19455650,Exceeded 30 redirects.
275958782,Exceeded 30 redirects.
188713080,Exceeded 30 redirects.
276779555,Exceeded 30 redirects.
103629342,Exceeded 30 redirects.
116877695,Exceeded 30 redirects.
24363706,Exceeded 30 redirects.
274761478,Exceeded 30 redirects.
278097782,Exceeded 30 redirects.
24363713,Exceeded 30 redirects.
197346504,Exceeded 30 redirects.
117327266,Exceeded 30 redirects.
148679957,Exceeded 30 redirects.
125087198,Exceeded 30 redirects.
276552545,Exceeded 30 redirects.
55583867,Exceeded 30 redirects.
217862777,Exceeded 30 redirects.
212568987,Exceeded 30 redirects.
58065297,Exceeded 30 redirects.
273273191,Exceeded 30 redirects.
120824825,Exceeded 30 redirects.
277024331,Exceeded 30 redirects.
273656437,Exceeded 30 redirects.
276448865,Exceeded 30 redirects.
274564425,Exceeded 30 redirects.
48342298,Exceeded 30 redirects.
131879424,Exceeded 30 redirects.
36132065,Exceeded 30 redirects.
132055068,Exceeded 30 redirects.
272885802,Exceeded 30 redirects.
10707027,Exceeded 30 redirects.
278612069,Exceeded 30 redirects.
4281063,Exceeded 30 redirects.
277034138,Exceeded 30 redirects.
275360788,Exceeded 30 redirects.
456031,Exceeded 30 redirects.
273507650,Exceeded 30 redirects.
194479808,Exceeded 30 redirects.
276437310,Exceeded 30 redirects.
275825357,Exceeded 30 redirects.
141001100,Exceeded 30 redirects.
171661322,Exceeded 30 redirects.
178034158,Exceeded 30 redirects.
172157378,Exceeded 30 redirects.
163133726,Exceeded 30 redirects.
276927804,Exceeded 30 redirects.
103849469,Exceeded 30 redirects.
136853930,Exceeded 30 redirects.
1559915,Exceeded 30 redirects.
456000,Exceeded 30 redirects.
124893379,Exceeded 30 redirects.
103692716,Exceeded 30 redirects.
243046185,Exceeded 30 redirects.
165660891,Exceeded 30 redirects.
277396614,Exceeded 30 redirects.
200929022,Exceeded 30 redirects.
276547803,Exceeded 30 redirects.
156163906,Exceeded 30 redirects.
171811946,Exceeded 30 redirects.
276554961,Exceeded 30 redirects.
274679207,Exceeded 30 redirects.
278478615,Exceeded 30 redirects.
277353296,Exceeded 30 redirects.
183251161,Exceeded 30 redirects.
278278336,Exceeded 30 redirects.
273541876,Exceeded 30 redirects.
276450752,Exceeded 30 redirects.
107982425,Exceeded 30 redirects.
277512215,Exceeded 30 redirects.
229967529,Exceeded 30 redirects.
152492518,Exceeded 30 redirects.
56029960,Exceeded 30 redirects.
273276297,Exceeded 30 redirects.
374109,Exceeded 30 redirects.
276547188,Exceeded 30 redirects.
272617065,Exceeded 30 redirects.
276440978,Exceeded 30 redirects.
274636681,Exceeded 30 redirects.
114535577,Exceeded 30 redirects.
273607253,Exceeded 30 redirects.
273300836,Exceeded 30 redirects.
130042947,Exceeded 30 redirects.
76283066,Exceeded 30 redirects.
125349149,Exceeded 30 redirects.
274858806,Exceeded 30 redirects.
253181809,Exceeded 30 redirects.
276309761,Exceeded 30 redirects.
273612723,Exceeded 30 redirects.
1289251,Exceeded 30 redirects.
125349154,Exceeded 30 redirects.
278498567,Exceeded 30 redirects.
171833753,Exceeded 30 redirects.
270832693,Exceeded 30 redirects.
274159835,Exceeded 30 redirects.
260224713,Exceeded 30 redirects.
275541785,Exceeded 30 redirects.
756665,Exceeded 30 redirects.
272929127,Exceeded 30 redirects.
76188330,Exceeded 30 redirects.
56652910,Exceeded 30 redirects.
278669360,Exceeded 30 redirects.
277860608,Exceeded 30 redirects.
249663070,Exceeded 30 redirects.
163701264,Exceeded 30 redirects.
131912627,Exceeded 30 redirects.
199268733,Exceeded 30 redirects.
276807070,Exceeded 30 redirects.
254205963,Exceeded 30 redirects.
37941179,Exceeded 30 redirects.
216359746,Exceeded 30 redirects.
270702405,Exceeded 30 redirects.
200969364,Exceeded 30 redirects.
273621838,Exceeded 30 redirects.
274691565,Exceeded 30 redirects.
217333722,Exceeded 30 redirects.
72821230,Exceeded 30 redirects.
19451094,Exceeded 30 redirects.
46768480,Exceeded 30 redirects.
196353708,Exceeded 30 redirects.
171828127,Exceeded 30 redirects.
275532711,Exceeded 30 redirects.
2365981,Exceeded 30 redirects.
556621,Exceeded 30 redirects.
900796,Exceeded 30 redirects.
130042726,Exceeded 30 redirects.
16062694,Exceeded 30 redirects.
273129392,Exceeded 30 redirects.
272584011,Exceeded 30 redirects.
275035973,Exceeded 30 redirects.
55077319,Exceeded 30 redirects.
100947667,Exceeded 30 redirects.
121268422,Exceeded 30 redirects.
178779460,Exceeded 30 redirects.
76102965,Exceeded 30 redirects.
208063180,Exceeded 30 redirects.
230238799,Exceeded 30 redirects.
277567912,Exceeded 30 redirects.
278096947,Exceeded 30 redirects.
276834420,Exceeded 30 redirects.
271889604,Exceeded 30 redirects.
374118,Exceeded 30 redirects.
49601294,Exceeded 30 redirects.
276582415,Exceeded 30 redirects.
276031734,Exceeded 30 redirects.
136853927,Exceeded 30 redirects.
