id,name,short_description,price,discount,discount_rate,review_count,day_ago_created,quantity_sold,brand_name
48165321,Nồi cơm điện Cuckoo CR-0661G - HÀNG CHÍNH HÃNG,"Lòng nồi phủ men chống dính Vàng - ĐenCấu tạo 2 vung giúp cơm ngon, giữ nhiệt hiệu quả với công nghệ giữ nhiệt 3 chiềuThiết kế đơn giản, đẹp mắt và dễ dàng khi sử dụngTrang bị 2 thiết bị an toànT...",1549000,0,0,1,,1.0,Cuckoo
271889604,Nồi Cơm Điện Locknlock Donggeurami Rice Cooker EJR334IVY (1.0L) - Hàng chính hãng,"Nồi Cơm Điện Locknlock Donggeurami Rice Cooker EJR334IVY (1.0L)Đặc điểm:- Chất liệu: Nhựa PP, hợp kim nhôm, thép không gỉ, lớp phủ chống dính men sứ- Phong cách nhỏ gọn, tối giản: Thiết kế bo trò...",1424000,729000,34,12,,63.0,LocknLock
6768703,Nồi Cơm Điện Nắp Gài Sunhouse SHD8217W (1.2L) - Hàng chính hãng,"Thiết kế sang trọng, tiện dụngNồi Cơm Điện Nắp Gài Sunhouse SHD8217W được thiết kế dạng nắp gài sang trọng kết hợp tông màu trắng hồng tươi mới hiện đại, tạo cảm hứng nấu nướng cho người nội trợ và t...",632000,258000,29,161,,1313.0,Sunhouse
134550148,Nồi cơm điện tử Elmich RCE-1789 (1.2 Lít) - Hàng chính hãng,"Chất liệu tuyệt đối cho sức khỏeNồi cơm điện tử Elmich 1,2L RCE-1789 có lòng nồi được làm từ nhôm nguyên chất, phủ chống dính cao cấp Whitford (Mỹ) an toàn tuyệt đối cho sức khỏe.Lòng nồi cấu tạo ...",1361000,538000,28,58,,253.0,Elmich
8420020,Nồi Cơm Điện Kangaroo KG822 (1.2L) - Hàng chính hãng,"Kiểu dáng nhỏ gọn dùng tốt cho gia đình 2 - 4 người ănNồi Cơm Điện Kangaroo KG822 (1.2L) - Hàng chính hãng kiểu dáng nhỏ gọn, màu sắc bắt mắt, làm nổi bật không gian bếp sử dụngNồi cơm nắp gài dung ...",769000,391000,34,253,,904.0,Kangaroo
274958810,"Nồi cơm điện mini 0.6L Bianco LocknLock EJR314IVY, Hàng chính hãng, Đa chức năng, Phủ men sứ, Nấu nhanh - JoyMall","Nồi cơm điện mini 0.6L Bianco LocknLock EJR314IVY, Hàng chính hãng, Đa chức năng, Phủ men sứ, Nấu nhanh - JoyMallTHÔNG TIN SẢN PHẨMThông số: 220V, 50Hz, 300W, 0.6LChất liệu: Lớp phủ chống dính men...",1284000,856000,40,0,,7.0,Lock&Lock
11824787,Nồi Cơm Điện Kangaroo KG824 (1.5 Lít) - Hàng chính hãng,"Kiểu dáng hiện đạiNồi Cơm Điện 1.5L Kangaroo KG824 được thiết kế với màu đỏ hiện đại, đường nét tinh xảo, không chỉ phục vụ nhu cầu nấu nướng đơn giản mà còn tô điểm cho không gian bếp của bạn thêm ...",920000,0,0,1,,4.0,Kangaroo
118109331,Nồi cơm điện Cuchen CJE-A0601 1.08L (Nhập khẩu chính hãng),...,1790000,0,0,2,,3.0,CUCHEN
277030113,"Nồi cơm điện 1,5L Kangaroo KGRC15M2BE - Hàng chính hãng","Nồi cơm điện 1.5 lít Kangaroo KGRC15M2BE nhỏ gọn, tiện sử dụng và cất giữ, phù hợp cho gia đình 3 – 6 người. Thiết kế hiện đại với màu ghi đen trẻ trung. Lòng nồi hợp kim phủ chống dính dày 1.5 mm an ...",648000,642000,50,1,,6.0,Kangaroo
274797697,Nồi cơm điện Sunhouse SHD8611N 1.8 Lít - Hàng chính hãng,"Thiết kế hiện đại, đề cao tính an toànNồi cơm điện Sunhouse SHD8611N 1.8 Lít có bề ngoài ấn tượng với gam màu đỏ trẻ trung, thời thượng, khơi gợi cảm hứng nấu nướng cho người nội trợ và tô điểm t...",855000,0,0,1,,1.0,Sunhouse
272034952,Nồi Cơm Điện 1.8L Sunhouse SHD8605 - Hàng Chính Hãng,"ĐẶC ĐIỂM NỔI BẬTLòng nồi chống dính Whitford (USA) siêu bềnNắp nồi dạng tổ ong, giảm nước đọng và nhão mặt cơmVan xả thông minh, giữ trọn dưỡng chấtNghiên cứu và giám sát chất lượng bởi chuyên gi...",543000,0,0,4,,35.0,Sunhouse
271421508,Nồi cơm điện Locknlock Nemo Rice Cooker EJR384IVY (605W - 1.2L) - Hàng Chính Hãng,"Nồi cơm điện Locknlock Nemo Rice Cooker EJR384IVY (605W - 1.2L) - trợ thủ đắc lực trong căn bếp của gia đình bạnThiết kế nhỏ gọn, sang trọngNồi cơm điện Locknlock Nemo Rice Cooker EJR384IVY (605W - ...",2013000,812000,29,15,,103.0,LocknLock
48462032,Nồi Cơm Điện Lock&Lock EJR431 Dung Tích 1 lít (Hàng Chính Hãng),"Dung tích 1LNồi cơm điện nắp gài Lock&Lock EJR431  có dung tích 1L phù hợp với nhu cầu sử dụng của đối tượng sống độc thân, sinh viên hoặc những gia đình chỉ từ 3-4 người.Lòng nồi phủ 3 lớp chố...",619000,280000,31,58,,192.0,LocknLock
134550146,"Nồi cơm điện tử Elmich 1,8L RCE-1790 - Hàng chính hãng","Chất liệu tuyệt đối cho sức khỏeNồi cơm điện tử Elmich 1,8L RCE-1790 có lòng nồi được làm từ nhôm nguyên chất, sử dụng chất chống dính cao cấp của Whitford (Hoa Kỳ) tuyệt đối an toàn cho sức khỏe. Đồ...",2213000,82000,4,9,,31.0,Elmich
72793539,NỒI CƠM ĐIỆN 1.2L HAPPY TIME HTD8522G (Loại A) - Hàng Chính Hãng,"Thông số kỹ thuậtDung tích nồi: 1.2 LChế độ: Nấu cơm, Giữ ấmMàu sắc: XanhLoại nồi: Nắp liềnChất liệu vỏ nồi: Nhựa cách nhiệt siêu bềnChất liệu lòng nồi: Hợp kim nhôm phủ chống dính Wh...",495000,0,0,0,,3.0,Sunhouse
120824825,Nồi cơm điện Cuckoo 1.08L CR-0671 - Lòng nồi chống dính - Tiết kiệm điện - Hàng chính hãng Cuckoo Vina,"Nồi Cơm Điện Cuckoo CR-0671Sở hữu kiểu dáng nắp gài hiện đại, sang trọng kết hợp với gam màu trắng tím nổi bật và phần vỏ được làm bằng chất liệu nhựa tổng hợp cao cấp, bền bỉ cũng như dễ dàng lau c...",1180000,0,0,26,,115.0,Cuckoo
270840043,Nồi cơm điện tử áp suất Cuckoo 1.8 lít CRP-R1000F màu đen - lòng nồi chống dính cao cấp phủ Xwall Diamond -Sản xuất tại Hàn Quốc - bản Quốc Tế tiếng Anh - Hàng chính hãng Cuckoo Việt Nam, ...,5390000,0,0,2,,6.0,Cuckoo
276887122,Nồi Cơm Điện 1.8L NK Media MD-NC1875 - Hàng Chính Hãng,"Giới thiệu Nồi Cơm Điện Nắp Gài NK-MEDIA 1.8 LÍT MD-NC1875, Nồi Cơm Điện nấu nhanh và giữ ấm, Hợp kim nhôm phủ chống dính Whitford (USA)Thiết kế trang nhãNổi bật với thiết kế kiểu nắp gài dễ dàng t...",391000,0,0,1,,2.0,NK Media
276852804,Nồi Cơm Điện 1.8 Lít GUCKDO GK-NC186(708) - Màu Ngẫu Nhiên - Hàng Chính Hãng,"MÔ TẢ SẢN PHẨM: • Dung tích: 1,8L • Sử dụng: nấu 1kg gạo cho 4 – 6 người ăn • Công suất: 700W nấu nhanh chỉ với 20 phút • Loại nồi: Nắp liền • Kích thước: 310x310x310mm • Chất liệu vỏ nồi: Nhựa ...",475000,0,0,0,,,GUCKDO
115425450,Nồi Cơm Điện Sunhouse SHD8602 (1.8L) New - Hàng Chính Hãng,"ĐẶC ĐIỂM NỔI BẬTLòng nồi chống dính Whitford (USA) siêu bềnNắp nồi dạng tổ ong, giảm nước đọng và nhão mặt cơmVan xả thông minh, giữ trọn dưỡng chấtNghiên cứu chất lượng bởi chuyên gia Hàn QuốcS...",476000,0,0,0,,2.0,Sunhouse
217190530,Nồi cơm điện Nagakawa NAG0143 - Dung tích 1.8L - Bảo hành 12 tháng - Hàng chính hãng,    ...,1345000,0,0,0,,22.0,Nagakawa
199539905,[Hàng Chính Hãng] Nồi cơm điện SUNHOUSE 1.8L SHD8606,"  Nồi cơm điện SUNHOUSE 1.8L SHD8606   KIỂU DÁNG ĐỘC ĐÁO - HIỆN ĐẠI – TIỆN LỢI    Độc đáo, trẻ trung, đề cao tính an toàn   Nồi cơm điện SUNHOUSE 1.8L SHD8608 có màu trắng bạc kết hợp cùng thiết k...",1030000,0,0,0,,,Sunhouse
516296,Nồi Cơm Điện Electrolux ERC3405 - 1.8L (Trắng Vàng Đồng) - Hàng chính hãng,"Dung tích 1.8L thích hợp gia đình 4-6 ngườiNồi Cơm Điện Electrolux ERC3405 có dung tích lớn 1.8L, nấu được một lượng cơm lớn phục vụ được nhiều người, đây là sự lựa chọn hoàn hảo dành cho gia đình ...",1184000,216000,15,0,,,Electrolux
270496319,Nồi Cơm Điện 1.8L Sunhouse SHD8663V - Hàng Chính Hãng,"ĐẶC ĐIỂM NỔI BẬTPhiên bản dung tích 1.8 lít, phù hợp với gia đình từ 4 – 6 ngườiLòng nồi dày 1.8mm, giữ nhiệt tốt, gia nhiệt đều2 lớp chống dính cao cấp siêu bền, an toàn cho sức khỏe, dễ dàng vệ ...",1720000,30000,2,0,,,Sunhouse
277030113,"Nồi cơm điện 1,5L Kangaroo KGRC15M2BE - Hàng chính hãng","Nồi cơm điện 1.5 lít Kangaroo KGRC15M2BE nhỏ gọn, tiện sử dụng và cất giữ, phù hợp cho gia đình 3 – 6 người. Thiết kế hiện đại với màu ghi đen trẻ trung. Lòng nồi hợp kim phủ chống dính dày 1.5 mm an ...",648000,642000,50,1,,6.0,Kangaroo
278526660,Nồi Cơm Điện Lòng Sứ 1.8Lít Mishio MK402 Không Bong Tróc Men Chống Dính Tự Nhiên - hàng chính hãng,"Với dung tích 1.8L, Mishio MK402 là lựa chọn lý tưởng cho các gia đình có từ 4 đến 6 thành viên, đảm bảo bữa cơm gia đình luôn đủ đầy và ấm cúng. Thiết kế của nồi mang phong cách hiện đại, tinh tế, gó...",3190000,0,0,0,,,Mishio
263486958,Nồi cơm điện tử áp suất kép Cuckoo CRP-ST1010FW (1.8L) (màu trắng) - Hàng Chính Hãng,...,7990000,0,0,1,,3.0,Cuckoo
131899437,Nồi cơm điện nắp gài PG-512DC - Hàng chính hãng,"'- Nồi thân nhựa cao cấp- Công nghệ ủ ấm và nấu 2D- Dung tích: 1.2L, - Công suất/Điện áp: 500W -220V-50Hz. - Lòng nồi đúc dày tráng men gốm bóng Ceramic siêu cứng- Đáy nồi sần tổ ong giúp tỏa nhiệt đề...",779000,0,0,0,,,PENGO
271889606,Nồi Cơm Điện Locknlock Smart Rice Cooker EJR364IVY (1.0L) - Hàng chính hãng,"Nồi cơm điện Locknlock Smart rice cooker EJR364IVY (1.0L)Đặc điểm- Chất liệu: Nhựa PP, hợp kim nhôm, thép không gỉ, lớp phủ chống dính men sứ- Thiết kế đơn giản, nhỏ gọn: Dễ dàng mang theo và lư...",1558000,797000,34,11,,52.0,LocknLock
273308886,Nồi cơm điện Kitchen Flower KCJ-09T Hàng chính hãng,"Nồi cơm điện Cookin 1.8L Korea Thiết kế nhỏ gọn xinh xắn với thiết kiểu dáng nhỏ gọn, hài hòa với không gian phòng bếp hiện đại.  Nồi cơm điện Cookin 1.8L KoreaT dung tích 1.8 lít thường dùng cho một...",2290000,0,0,0,,1.0,Kitchen Flower
276945224,Nồi Cơm Điện Nắp Gài 1.2 Lít HLT@CHL HTC-NC128 - Màu Ngẫu Nhiên - Hàng Chính Hãng,"Nồi Cơm Điện Nắp Gài 1.2 Lít Chống Dính HLT@CHL NC128Nồi cơm điện nắp gài HLT@CHL NC128 1 lít nấu cơm hoàn toàn tự động chỉ với 1 nút nhấn, tự động chuyển sang chế độ hâm khi cơm chín.  Thiết kế hiệ...",280000,0,0,0,,1.0,HLT@CHL
103692716,Nồi Cơm Điện Tử Toshiba RC-10NMFVN (WT) (1 Lít) - Hàng Chính Hãng,"Thiết kế hiện đạiNồi Cơm Điện Tử Toshiba RC-10NMFVN (WT) với thiết kế nắp liền, kiểu dáng hiện đại cùng tông màu tươi tắn sẽ khiến cho không gian nhà bếp của bạn thêm phần sang trọng và tiện nghi.N...",2121000,529000,20,191,,7760.0,Toshiba
272057342,Nồi Cơm Điện 1.2L Sunhouse MaMa SHD8265 - Màu Ngẫu Nhiên - Hàng Chính Hãng,"ĐẶC ĐIỂM NỔI BẬTLòng nồi 7 lớp dày 1.8mm phủ chống dính siêu bềnMâm nhiệt lớn kết hợp lòng nồi dạng niêuVan thoát hơi thông minh, hạn chế đọng nước – cơm dẻo ngonBảo hành chính hãng 24 thángThô...",955000,0,0,0,,,Sunhouse
270496242,Nồi Cơm Điện 1.8L Sunhouse SHD8663G - Hàng Chính Hãng,"ĐẶC ĐIỂM NỔI BẬTPhiên bản dung tích 1.8 lít, phù hợp với gia đình từ 4 – 6 ngườiLòng nồi dày 1.8mm, giữ nhiệt tốt, gia nhiệt đều2 lớp chống dính cao cấp siêu bền, an toàn cho sức khỏe, dễ dàng vệ ...",1200000,0,0,0,,,Sunhouse
53729264,Nồi Cơm Điện Nắp Gài Nagakawa NAG0131 (1.2 Lít) - Hàng Chính Hãng,Thiết kế tinh tế sang trọngNồi cơm điện điện tử Nagakawa NAG0131 được thiết kế màu trắng đen tinh tế. Kiểu dáng nhỏ gọn được thiết kế theo phong cách Hàn Quốc đơn giản dễ dàng sử dụng phù hợp với mọi...,723000,582000,45,697,,2282.0,Nagakawa
900806,Nồi Cơm Điện Nắp Gài Sunhouse SHD8208C – Nâu (1L) - Hàng chính hãng,"Nồi cơm điện là sản phẩm không thể thiếu trong mỗi gia đình. Với một chiếc nồi cơm điện có thiết kế độc đáo như nồi cơm điện 1L SUNHOUSE SHD8208C, việc nấu nướng sẽ trở nên dễ dàng và thú vị hơn r...",630000,0,0,0,,,Sunhouse
277809787,Nồi cơm điện cao cấp Elmich 1.8L RCE-9132 - Hàng chính hãng,"Thông tin sản phẩm Thiết kế thân thiện với người dùng: Vỏ ngoài bằng nhựa cách nhiệt, tay cầm cách nhiệt an toàn, dễ dàng di chuyển. Dung tích phù hợp: Dung tích 1.8L, thích hợp cho các gia đì...",1088000,512000,32,1,,3.0,Elmich
85127973,"Nồi cơm điện Cuckoo CR-0675F 1,08L màu trắng - Hàng chính hãng",...,1799000,0,0,0,,4.0,Cuckoo
275904168,Nồi Cơm Điện Bennix BN-012NK Lòng Nồi Chống Dính Công Suất 500W Dùng Cho Gia Đình 4 Người- Hàng Chính Hãng,Nồi Cơm Điện 1.2L Bennix BN-012NK Lòng Nồi Chống Dính Công Suất 500W Dùng Cho Gia Đình 4 NgườiNồi cơm điện là một sản phẩm không thể thiếu với mỗi gia đình hiện nay. Để lựa chọn nồi có thể nấu cơm ng...,650000,249000,28,0,,,Bennix
178092820,Nồi cơm điện mini đa năng LocknLock dung tích 0.8L với nhiều chế độ nấu được cài sẵn EJR326WHT,"- Dung tích: 0.8L- Công suất: 300W- Nguồn điện: 220V 50HZ- Chất liệu: nhựa, hộp kim nhôm, lớp đá maifan chống dính- Kích thước: 210x210x190mm- Màn hình LED kĩ thuật số dễ dàng thao tác- Lòng nồi...",1349000,0,0,1,,3.0,LocknLock
276852770,Nồi Cơm Điện 1.8 Lít GUCKDO GK-NC186A - Màu Ngẫu Nhiên - Hàng Chính Hãng,Thông số kỹ thuật Tên sản phẩm : Nồi cơm điện GUCKDO GK-NC186(A)Model : GK-NC186(A)Điện áp : 220V Công xuất : 700W Dung tích : 1L8 Thương hiệu : GUCKDO Xuất sứ : Trung QuốcBảo Hành 12 Tháng  ...,448000,0,0,0,,,GUCKDO
273190739,"Nồi cơm điện tử Cuckoo 1,8L CR-1020F- màu trắng - Bảng điều khiển LED - Lòng nồi chống dính - Chất lượng Hàn Quốc - Hàng chính hãng Cuckoovina",...,2350000,0,0,1,,3.0,Cuckoo
125087282,"Nồi Cơm Điện BlueStone RCB-5525, 1.8Lit-700W, Hàng Chính Hãng","  Model: Bluestone RCB-5525   Thiết kế màu sắc nổi bật   Nồi cơm điện BlueStone RCB-5525 sở hữu vẻ bề ngoài vô cùng xinh xắn, sắc màu nổi bật mang lại kiểu dáng sang trọng sẽ giúp cho góc bếp nhà b...",649000,0,0,0,,,Bluestone
273191227,Nồi cơm điện Cuckoo 1.8 lít CR-1021 màu đỏ - bản quốc tế tiếng Anh - Hàng chính hãng Cuckoovina,...,2310000,0,0,3,,11.0,Cuckoo
273902667,"Nồi cơm điện áp suất kép cao tần Cuckoo 1.08L CRP-NHTR0610FGW- công nghệ áp suất xi lanh hiện đại, giúp giảm tiếng ồn- Lòng nồi phủ men Xwall độc quyền- Bảo hành 2 năm - Hàng chính hãng Cuckoovina",...,13900000,0,0,1,,2.0,Cuckoo
199539909,[Hàng Chính Hãng] Nồi cơm điện tử 1.8L Sunhouse SHD8909 - Bảo Hành 12 Tháng Toàn Quốc,"TỔNG QUANNồi cơm điện tử 1.8L SUNHOUSE SHD8909 là lựa chọn hoàn hảo cho bữa cơm gia đình. Với kiểu dáng hiện đại, chức năng đa dạng, nồi đáp ứng tất cả nhu cầu của mọi thành viên trong gia đình từ nấ...",1400000,0,0,0,,,Sunhouse
252392954,Nồi cơm điện rời 2.2L Pengo PG-722M( hàng chính hãng),"- Dung tích: 2,2 L, DÒNG SP CAO CẤP THÂN CONG MỘT LỚP- Kiểu nồi thân cong sharp vỏ tôn 1 lớp dày- Công suất/Điện áp: 800W- Giữ nóng bằng bảo ôn áp đáy, công suất 40W- Lòng có phủ tráng men xám (M)- N...",685000,0,0,0,,,PENGO
194473550,Nồi cơm điện tử Nagakawa NAG0142 (1.5L) - 10 chương trình nấu - Hàng chính hãng),"THIẾT KẾ TRẺ TRUNG, HỢP THỜI TRANGNồi cơm điện tử Nagakawa NAG0142 được thiết kế tối giản nhưng vô cùng bắt mắt. Sản phẩm có 2 phiên bản là màu hồng trẻ trung, xinh xắn dành cho người tiêu dùng yêu t...",899000,591000,40,1,,2.0,Nagakawa
10308733,Nồi Cơm Điện Tử Lock&Lock EJR352 (860W) - Hàng Chính Hãng,"Thiết kế quai xách rộng tiện lợiNồi Cơm Điện Tử Lock&Lock EJR352 có kiểu dáng đẹp mắt, kích thước nhỏ gọn, thích hợp cho diện tích của mọi không gian bếp. Thiết kế quai xách rộng bằng nhựa cách n...",1499000,751000,33,0,,,LocknLock
55583871,Nồi Cơm Điện Tử Toshiba RC-18DH2PV(W) (1.8 Lít) - Hàng chính hãng,"Kiểu dáng nhỏ gọn, thời trangNồi Cơm Điện Tử Toshiba RC-18DH2PV có dạng hình chữ nhật đơn giản với màu trắng sang trọng, góp phần tô điểm thêm cho không gian bếp. Nồi có dung tích 1 lít cung cấp đủ c...",1570000,420000,21,301,,795.0,Toshiba
113529479,"Nồi cơm điện Fumak Nhật Bản, Dung Tích 1.8L - Hàng Chính Hãng","Nồi cơm điện Fumak Nhật Bản, Dung Tích 1.8L- Fumak là một thương hiệu của Nhật Bản, có trụ sở tại thành phố OSAKA- Japan, một thành phố nổi tiếng về nghiên cứu tạo ra những công nghệ mới, các sản ph...",1200000,0,0,6,,7.0,FUMAK
271421508,Nồi cơm điện Locknlock Nemo Rice Cooker EJR384IVY (605W - 1.2L) - Hàng Chính Hãng,"Nồi cơm điện Locknlock Nemo Rice Cooker EJR384IVY (605W - 1.2L) - trợ thủ đắc lực trong căn bếp của gia đình bạnThiết kế nhỏ gọn, sang trọngNồi cơm điện Locknlock Nemo Rice Cooker EJR384IVY (605W - ...",2013000,812000,29,15,,103.0,LocknLock
263517257,Nồi cơm điện tử áp suất cao tần Cuckoo 1.8L CRP-CHSS1009FN (Màu nâu) - Hàng chính hãng,...,11362000,0,0,0,,,Cuckoo
217861336,Nồi cơm điện HR-ER3006 (3.0L) chống dính -hàng chính hãng thương hiệu HARE - Bảo hành 12 tháng,,1929000,0,0,0,,,Hare
40913745,Nồi Cơm Điện Nắp Gài Geidea AG-421 (1 lít) - Màu Ngẫu Nhiên - Chính Hãng,"Nồi Cơm Điện Nắp Gài Geidea AG-421 (1 lít) - Màu Ngẫu Nhiên - Chính HãngĐẶC ĐIỂM NỔI BẬTLòng nồi chống dính Whitford USA an toàn với sức khỏeCông nghệ ủ ấm 3 chiều, giữ nguyên hương vị trong 48 gi...",310000,0,0,1,,10.0,Geidea
1826511,Nồi Cơm Điện Nắp Gài Sharp KS-19TJVST (1.8 Lít) - Hàng chính hãng,"Dung tích 1.8LNồi Cơm Điện Nắp Gài Sharp KS-19TJV""ST"" có dung tích lớn 1.8L, là sự lựa chọn hoàn hảo dành cho gia đình có từ 4-6 người ăn. Sản phẩm có thiết kế tinh tế, sang trọng cùng tính năng nổi ...",830000,0,0,0,,,Sharp
274106659,Nồi Cơm Điện Tử Mini Philips HD3170/66 - 600W - 0.85 Lít - Hàng Chính Hãng,"Nồi cơm điện Dòng 3000 của Philips có dung tích phù hợp với gia đình ít người với 8 menu nấu tự động giúp nấu cơm, các món ăn và nhiều món khác một cách dễ dàng.Ưu Điểm Nổi BậtDung tích phù hợp với ...",1075000,324000,23,0,,1.0,Philips
393735,Nồi Cơm Điện Midea CM06SA (0.6 Lít) - Hàng Chính Hãng,"Chất liệu cao cấp Nồi cơm điện Midea CM06SA có kiểu dáng nhỏ gọn, hiện đại, mang lại nét tinh tế cho không gian bếp. Thiết kế lòng nồi làm bằng chất liệu hợp kim nhôm cao cấp dày 1.0mm , bền và truyề...",505000,0,0,46,,563.0,Midea
277360262,"Nồi cơm điện tử UNIE URC612 ,công nghệ nấu cơm giảm đường, lòng nồi inox 304, dung tích 1,2L,công suất 500W, hàng chính hãng BH 12 tháng ","Chọn chất sống khỏe lành cùng “Nồi cơm điện UNIE URC612”Gần một thập kỷ đồng hành vun vén tổ ấm gia đình Việt, UNIE thấu hiểu những nỗi trăn trở của con cái khi chăm lo cho cha mẹ bị tiểu đường. và ...",1669000,0,0,1,,2.0,UNIE
69672423,Nồi Cơm Điện TrueHome TR-18DE017(G) - Hàng Chính Hãng,"Dung tích 1.8LNồi Cơm Điện TrueHome TR-18DE017(G) có thiết kế kiểu dáng hiện đại, màu sắc đẹp mắt góp phần tô điểm thêm cho không gian bếp nhà bạn. Nồi có dung tích 1.8 lít phù hợp với gia đình có từ...",899000,701000,44,0,,,TRUEHOME
260429021,"Nồi cơm điện đa chức năng Daewoo DWRC-Y201 1L lòng nồi phủ Ceramic, với 7 chế độ nấu -Hàng chính hãng",...,1059000,831000,44,1,,4.0,Daewoo
89057370,Nồi cơm điện cơ Tefal 0.7L - Thương hiệu Pháp - RK224168- Hàng chính hãng,"Giới thiệu sản phẩm Nồi cơm điện cơ mini Tefal RK224168 - 0.7L, 300W - Hàng chính hãngSự lựa chọn hoàn hào dành cho gia đình 2 ngườiCông suất : 300WDung tích : 0.7L- Vỏ bên ngoài bằng nhựa cách n...",699000,300000,30,0,,1.0,Tefal
218755964,Nồi cơm điện 1.8L - hàng chính hãng thương hiệu Hare - bảo hành 12 tháng,Thông số kỹ thuật:Tên sản phẩm: Thông số kỹ thuật:Tên sản phẩm: Nồi cơm điện 1.8L Thương hiệu: HareMã sản phẩm:HR-ER1806A; HR-ER1806BMàu sắc: Đỏ/ GhiĐiện áp định mức: 220V Công suất: 700WTrọng lượng l...,2019000,0,0,0,,,Hare
201518132,Nồi cơm điện cơ mini Tefal RK224168 0.7L - BH 2 năm - Hàng Chính Hãng,"  Nồi cơm điện cơ Tefal 0.7L RK224168   - Công suất: 300W   - Lồng nồi bằng nhôm phủ chống dính, độ dày 2.0mm, 4 lớp   - Vỏ ngoài bằng nhựa cách nhiệt   - Vật dụng đi kèm: muỗng cơm, ca đong, đế ...",790000,0,0,0,,1.0,Tefal
276610294,Nồi Cơm Điện Sunhouse SHD8622G 1.8L - Hàng Chính Hãng,Nồi cơm điện Sunhouse SHD8622GNồi cơm điện Sunhouse SHD8622G dung tích 1.8l phù hợp với gia đình từ 3-5 người ăn. Lòng nồi phủ chống dính Whitford cao cấp an toàn không gây ra các chất độc hại khi gặ...,758000,0,0,0,,,Sunhouse
7253187,Nồi Cơm Điện Nắp Gài Happy Time Sunhouse HTD8522G (1.2 lít) - Xanh - Hàng chính hãng,"Thiết kế sang trọng, tiện dụngNồi Cơm Điện Nắp Gài Happy Time Sunhouse HTD8522G được thiết kế dạng nắp gài sang trọng kết hợp tông màu xanh trẻ trung, hiện đại, tạo cảm hứng nấu nướng cho người nội t...",495000,0,0,1,,26.0,Sunhouse
6959433,Nồi Cơm Điện Sunhouse SHD8616 (1.8L) - Hàng chính hãng,"Thiết kế đơn giản, tinh tếNồi Cơm Điện Sunhouse SHD8616 với phần thân nồi làm bằng nhựa chịu nhiệt, tôn phủ nhũ in hoa chống gỉ, bền cứng, hạn chế bám bẩn, dễ dàng lau chùi. Lớp phủ ngoài chống oxy h...",1100000,0,0,0,,,Sunhouse
276887093,Nồi Cơm Điện 1.5L NK Media MD-NC1575 - Hàng Chính Hãng,"Giới thiệu Nồi Cơm Điện Nắp Gài NK-MEDIA 1.5 LÍT MD-NC1575, Nồi Cơm Điện nấu nhanh và giữ ấm, Hợp kim nhôm phủ chống dính Whitford (USA)Thiết kế trang nhãNổi bật với thiết kế kiểu nắp gài dễ dàng t...",349000,0,0,1,,2.0,NK Media
273509486,Nồi cơm điện Bennix dung tích 1.8L BN-018RC BẢO HÀNH 12 THÁNG hàng chính hãng,"Thông số kỹ thuật :– Model : BN -018RCLoại: Nắp gài– Dung tích : 1.8 lít– Màu sắc : Đồng- Đỏ– Công suất : 700W– Lòng nồi : 500g , sơn chống dính Withford– Trọng lượng : 3.0 kg– Bảo hành : 12 t...",850000,0,0,0,,,Bennix
276927269,"Nồi Cơm Điện SRAPP SH-NC198 1,8Lít - Màu Ngẫu Nhiên - Hàng Chính Hãng","MÔ TẢ SẢN PHẨM Nồi Cơm Điện SRAPP SH-NC198 1,8LítĐẶC ĐIỂM NỔI BẬT:Nồi được thiết kế độc đáo, bắt mắt, trẻ trung, nổi bật trong không gian bếp hiện đại.Thân nồi được làm nhựa cao cấp siêu bền, cách...",595000,0,0,0,,,SRAPP
274797687,Nồi cơm điện Sunhouse SHD8611R 1.8 Lít- Hàng chính hãng,"THIẾT KẾ: KIỂU DÁNG MỚI LẠ - ĐỘC ĐÁO – TIỆN DỤNGThiết kế hiện đại, đề cao tính an toànSản phẩm có bề ngoài ấn tượng với gam màu đỏ trẻ trung, thời thượng, khơi gợi cảm hứng nấu nướng cho người nội t...",725000,0,0,0,,,Sunhouse
276589221,Nồi cơm điện Arber NCD1.8LRED hàng chính hãng,"Điện áp : 220-240V/50HzNăng lượng : A+Công suất : 900WDây nguồn : Rời ngoài.Chất liệu : inox, nhựa ABSDung tích : 1.8 Lít Chế độ nấu : Nấu và giữ ấm Lòng nồi : Dày 2.4mm, Phủ chống dính của Cô...",830000,0,0,0,,,Arber
52581394,"Nồi cơm điện nắp gài BlueStone RCB-5519 (1,8L -700W) - Hàng chính hãng",• Công suất: 700 W - Dung tích: 1.8 L. • Loại nồi: Nồi cơm nắp gài. • Lòng nồi hợp kim chống dính màu vàng dày 1.5mm phủ lớp chống dính an toàn cho sức khỏe và dễ dàng vệ sinh. • Nắp trong tổ ong h...,759000,240000,24,0,,1.0,Bluestone
124237290,Nồi cơm điện Elmich Smartcook RCS-0892 1.8L,"       Giữ ấm lâu, cho cơm luôn nóng sốt   Lớp chống dính siêu bền, an toàn sức khỏe   Lớp men chống dính siêu bền, giúp cơm nấu không bị chấy khét mà vẫn đảm bảo an toàn sức khỏe cho người dùng...",965000,0,0,0,,,Elmich
276940131,Nồi Cơm Điện Nắp Gài 1 Lít HLT@CHL HTC-NC108 - Màu Ngẫu Nhiên - Hàng Chính Hãng,"Nồi Cơm Điện Nắp Gài 1 Lít Chống Dính HLT@CHL NC108Nồi cơm điện nắp gài HLT@CHL NC108 1 lít nấu cơm hoàn toàn tự động chỉ với 1 nút nhấn, tự động chuyển sang chế độ hâm khi cơm chín.  Thiết kế hiện ...",252000,0,0,0,,2.0,HLT@CHL
271323261,Nồi Cơm Điện 3L Sunhouse SHD8309 - Hàng Chính Hãng,Thông số kỹ thuậtDung tích nồi: 3 LChế độ: Nấu cơm – Giữ ấmMàu sắc: Xanh thanLoại nồi: Nắp gàiChất liệu vỏ nồi: Tôn sơn tĩnh điệnChất liệu lòng nồi: Hợp kim nhôm phủ chống dính c...,1050000,0,0,0,,5.0,Sunhouse
276850824,Nồi Cơm Điện 1L GUCKDO GK-NC106(08) - Màu Ngẫu Nhiên - Hàng Chính Hãng,"Nồi cơm điện 1L GUCKDO GK-NC106 Kiểu dáng trẻ trung, độc đáoThân nồi bằng nhựa PP cách nhiệt, siêu bềnLòng nồi phủ chống dính Whitford (USA) an toàn cho sức khỏeĐường kính mâm nhiệt lớn, tỏa nhi...",332000,0,0,0,,,GUCKDO
218735486,Nồi cơm điện HR-RC -hàng chính hãng thương hiệu Hare - bảo hành 12 tháng,Thông số kỹ thuật:Tên sản phẩm: Nồi cơm điện Hare Nồi cơm điện HARE HR-RCThương hiệu: HareMã sản phẩm: HR-RC1803 & HR-RC1203Màu sắc: Vàng đồngĐiện áp định mức: 220V Công suất: 700W & 500WDung ...,1199000,0,0,0,,,Hare
249305658,Nồi Cơm Điện 1L GUGKDD GK-108 - Màu Ngẫu Nhiên-  Hàng Chính Hãng,"ĐẶC ĐIỂM NỔI BẬTKiểu dáng trẻ trung, độc đáoThân nồi bằng nhựa PP cách nhiệt, siêu bềnLòng nồi phủ chống dính Whitford (USA) an toàn cho sức khỏeĐường kính mâm nhiệt lớn, tỏa nhiệt đều, cơm chín n...",343000,0,0,0,,,GUGKDD
276547663,Nồi Cơm Điện Nắp Gài BlueStone RCB-5517 1.2 Lít 500W - Hàng Chính Hãng,Nồi Cơm Điện Nắp Gài BlueStone RCB-5517 1.2 Lít 500WTHÔNG SỐ KỸ THUẬT- Loại nồi: Nồi cơm nắp gài- Dung tích: 1.2 lít- Công suất: 500 W- Độ dày lòng nồi: 1.5 mm- Chất liệu lòng nồi: Hợp kim phủ chống ...,719000,230000,24,0,,,Bluestone
217862855,Nồi cơm điện HR-ER2206 (2.2L) -hàng chính hãng thương hiệu Hare - bảo hành 12 tháng,Thông số kỹ thuật:Tên sản phẩm: Nồi cơm điện 2.2L Thương hiệu: HareMã sản phẩm: HR-ER2206A; HR-ER2206BMàu sắc: Đồng/ xanhĐiện áp định mức: 220V Công suất: 750WTrọng lượng lòng nồi: 470gMâm nhiệt: 185G...,1659000,0,0,0,,,Hare
965160,Nồi Cơm Điện Kim Cương 12R (1.2L) - Hàng Chính Hãng,"   Nồi Cơm Điện Kim Cương 12R có thiết kế nhỏ gọn, xinh xắn cùng với nắp gài kín giúp khả năng giữ hơi và tạo áp suất trong lòng nồi tốt hơn.      Có một mâm nhiệt lớn giúp nấu cơm nhanh chóng chỉ...",351000,0,0,2,,11.0,Kim Cương
563737,Nồi Cơm Điện Tử Lock&Lock EJR351BRW (1.8 Lít) - Hàng chính hãng,"Ưu Điểm Nổi BậtDung tích 1.8 lítNồi cơm điện tử Lock & Lock EJR351BRW có kiểu dáng đẹp mắt, kích thước nhỏ gọn, thích hợp cho diện tích của mọi không gian bếp. Sản phẩm được thiết kế với dung tí...",1299000,701000,35,3,,9.0,LocknLock
274150453,Nồi cơm điện tử đa năng Lock&Lock EJR316BLK 1.5 lít - Hàng chính hãng,"Thiết kế hiện đại, trang nhãNồi cơm điện 1.5L Lock&Lock EJR316BLK KM Samsung EJR316BLKsở hữu thiết kế hiện đại, màu sắc kết hợp trang nhã, đáp ứng sở thích đại đa số người dùng và phù hợp sử dụng...",890000,10000,1,1,,3.0,Lock&Lock
80485702,Nồi cơm điện tử Tefal- 1.8L - Thương hiệu Pháp - RK733168 - Hàng chính hãng,Giới thiệu sản phẩm ...,1499000,0,0,1,,4.0,Tefal
152200236,Nồi cơm điện Cuckoo CR1021 - Hàng chính hãng,"Nồi cơm điện Cuckoo nhập khẩu trực tiếp từ Hàn Quốc có màu trắng trang nhã, tô điểm cho mọi gian bếp thêm sang trọngNồi thích hợp sử dụng để nấu cơm, nấu cháo, làm bánh, nấu xôi…Dung tích 1.8 lít, ...",1599000,0,0,0,,1.0,Cuckoo
277502025,"Nồi Cơm Điện Lòng Gốm 1,2L HAATZ CIM205 Công Suất 500W, 6 Chế Độ, Hẹn Giờ, Hàng Chính Hãng","Haatz là một thương hiệu gia dụng uy tín tại Hàn Quốc, nhận được sự tin tưởng, đồng hành của hàng triệu người dùng tại xứ sở kim chi. Có mặt tại Việt Nam từ năm 2024, Thương hiệu đồ gia dụng Haatz luô...",1850000,650000,26,0,,2.0,Haatz
6767141,Nồi Cơm Điện Nắp Rời Sunhouse SHD8135 (2.2L) - Hàng chính hãng,"Thiết kế sang trọng, tiện dụngNồi Cơm Điện Nắp Rời Sunhouse SHD8135 được thiết kế dạng nắp vung rời bằng inox sáng bóng, thân nồi bằng tôn sơn cách điện màu vàng đồng, phủ nhũ chống gỉ giúp nồi luôn ...",900000,0,0,0,,1.0,Sunhouse
199569028,Nồi cơm điện cơ Tefal 0.7L - Thương hiệu Pháp - RK224168- Hàng chính hãng,"Mô Tả Sản PhẩmGiới thiệu sản phẩm Nồi cơm điện cơ mini Tefal RK224168 - 0.7L, 300W - Hàng chính hãngSự lựa chọn hoàn hào dành cho gia đình 2 ngườiCông suất : 300WDung tích : 0.7L- Vỏ bên ngoài...",790000,0,0,0,,,Tefal
276777615,Nồi Cơm Điện Tử Mini Philips 0.85 lít HD3170/66 - Hàng Chính Hãng,"Đặc điểm nổi bậtDung tích nồi cơm 0.85 lít, phù hợp với gia đình ít người8 menu nấu tự động với nhiều chức năng nấu cơm, món ăn, canhLòng nồi 4 lớp được tráng chống dính giúp làm nóng đều, không b...",1290000,0,0,0,,,Philips
171833384,"Nồi Cơm Điện Tử BlueStone RCB-5938 (1,8 Lít) - Hàng chính hãng",Công suất: 760W - Dung tích: 1.8L. Loại nồi: Nồi cơm điện tử. Thiết kế lòng nồi hợp kim nhôm 5 lớp phủ lớp chống dính Daikin dễ dàng vệ sinh và an toàn sức khỏe. Nắp trong tổ ong có thể tháo rời đ...,1599000,1400000,47,1,,3.0,Bluestone
274618717,Nồi cơm điện tử Philips 1.8 lít HD4515/55 - Hàng chính hãng,"Nồi cơm điện tử Philips 1.8 lít HD4515/55Dung tích 1.8LCông suất : 940WHệ thống mâm nhiệt ""3D thông minh"" giúp cơm chín đều10 cài đặt nấu với các menu riêng biệtTích hợp tính năng giữ ấm lên đến...",1790000,0,0,0,,,Philips
811792,Nồi Cơm Điện Đa Năng Sunhouse SHD8602 (1.8L) – Trắng- Hàng chính hãng,Cấu tạo 3 lớp siêu bền   Nồi Cơm Điện Đa Năng Sunhouse SHD8602 (1.8L)  là loại nồi cơm nắp liền thân của thương hiệu Sunhouse – xuất xứ từ Hàn Quốc. Sản phẩm có cấu tạo 3 lớp từ những chất liệu     ...,545000,169000,24,37,,1012.0,Sunhouse
274890202,Nồi cơm điện tử Philips HD4515/55 | 1.8 lít | 5 lớp để dẫn nhiệt tốt - Hàng Chính Hãng,"THÔNG SỐ KỸ THUẬTPhụ kiệnKhay hấp bằng nhựa: CóChén lường gạo: CóKẹp gắp thức ăn: CóĐặc điểm kỹ thuậtNguồn: 790W~940W WĐiện áp: 220~240V VDung tích nồi cơm: 1,8L...",1790000,0,0,0,,,Philips
11824785,Nồi Cơm Điện Kangaroo KG823 (1.2 Lít) - Hàng chính hãng,"Kiểu dáng hiện đạiNồi Cơm Điện 1.2L Kangaroo KG823 có màu trắng trang nhã, thiết kế hiện đại bắt mắt sẽ giúp làm nổi bật gian bếp nhà bạn.Được thiết kế với màu trắng tinh tế, đường nét tinh xảo, kh...",709000,461000,39,21,,67.0,Kangaroo
276019055,Nồi cơm điện lòng sứ dưỡng sinh 1.2L Mishio MK381 - Hàng chính hãng ,"Đặc điểm nổi bật:Lòng nồi sứ nguyên chất: Nồi có lòng nồi được làm từ sứ nguyên chất, không chứa chì, cadmi, an toàn cho sức khỏe và bền bỉ theo thời gian. Lòng nồi sứ giúp truyền nhiệt...",699000,0,0,1,,3.0,Mishio
275607303,Nồi cơm điện tử Bluestone 2.8 Lít RCB-5538 - Hàng chính hãng,Công suất: 900W - Dung tích: 2.8LLoại nồi: Nồi cơm nắp gàiLòng nồi hợp kim dày 2.0mm  an toàn cho sức khỏe và dễ dàng vệ sinhNắp trong tổ ong hạn chế đọng hơi nước dễ dàng tháo thời để vệ sinh và ...,1299000,0,0,0,,,Bluestone
260571097,Nồi cơm điện đa chức năng Daewoo DWRC-210MW 1 Lít lòng nồi phủ Ceramic - Hàng chính hãng, ...,1005000,885000,47,0,,,Daewoo
276448883,Nồi cơm điện Elmich 1.8L RCE-9128 - Hàng chính hãng,...,1285000,1005000,44,1,,4.0,Elmich
125508754,Nồi Cơm Điện Nắp Gài FUJIKA FJ-NC1008 (1 lít) - Màu Ngẫu Nhiên - Hàng Chính Hãng,"ĐẶC ĐIỂM NỔI BẬTLòng nồi chống dính Whitford (USA) siêu bềnNắp nồi dạng tổ ong, giảm nước đọng và nhão mặt cơmVan xả thông minh, giữ trọn dưỡng chất Nồi cơm điện là sản phẩm không thể thiếu t...",252000,0,0,16,,46.0,FUJIKA
272616035,"Nồi cơm điện nắp gài Toshiba RC-18JFM(H)VN - 1.8L - Lòng nồi dày 1.7mm, chống dính- công nghệ nhiệt 3D- Hàng chính hãng","Công suất 700W không tiêu hao nhiều năng lượng điện.Phụ kiện: Xửng hấp, cốc đong gạo, muỗng cơmDung tích 1.8 lít có thể nấu cơm cho gia đình từ 3-5 người.Lòng nồi chống dính cao cấp, chống trầy xư...",625000,175000,22,1,,7.0,Toshiba
275320230,Nồi cơm điện nắp gài Sunhouse Happy Time HTD8521P (1.8 Lít) - Hàng nhập khẩu,"Nồi cơm điện nắp gài Sunhouse Happy Time HTD8521P (1.8 Lít)THÔNG TIN SẢN PHẨM: có thiết kế độc đáo, màu sắc tươi mới hiện đại, tạo cảm hứng nấu nướng cho người nội trợ và tô điểm thêm cho gian bếp....",475000,0,0,0,,1.0,Sunhouse
52005022,Nồi cơm điện tử 1.8L Sunhouse SHD8909 - Hàng Chính Hãng,"Thiết kế hiện đạiNồi cơm điện tử 1.8L Sunhouse SHD8909 - Hàng Chính Hãng được làm bằng nhựa PP cao cấp, phối màu đen và màu mận chín đặc biệt, bắt mắt. Chất liệu nhựa này rất bền, ít bị nứt vỡ hay...",1191000,262000,18,14,,34.0,Sunhouse
164346561,Nồi cơm điện UNIE UE-625 dung tích 1.8L - Hàng chính hãng,Nồi cơm điện là thiết bị gia dụng không thể thiếu trong gian bếp của mỗi gia đình. Với chiếc nồi cơm điện cơ như UNIE UE-625 bạn hoàn toàn yên tâm sẽ luôn có món cơm dẻo thơm mỗi ngày. Ưu điểm của UE-...,1390000,0,0,0,,,UNIE
276945230,Nồi Cơm Điện Nắp Gài 1.8 Lít HLT@CHL HTC-NC188 - Màu Ngẫu Nhiên - Hàng Chính Hãng,"Nồi Cơm Điện Nắp Gài 1.8 Lít Chống Dính HLT@CHL NC188Nồi cơm điện nắp gài HLT@CHL NC188 1.8 Lít nấu cơm hoàn toàn tự động chỉ với 1 nút nhấn, tự động chuyển sang chế độ hâm khi cơm chín.  Thiết kế h...",315000,0,0,1,,1.0,HLT@CHL
271889606,Nồi Cơm Điện Locknlock Smart Rice Cooker EJR364IVY (1.0L) - Hàng chính hãng,"Nồi cơm điện Locknlock Smart rice cooker EJR364IVY (1.0L)Đặc điểm- Chất liệu: Nhựa PP, hợp kim nhôm, thép không gỉ, lớp phủ chống dính men sứ- Thiết kế đơn giản, nhỏ gọn: Dễ dàng mang theo và lư...",1558000,797000,34,11,,52.0,LocknLock
23866063,Nồi Cơm Điện Nắp Gài Sunhouse MaMa SHD8665B (1.8 Lít) - Hàng Chính Hãng,"Thiết kế mới lạ, đẹp mắtNồi Cơm Điện Nắp Gài Sunhouse MaMa SHD8665B khác với những chiếc nồi cơm điện có kiểu dáng hình trụ truyền thống, nồi SUNHOUSE MAMA SHD8665B có thiết kế độc đáo, màu xanh ngọc...",1050000,0,0,0,,,Sunhouse
6618607,Nồi cơm điện nắp gài Sunhouse Happy Time HTD8521P (1.8 Lít) - Hồng - Hàng chính hãng,"Thiết kế mới lạ, đẹp mắtNồi cơm điện nắp gài Sunhouse Happy Time HTD8521P (1.8 Lít) - Hồng có thiết kế độc đáo, màu hồng tươi mới hiện đại, tạo cảm hứng nấu nướng cho người nội trợ và tô điểm thêm ch...",525000,0,0,0,,,Sunhouse
129851169,Nồi Cơm Điện Nắp Gài FUJIKA FJ-NC1208 (1.2 lít) - Màu Ngẫu Nhiên - Hàng Chính Hãng,"ĐẶC ĐIỂM NỔI BẬTLòng nồi chống dính Whitford (USA) siêu bềnNắp nồi dạng tổ ong, giảm nước đọng và nhão mặt cơmVan xả thông minh, giữ trọn dưỡng chấtNồi cơm điện là sản phẩm không thể thiếu tro...",272000,0,0,2,,15.0,FUJIKA
456002,Nồi Cơm Điện Sharp KS-N182ETV SW - 1.8 Lít - Hàng chính hãng,"Thiết kế sang trọng, hiện đại, hoa văn tinh tếNồi cơm điện nắp gài Sharp KS-N182ETV ""SW"" sở hữu một thiết kế vô cùng hiện đại, phát huy tối đa tính tiện dụng cho một sản phẩm thiết yếu của gia đình b...",1290000,0,0,0,,,Sharp
275376592,Nồi cơm điện cuckoo CR-389 1.8L Hàng chính hãng,Nồi cơm điện cuckoo CR-389 1.8L     THÔNG SỐ KỸ THUẬT :Loại nồi : Nồi cơm nắp gàiDung tích : 1.8 lítCông suất : 700WChất liệu lòng nồi: Hợp kim nhôm phủ chống dínhDây điện: Có thể tháo rờ...,436500,13500,3,2,,7.0,Anh Lam Store
149145896,Nồi cơm điện 1.2L SUNHOUSE SHD8217W - Hàng chính hãng,"Nồi cơm điện là sản phẩm không thể thiếu trong mỗi gia đình. Với một chiếc nồi cơm điện có thiết kế độc đáo như SUNHOUSE SHD8217W, việc nấu nướng sẽ trở nên dễ dàng và thú vị hơn rất nhiều. Không nhữn...",688000,0,0,0,,1.0,Sunhouse
273680937,"Nồi cơm điện 1,2 lít KORENO KN-612 lòng nồi dày 3 lớp hàng chính hãng bảo hành 12 tháng","NỒI CƠM ĐIỆN KORENO – TẶNG KÈM XỬNG HẤP- Siêu phẩm nồi cơm điện dành cho các gia đình 2-3 người ăn cơm. Ngoài nấu cơm thì nồi còn có thể: Nấu cháo, hầm thức ăn ngon lắm cả nhà ơi. Điểm bonus nữa là c...",750000,0,0,0,,,KORENO
10707141,Nồi cơm điện Midea MR-CM1825 1.8L - Hàng Chính Hãng,"Nồi cơm điện Midea MR-CM1825 1.8 lít có kiểu dáng nhỏ gọn, hài hòa với không gian phòng bếp hiện đại. Tay xách chắc chắn, giúp cho việc di chuyển sản phẩm tuyệt đối an toàn.Lòng nồi chống dính an toà...",1000000,0,0,0,,,Midea
108404933,Nồi Cơm Điện 1.8L Fujika FJ-NC1815 Nắp Gài Công Suất 800W Phủ Lớp Chống Dính Polyethersulfone Cao Cấp Cho 4-7 Người Ăn (Họa Tiết Ngẫu Nhiên)-Hàng Chính Hãng,Nồi Cơm Điện Nắp Gài Fujika 1.8L FJ-NC1815 Lồng Men Chống Dính Cho 3-5 Người ĂnTHÔNG SỐ KỸ THUẬTTên sản phẩm: Nồi Cơm Điện Nắp Gài FUJIKA FJ-NC1815Loại sản phẩm: Nồi nắp gài/nồi cơm điện nắp gàiĐi...,399000,0,0,0,,,FUJIKA
278097767,"Nồi cơm điện nắp gài Comet CM8068 dung tích 1.8L – Công suất 700W, lòng nồi niêu chống dính, đa chức năng nấu – Hàng chính hãng, bảo hành 1 năm","THÔNG SỐ KỸ THUẬT- Dung tích 1.8 lít, phù hợp 4-6 người ăn- Công suất 700W- Điện áp 220-240V , 50/60Hz- Chất liệu thân nồi: Thân trong bằng hợp kim chống dính cao cấp. Thân ngoài bằng hợp kim cao...",669000,150000,18,0,,,Comet
218735063,Nồi cơm điện HR-ERB56 (5.6L) -hàng chính hãng thương hiệu Hare - bảo hành 12 tháng,,3999000,0,0,0,,,Hare
276912303,Nồi Cơm Điện Lòng Niêu 2.2L JLPL@L JL-NC669 - Màu Ngẫu Nhiên - Hàng Chính Hãng,"MÔ TẢ SẢN PHẨMNồi Cơm Điện Lòng Niêu 2.2L JLPL@LDung tích 2,2 Lít nấu được 1kg gạo phù hợp với gia đình 4-6 người ănChỉ tiêu tốn khoảng 20 phút bạn đã có cơm nóng hỏi, thơm ngon để thưởng thức cù...",553000,0,0,0,,,JLPL@L
278097748,"Nồi cơm điện nắp gài Comet CM8025 dung tích 1L – Công suất 400W, lòng nồi chống dính, giữ nóng lâu – Hàng chính hãng, bảo hành 12 tháng","Nồi cơm điện Comet CM8025 nấu cơm nhanh và giữ nóng lâu rất tiện ích cho gian bếp gia đìnhTHÔNG TIN KỸ THUẬT: - Sản phẩm: Nồi cơm điện- Mã sản phẩm: CM8025- Chất liệu: Tráng, Nhiều lớp, Thép không gỉ...",549000,90000,14,0,,,Comet
276589223,Nồi cơm điện Arber NCD1.8LGOLD Hàng chính hãng,"Điện áp : 220-240V/50HzNăng lượng : A+Công suất : 900WDây nguồn : Rời ngoài.Chất liệu : inox, nhựa ABSDung tích : 1.8 LítChế độ nấu : Nấu và giữ ấm Lòng nồi : Dày 2.4mm, Phủ chống dính của Côn...",880000,0,0,0,,,Arber
131894794,Nồi cơm điện nắp gài PG-512M - Hàng chính hãng,"'- Model : PG - 512- Dung tích: 1.8L- Dây nguồn tháo rời , ruột 100% bằng đồng ,dài 1,2m- Công xuất mâm nấu : 500w nhôm nguyên khối ren sáng bóng- Điện áp: 220V-50Hz.- Giữ nóng bằng thanh nhiệt phụ c...",499000,0,0,0,,,PENGO
200732755,Nồi cơm điện Toshiba RC-18MH2PV(F)- Hàng chính hãng,"Nồi cơm điện họa tiết đơn giản, trang nhã trên lớp vỏ thép sơn tĩnh điện màu trắng tinh tế, dùng đẹp cho không gian bếpDung tích 1.8 lít dùng cho gia đình 4 đến 6 thành viênThiết kế nồi nắp rời sử ...",690000,0,0,0,,2.0,Toshiba
273356933,Nồi cơm điện SHAPARO (Loại 1.8L) SKS19ET - Hàng nhập khẩu,* Nồi cơm điện hiệu Shaparo * Lồng nồi tráng men chống dính * Vỏ nồi thiết kế hoa văn sang trọng * Dung tích 1.8L * Màu sắc: trắng* Thùng 4 cái * Linh kiện của Nhật Bản * Sản xuất tại Thái Lan...,1290000,0,0,0,,,SHAPARO
275518837,"Nồi Cơm Điện Tử Mini Philips HD3170/66, 0.85Lit - 600w, Hàng Chính Hãng","    Đặc điểm nổi bật  Dung tích nồi cơm 0.85 lít, phù hợp với gia đình ít người  8 menu nấu tự động với nhiều chức năng nấu cơm, món ăn, canh  Lòng nồi 4 lớp được tráng chống dính giúp làm nóng ...",1290000,0,0,0,,,Philips
194346459,Nồi cơm điện chống dính nắp gài Fujika dung tích 1/1.5/1.8L-Màu Hoa Văn giao ngẫu nhiên-Hàng chính hãng,THÔNG SỐ KỸ THUẬT Tên sản phẩm: Nồi cơm điện nắp gài Fujika Loại sản phẩm: Nồi nắp gài Điện áp: 220V - 50Hz Công suất:400/ 500/700W Dung tích:1/ 1.2/1.8L Chất liệu lòng nồi: Hợp kim nhôm Lớp ch...,335000,0,0,0,,5.0,FUJIKA
277606244,"Nồi Cơm Điện Công Nghiệp Chính Hãng SOWUN SW6988 8.5L, Lòng Nồi Hợp Kim Nhôm,Chống Dính Cao Cấp","Nồi cơm luôn là sản phẩm thiết yếu sử dụng trong gia đình, trường học, nhà hàng, quán ăn…biết được tiện ích đó, nhãn hàng Sowun luôn luôn đổi mới bắt kịp xu hướng, một trong những sản phẩm đó là Nồi c...",2100000,0,0,0,,,Sowun
242075071,"[HÀNG CHÍNH HÃNG] Nồi cơm điện lòng niêu dày 5 lớp Osako, công suất 700W, dung tích 1.8L, nấu cơm ngon",  THÔNG SỐ KỸ THUẬT   Thương hiệu: OSAKO   Tên sản phẩm: Nồi Cơm Điện Osako OCD-180   Mã sản phẩm: OCD-180   Điện áp: 220V - 50Hz   Công suất: 700W   Dung tích: 1.8L   Màu sắc: hồng nhạt – vàn...,945000,0,0,1,,1.0,Osako
900958, Nồi Cơm Điện Tử Kangaroo KG598 (1.5L) - Bạc- Hàng chính hãng,"Thiết kệ hiện đại,sang trọng  Nồi Cơm Điện Tử Kangaroo KG598 (1.5L) - Bạc  có thiết kế kiểu dáng Hàn Quốc, mẫu mã đẹp cùng màu sắc bắt mắt làm nổi bật không gian bếp nhà bạn. Dung tích 1,5 Lít Kang...",1990000,0,0,0,,,Kangaroo
172362334,"Nồi cơm điện KIPOR KP-25918 - 1.8L - Phủ chống dính HOÀNG KIM, Nồi cơm có tặng kèm vỉ hấp - phù hợp 4-6 người ăn - Hàng chính hãng","ĐẶC ĐIỂM NỔI BẬT- Thiết kế độc đáo, hiện đại- Vỏ nồi làm bằng nhựa PP nguyên chất kết hợp inox màu siêu bền, chịu nhiệt tốt- Tay xách tiện lợi, dễ dàng di chuyển kể cả khi mới nấu xong.- Mâm nhiệt...",640000,0,0,0,,,Kipor
276001337,Nồi cơm điện tử Bear SB-NC16L - Hàng Chính Hãng,"Nồi cơm điện Bear 1.6L SB-NC16L là một lựa chọn thông minh và tiện lợi cho căn bếp của bạn. Với thiết kế độc đáo, nồi cơm điện Bear đã trở thành một đồ dùng không thể thiếu trong việc nấu nướng của nh...",990000,0,0,0,,,Bear
276555004, Nồi cơm điện nắp gài Bluestone 1.2 lít RCB-5517 - Hàng chính hãng,"Nồi cơm điện nắp gài Bluestone 1.2 lít RCB-5517Công suất : 500WDung tích : 1.2 lítChất liệu lòng nồi : Hợp kim nhôm dày 1.5mmĐặc điểm nổi bật : Nắp trong thiết kế tổ ong, giúp hạn chế tình trạng ...",990000,0,0,0,,,Bluestone
398607,Nồi Cơm Điện Cuckoo CR-1713 - 3L - Hàng Chính Hãng,"Nồi Cơm Điện Cuckoo CR-1713 được thiết kế hài hòa, màu sắc thanh nhã, có quai xách thuận tiện. Nồi có dung tích 3L, phù hợp cho gia đình 8 - 10 người. Vỏ ngoài nồi được làm bằng thép phủ sơn đặc biệt ...",2399000,0,0,0,,3.0,Cuckoo
118100277,Nồi cơm điện cao tần IR Cuchen CJR-PM0610RHW (Nhập khẩu chính hãng), Tên sản phẩmNồi cơm áp suất IR Cuchen CJR-PM0610RHWMã sản phẩmCJR-PM0610RHWXuất xứHàn QuốcNhà sản xuấtCông ty TNHH CuchenDung tíchDung tích 1.08L. Dành cho 2-4 n...,18499000,0,0,0,,2.0,CUCHEN
273022779,"Nồi cơm điện 1.8L Ladomax HA-7418 lòng niêu nấu cơm chín đều, có xửng hấp, cho 4 - 6 người ăn - Hàng chính hãng","Đặc điểm nổi bật» Nồi được thiết kế theo kiểu nắp gài, tránh tình trạng nước trào ra bên ngoài, an toàn tuyệt đối trong quá trình sử dụng.» Công nghệ nấu 1D kết hợp công suất 700W giúp nấu cơm chí...",999000,0,0,0,,,Ladomax
273612979,"Nồi cơm điện HASUKA HSK-863 dung tích 3.2L, công suất 1200W- Thiết kế dễ sử dụng, lòng niêu chống dính Ceramic - Hàng chính hãng","“SẢN PHẨM CỦA CÔNG TY CỔ PHẦN QUÝ PHÁT ĐƠN VỊ 2 NĂM LIÊN TIẾP ĐƯỢC THỦ TƯỚNG CHÍNH PHỦ TRAO TẶNG GIẢI THƯỞNG CHẤT LƯỢNG QUỐC GIA”Nồi cơm điện HASUKA HSK-863 dung tích 3.2L, công suất 1200W- Thiết k...",2093000,0,0,0,,,HASUKA
556667,Nồi Cơm Điện Nắp Gài Tiger JNP-1800 - 1.8L (Trắng) - Hàng Chính Hãng,"Kiểu dáng trẻ trung, trang nhã Nồi cơm điện nắp gài Tiger JNP-1800 được thiết kế với tông màu trang nhã, họa tiết tinh tế, mang lại sự hiện đạivà trẻ trung cho căn bếp của gia đình bạn.  Nấu chín c...",2629000,1771000,40,0,,,Tiger
6769381,Nồi Cơm Điện Nắp Gài Sunhouse SHD8607W (1.8L) - Hàng chính hãng,"Thiết kế sang trọng, tiện dụngNồi Cơm Điện Nắp Gài Sunhouse SHD8607W được thiết kế dạng nắp gài sang trọng kết hợp tông màu trắng hồng tươi mới hiện đại, tạo cảm hứng nấu nướng cho người nội trợ và t...",645000,0,0,1,,1.0,Sunhouse
274921302,Nồi cơm điện tử Bluestone 0.6 lít RCB-5928 - Hàng chính hãng,Nồi cơm điện tử Bluestone 0.6 lít RCB-5928Công suất: 350WDung tích: 0.6LLòng nồi: Lòng nồi nhôm dày 1.5mmNắp nồi: Nắp trong có thể tháo rờiCông nghệ gia nhiệt: Điện tử (1D)Chức năng nấu: Đa dạn...,1799000,0,0,0,,,Bluestone
134550146,"Nồi cơm điện tử Elmich 1,8L RCE-1790 - Hàng chính hãng","Chất liệu tuyệt đối cho sức khỏeNồi cơm điện tử Elmich 1,8L RCE-1790 có lòng nồi được làm từ nhôm nguyên chất, sử dụng chất chống dính cao cấp của Whitford (Hoa Kỳ) tuyệt đối an toàn cho sức khỏe. Đồ...",2213000,82000,4,9,,31.0,Elmich
273348376,Nồi cơm điện SHAPARO (Loại 1.8L) KS 18ST- Hàng nhập khẩu,* Nồi cơm điện hiệu Shaparo * Lồng nồi tráng men chống dính * Vỏ nồi thiết kế hoa văn sang trọng * Dung tích 1.8L * Màu sắc: trắng* Thùng 4 cái * Linh kiện của Nhật Bản * Sản xuất tại Thái Lan...,1340000,0,0,0,,,SHAPARO
274159823,Nồi Cơm Điện Đa Năng Lock&Lock Bianco Donggeurami Rice Cooker 1L - EJR334IVY - Lòng Men Sứ - Hàng Chính Hãng,"Nồi Cơm Điện Đa Năng Lock&Lock Bianco Donggeurami Rice Cooker 1L - EJR334IVY - Lòng Men Sứ - Hàng Chính Hãng là một siêu phâm mới của nhà Lock. Với thiết kế nhỏ gọn, tinh tế, sang trọng, bảng điề...",1359000,641000,32,0,,,LocknLock
139298683,Nồi cơm điện cao tần BEKO RCI 80143 B - Hàng chính hãng,"Chất liệu cao cấpLòng nồi bằng hợp kim nhôm dày 2mm cùng công nghệ nấu cao tần giúp lòng nồi được làm nóng trực tiếp nhờ cảm ứng điện từ, nhiệt được lan tỏa đều, nhanh hơn và cho hiệu suất nấu cao hơn...",2690000,0,0,0,,,Beko
173630813,Nồi Cơm Điện SATO 18F052 1.8L - Hàng Chính Hãng,"Đặc điểm nổi bậtDung tích: 1,8 lít, thích hợp cho từ 4 - 6 người ănLòng nồi hợp kim nhôm phủ chống dính cao cấp, an toàn cho sức khỏe.Thiết kế quai xách chắc chắn, chống tràn tốt, nút điều khiển đ...",1570000,0,0,0,,,SATO
556669,Nồi Cơm Điện Nắp Gài Tiger JNP-1800 - 1.8L (Đồng) - Hàng chính hãng,"Dung tích 1.8 lít tiện dụng Nồi cơm điện nắp gài Tiger JNP-1800 được thiết kế với dung tích 1.8 lít tương đương 1.5 kg gạo, phù hợp cho gia đình có từ 4 - 6 thành viên. Sản phẩm sở hữu tông màu đồng ...",2619000,1771000,40,0,,,Tiger
199844252,Nồi cơm điện Tiger JNP 1800 -Hàng Chính Hãng,Nồi cơm điện Tiger JNP 1800 - 1.8LXuất xứ: Nhật BảnLoại nồi: Nồi cơm nắp gàiDung tích :1.8 lítCông suất: 667WChất liệu lòng nồi: Chống dínhĐiện áp: 220V/50HzTrọng lượng: 3.7 kgKích thước: 299 ...,2690000,0,0,0,,,Tiger
276235649,Nồi cơm điện Bear DFB-C40K6 (RC-4H40E) - Hàng chính hãng,Đặc điểm sản phẩmĐáy nồi công nghệ mới: cơm ngon như nấu củiDung tích 4 lít: phù hợp gia đình 2-8 ngườiHẹn giờ 12 tiếng: dễ lên lịch trìnhVừa nấu vừa hấp: 1 nồi 2 vị6 tính năng nấu thông minh: c...,1990000,0,0,0,,,Bear
196897057,Nồi cơm điện Panasonic 1 lít SR-CL108WRAM - Hàng Chính Hãng - Chỉ Giao Hồ Chí Minh,"Nồi cơm điện Panasonic 1 lít SR-CL108WRAMHãy sỡ hữu cho mình một trợ thủ đắc lực trong nhà bếp: nồi cơm điện Panasonic 1 lít SR-CL108WRAM. Thiết kế sang trọng với tính năng tuyệt vời, không chỉ làm đ...",2300000,0,0,0,,,Panasonic
398449,Nồi Cơm Điện Cuckoo CR-1122 - Hàng Chính Hãng,Lòng nồi chống dínhNồi cơm điện Cuckoo CR-1122 được sản xuất và lấy tiêu chuẩn công nghệ tại Hàn Quốc với dung tích 2.0L công suất 650W phù hợp cho hộ gia đình nhỏ từ 4-6 người. Cùng lòng nồi chống d...,1950000,0,0,0,,,Cuckoo
25169568,Nồi Cơm Điện IH Tách Đường Tiross TS9911 (1.5 Lít) - Vàng Kim - Hàng Chính Hãng,...,3599000,0,0,0,,,Tiross
176061530,Nồi cơm điện Tiger JNP 1800 - Hàng nhập khẩu,Nồi cơm điện Tiger JNP 1800 - 1.8LXuất xứ: Nhật BảnLoại nồi: Nồi cơm nắp gàiDung tích :1.8 lítCông suất: 667WChất liệu lòng nồi: Chống dínhĐiện áp: 220V/50HzTrọng lượng: 3.7 kgKích thước: 299 ...,2842500,947500,25,2,,6.0,Tiger
276927836,Nồi Cơm Điện Công Nghiệp SRAPP SH-NC118 10 lít - Hàng Chính Hãng,"Nồi cơm điện SRAPP SH-NC118 10 lít - Dung tích lớn, nấu chín nhanh nhờ công suất mạnhNồi cơm điện SRAPP SH-NC118 sẽ là một lựa chọn không thể bỏ qua đối với những người kinh doanh dịch vụ ăn uống. Kè...",1369000,0,0,0,,,SRAPP
274670934,Nồi cơm điện nắp gài Toshiba 1.8 lít RC-18JFM(H)VN-Hàng chính hãng,"Công nghệ truyền nhiệt 3D đồng nhấtNồi cơm điện Toshiba RC-18JFM(H)VN tích hợp cơ chế tỏa nhiệt mạnh mẽ, nhiệt lượng tỏa đều ra khắp các vị trí trên thân và đáy nồi, giúp cơm chín đều, ngon ngọt từng...",749000,0,0,0,,,Toshiba
276031804,NỒI CƠM ĐIỆN 1.8L SUNHOUSE SHD8611R (700W) - Hàng chính hãng,"Nồi cơm điện là sản phẩm không thể thiếu trong mỗi gia đình. Với một chiếc nồi cơm điện có thiết kế hiện đại, tiện lợi như nồi cơm điện 1.8L SUNHOUSE SHD8611R, việc nấu nướng sẽ trở nên dễ dàng và th...",722000,378000,34,2,,13.0,Sunhouse
273541939,Nồi cơm điện nắp gài Bluestone 1.2 lít RCB-5512 - Hàng chính hãng,Nồi cơm điện nắp gài Bluestone 1.2 lít RCB-5512Dung tích: 1.2 LítCông suất: 500WĐiện áp: 220V ~ 50HzChất liệu lòng nồi: Hợp kim nhômChống dính: cóChất liệu thân nồi: Nhựa ABS cao cấpĐa chức nă...,859000,0,0,0,,,Bluestone
186086831,Nồi cơm điện Sunhouse 1.8L SHD8607W - Hàng Chính Hãng,"Thiết kế đẹp mắtNồi cơm điện Sunhouse 1.8L SHD8607W có thiết kế độc đáo, màu trắng hồng tươi tô điểm thêm cho gian bếp. Thân nồi được làm bằng nhựa PP cao cấp siêu bền, chịu nhiệt, chịu lực tốt....",645000,0,0,1,,2.0,Sunhouse
169339425,Nồi cơm điện tử Sharp 0.72 lít KS-COM08V-SL - Hàng chính hãng,"Dung tích nồi: 0.72 lít, thích hợp 1 - 2 người ănChất liệu lòng nồi: Hợp kim nhôm phủ chống dínhCông nghệ nấu: 2D (Toả nhiệt từ 2 hướng)Chức năng nấu: 10 chức năng nấuTiện ích: Hẹn giờ nấuCông s...",1238000,0,0,0,,4.0,Sharp
74890928,Nồi cơm điện tử Toshiba RC-18NTFV(W) (1.8 Lít) - HÀNG CHÍNH HÃNG,"Nồi cơm điện Toshiba RC-18NTFVN(W) thiết kế chắc chắn, màu trắng sang trọngGóp phần tôn thêm nét đẹp hiện đại của mọi không gian bếp.Dung tích 1.8 lít đáp ứng nhu cầu cơm cho gia đình 4 – 6 thành v...",2373000,677000,22,809,,2832.0,Toshiba
