id,reason
278071341,Not JSON response
276621204,Not JSON response
276952055,Not JSON response
275913304,Not JSON response
85368109,Not JSON response
276256775,Not JSON response
83849495,Not JSON response
272850799,Not JSON response
278517573,Not JSON response
263752023,Not JSON response
177546361,Exceeded 30 redirects.
10087104,Exceeded 30 redirects.
275036238,Exceeded 30 redirects.
275127044,Exceeded 30 redirects.
259887057,Exceeded 30 redirects.
273472182,Exceeded 30 redirects.
271802025,Exceeded 30 redirects.
273377710,Exceeded 30 redirects.
278583284,Exceeded 30 redirects.
274363152,Exceeded 30 redirects.
276271161,Exceeded 30 redirects.
276271076,Exceeded 30 redirects.
272850574,Exceeded 30 redirects.
274181279,Exceeded 30 redirects.
273202766,Exceeded 30 redirects.
277548313,Exceeded 30 redirects.
276503574,Exceeded 30 redirects.
70217588,Exceeded 30 redirects.
273326157,Exceeded 30 redirects.
276271242,Exceeded 30 redirects.
278677912,Exceeded 30 redirects.
145388958,Exceeded 30 redirects.
276606799,Exceeded 30 redirects.
276953395,Exceeded 30 redirects.
276951867,Exceeded 30 redirects.
275913308,Exceeded 30 redirects.
276276334,Exceeded 30 redirects.
252138707,Exceeded 30 redirects.
274019877,Exceeded 30 redirects.
276953317,Exceeded 30 redirects.
271418777,Exceeded 30 redirects.
247893778,Exceeded 30 redirects.
277445496,Exceeded 30 redirects.
145838223,Exceeded 30 redirects.
275399670,Exceeded 30 redirects.
274186870,Exceeded 30 redirects.
275437064,Exceeded 30 redirects.
85378386,Exceeded 30 redirects.
277546118,Exceeded 30 redirects.
110446352,Exceeded 30 redirects.
274019867,Exceeded 30 redirects.
276886139,Exceeded 30 redirects.
276335002,Exceeded 30 redirects.
198934548,Exceeded 30 redirects.
276256419,Exceeded 30 redirects.
126034992,Exceeded 30 redirects.
276271301,Exceeded 30 redirects.
271418628,Exceeded 30 redirects.
272850060,Exceeded 30 redirects.
131170630,Exceeded 30 redirects.
274362903,Exceeded 30 redirects.
276271281,Exceeded 30 redirects.
197588308,Exceeded 30 redirects.
276271026,Exceeded 30 redirects.
273471871,Exceeded 30 redirects.
112707854,Exceeded 30 redirects.
278445603,Exceeded 30 redirects.
80972992,Exceeded 30 redirects.
270488513,Exceeded 30 redirects.
141111455,Exceeded 30 redirects.
91205840,Exceeded 30 redirects.
276503564,Exceeded 30 redirects.
274187006,Exceeded 30 redirects.
272850656,Exceeded 30 redirects.
252912022,Exceeded 30 redirects.
276607209,Exceeded 30 redirects.
276271285,Exceeded 30 redirects.
73257219,Exceeded 30 redirects.
271537158,Exceeded 30 redirects.
126022277,Exceeded 30 redirects.
102513386,Exceeded 30 redirects.
276271259,Exceeded 30 redirects.
275270796,Exceeded 30 redirects.
248214822,Exceeded 30 redirects.
211309158,Exceeded 30 redirects.
276607485,Exceeded 30 redirects.
276173169,Exceeded 30 redirects.
195522419,Exceeded 30 redirects.
276256684,Exceeded 30 redirects.
268516208,Exceeded 30 redirects.
116135614,Exceeded 30 redirects.
75554163,Exceeded 30 redirects.
211309118,Exceeded 30 redirects.
245790443,Exceeded 30 redirects.
105626609,Exceeded 30 redirects.
276503578,Exceeded 30 redirects.
91209791,Exceeded 30 redirects.
73599623,Exceeded 30 redirects.
263763653,Exceeded 30 redirects.
114856783,Exceeded 30 redirects.
276331365,Exceeded 30 redirects.
275861365,Exceeded 30 redirects.
198202912,Exceeded 30 redirects.
247344138,Exceeded 30 redirects.
274691764,Exceeded 30 redirects.
19751540,Exceeded 30 redirects.
188576770,Exceeded 30 redirects.
274274463,Exceeded 30 redirects.
51719087,Exceeded 30 redirects.
169534784,Exceeded 30 redirects.
114152271,Exceeded 30 redirects.
274998432,Exceeded 30 redirects.
276503570,Exceeded 30 redirects.
274615423,Exceeded 30 redirects.
51719100,Exceeded 30 redirects.
275603620,Exceeded 30 redirects.
274442809,Exceeded 30 redirects.
277442629,Exceeded 30 redirects.
274145806,Exceeded 30 redirects.
209396214,Exceeded 30 redirects.
52025890,Exceeded 30 redirects.
263692750,Exceeded 30 redirects.
263756503,Exceeded 30 redirects.
276331350,Exceeded 30 redirects.
136983358,Exceeded 30 redirects.
263754381,Exceeded 30 redirects.
133934724,Exceeded 30 redirects.
274355912,Exceeded 30 redirects.
73176186,Exceeded 30 redirects.
274136368,Exceeded 30 redirects.
277545002,Exceeded 30 redirects.
272058567,Exceeded 30 redirects.
274442662,Exceeded 30 redirects.
274442664,Exceeded 30 redirects.
14331960,Exceeded 30 redirects.
275870404,Exceeded 30 redirects.
274019707,Exceeded 30 redirects.
80972958,Exceeded 30 redirects.
34478103,Exceeded 30 redirects.
4737083,Exceeded 30 redirects.
274145905,Exceeded 30 redirects.
278481615,Exceeded 30 redirects.
134779977,Exceeded 30 redirects.
105834399,Exceeded 30 redirects.
274910930,Exceeded 30 redirects.
184119725,Exceeded 30 redirects.
21878520,Exceeded 30 redirects.
169534441,Exceeded 30 redirects.
114680531,Exceeded 30 redirects.
274019904,Exceeded 30 redirects.
278695779,Exceeded 30 redirects.
274442553,Exceeded 30 redirects.
274145984,Exceeded 30 redirects.
198202909,Exceeded 30 redirects.
276503560,Exceeded 30 redirects.
263697083,Exceeded 30 redirects.
32282782,Exceeded 30 redirects.
274442560,Exceeded 30 redirects.
274442201,Exceeded 30 redirects.
276332670,Exceeded 30 redirects.
274146015,Exceeded 30 redirects.
276621916,Exceeded 30 redirects.
276758114,Exceeded 30 redirects.
274145986,Exceeded 30 redirects.
171557108,Exceeded 30 redirects.
105515404,Exceeded 30 redirects.
274442807,Exceeded 30 redirects.
12699791,Exceeded 30 redirects.
153027455,Exceeded 30 redirects.
277542810,Exceeded 30 redirects.
275273266,Exceeded 30 redirects.
185691386,Exceeded 30 redirects.
275234898,Exceeded 30 redirects.
274442318,Exceeded 30 redirects.
270957746,Exceeded 30 redirects.
276408949,Exceeded 30 redirects.
169536766,Exceeded 30 redirects.
274145765,Exceeded 30 redirects.
169533164,Exceeded 30 redirects.
276409167,Exceeded 30 redirects.
263484761,Exceeded 30 redirects.
274442833,Exceeded 30 redirects.
134739155,Exceeded 30 redirects.
260220457,Exceeded 30 redirects.
271254314,Exceeded 30 redirects.
167128584,Exceeded 30 redirects.
26361950,Exceeded 30 redirects.
278105771,Exceeded 30 redirects.
278620538,Exceeded 30 redirects.
273897312,Exceeded 30 redirects.
277542781,Exceeded 30 redirects.
271249420,Exceeded 30 redirects.
3136213,Exceeded 30 redirects.
275826397,Exceeded 30 redirects.
46202190,Exceeded 30 redirects.
263696057,Exceeded 30 redirects.
273548452,Exceeded 30 redirects.
2021403,Exceeded 30 redirects.
274441212,Exceeded 30 redirects.
274145803,Exceeded 30 redirects.
72544008,Exceeded 30 redirects.
167937495,Exceeded 30 redirects.
274442199,Exceeded 30 redirects.
10856505,Exceeded 30 redirects.
274145821,Exceeded 30 redirects.
275604711,Exceeded 30 redirects.
169581175,Exceeded 30 redirects.
274145827,Exceeded 30 redirects.
172447892,Exceeded 30 redirects.
169548899,Exceeded 30 redirects.
167183974,Exceeded 30 redirects.
274145996,Exceeded 30 redirects.
274999450,Exceeded 30 redirects.
274999313,Exceeded 30 redirects.
188575894,Exceeded 30 redirects.
275826251,Exceeded 30 redirects.
274442438,Exceeded 30 redirects.
248886887,Exceeded 30 redirects.
274145999,Exceeded 30 redirects.
274441219,Exceeded 30 redirects.
269989565,Exceeded 30 redirects.
196410612,Exceeded 30 redirects.
274145663,Exceeded 30 redirects.
274145972,Exceeded 30 redirects.
274998489,Exceeded 30 redirects.
276640123,Exceeded 30 redirects.
169594427,Exceeded 30 redirects.
82384677,Exceeded 30 redirects.
194793943,Exceeded 30 redirects.
184282768,Exceeded 30 redirects.
