id,name,short_description,price,discount,discount_rate,review_count,day_ago_created,quantity_sold,brand_name
108176128,Máy Giặt Samsung Inverter 9 kg WW90T634DLN,"Giao hàng & lắp đặt cùng lúc (nếu có), khu vực CẦN GIỜ có giao hàng tính phí, vui lòng liên hệ trước.Lắp đặt cơ bản miễn phí lúc giao hàng ở nhà trệt / có thang máy, vật tư phát sinh tính phí.Cầ...",9017000,0,0,3,,4.0,Samsung
135475714,Máy giặt đồ cho em bé DOUX phiên bản mới nhất chính hãng,"       TÊN SẢN PHẨM MÁY GIẶTMINI DÀNH CHO EM BÉ DOUX   CÔNG DỤNG Giải phóng sức lao động, đang là osin chuyển về bà hoàng công nghệ   LÝ DO CHỌN MÁY   - Giá 3.600.000, chia ra 360 ngày thì chi ...",5310000,939900,15,0,,,Doux
32925551,Máy giặt Electrolux Inverter 9.5 kg EWF9523ADSA,"GIAO HÀNG VÀ LẮP ĐẶT CÙNG LÚC, KHU VỰC CẦN GIỜ CÓ GIAO HÀNG TÍNH PHÍ, VUI LÒNG LIÊN HỆ TRƯỚCVật tư phát sinh tính phí theo thực tế.Bảo hành chính hãng , có người đến tận nhà hỗ trợ....",8726000,1574000,15,0,,,Electrolux
197596814,Máy Giặt Sharp 7.5 Kg ES-Y75HV-S -Hàng chính hãng( Chỉ giao HCM),"Máy giặt Sharp 7.5 Kg ES-Y75HV-S THÔNG SỐ KỸ THUẬT MÁY GIẶT (-)ModelES-Y75HV-SDòng sản phẩmMáy giặt cửa trênKhối lượng giặt (kg)7,5Các chế độ giặt(Giặt tiêu chuẩn / Giặt đồ j...",3309000,1890000,36,4,,24.0,Sharp
276884866,"Máy Giặt Hisense 8kg WTZQ8012UT Bộ Giặt Xơ Vải Làm Sạch, Vệ Sinh Lồng Giặt, Vắt Khô, Bảo Hành Chính Hãng 24 Tháng - Hàng Chính Hãng","Máy giặt Hisense 8kg WTZQ8012UT trang bị 10 chương trình hoạt động kết hợp với công nghệ giặt tạo bọt Bubble Clean dễ dàng đánh bay vết bẩn với, bộ lọc đôi Magic Filter giúp loại bỏ xơ vải và những tạ...",7890000,0,0,0,,1.0,Hisense
200653390,Máy giặt mini DOUX LUX phiên bản mới nhất bảo hành 1 năm - Hàng nhập khẩu,Máy giặt Mini DOUX ra bản Lux mới các mẹ: Máy giặt mini doux lux phiên bản mới nhất bảo hành 1 nămĐặc điểm nổi bật của Máy giặt mini doux lux phiên bản mới nhất bảo hành 1 năm:- Màn hình CẢM ỨNG tha...,3949900,0,0,0,,3.0,Doux
214813268,Máy giặt Sharp 7.5kg ES-Y75HV-S 5 chương trình giặt - Hàng chính hãng (Chỉ giao HCM),"Máy giặt Sharp 7.5 Kg ES-Y75HV-S THÔNG SỐ KỸ THUẬT MÁY GIẶT (-)ModelES-Y75HV-SDòng sản phẩmMáy giặt cửa trênKhối lượng giặt (kg)7,5Các chế độ giặt(Giặt tiêu chuẩn / Giặt đồ j...",3359000,1840000,35,1,,3.0,Sharp
213963782,[ Giao Toàn Quốc ] Máy giặt TEKA TKX3 1260 - Hàng Chính Hãng," THÔNG TIN SẢN PHẨM TEKA TKX3 1260Máy giặt Teka TKX3 1260 thuộc một trong những dòng máy giặt lồng ngang chất lượng nhất của hãng Teka, máy với công suất 2100W hoạt động cực kỳ mạnh mẽ, bền bỉ và ...",17479000,0,0,0,,,Teka
275438704,Máy giặt Cửa Trước Panasonic 9kg NA-V90FA1LVT - Giặt thông minh - Giặt diệt khuẩn - Tự động vệ sinh lồng giặt & vòng đệm - Hàng chính hãng,"""ĐẶC ĐIỂM NỔI BẬT- Loại bỏ tác nhân gây dị ứng và vết bẩn cứng đầu với tính năng giặt nước nóng- Hệ thống ActiveFoam tạo ra lớp bọt mịn và đậm đặc thấm sâu vào sợi vải để dễ dàng đánh bay vết bẩn và v...",8849000,541000,6,0,,1.0,Panasonic
273326157,MÁY GIẶT SẤY MINI DOUX 12 CHỨC NĂNG LUX DX-1335 BẢN NÂNG CẤP 2023 CÓ CHỨC NĂNG SẤY HÀNG CHÍNH HÃNG,"Máy giặt mini doux lux dx-1328, máy giặt sấy mini doux 12 chức năng dx-1335 bảo hành chính hãng 12 tháng Ba mẹ lưu ý: có 2 mã sp: DOUX LUX DX-1328 (có ánh sáng xanh không sấy & DOUX DX-1335 (khô...",5350000,150000,3,0,,1.0,Doux
277582503,Máy giặt mini chức năng giặt nhiệt độ cao Lumias WS040WH Hàng chính hãng,Tên sản phẩmMáy giặt mini chức năng giặt nhiệt độ cao Lumias WS040WHModelWS040WHCông suất giặt220WCông suất giặt khi làm nóng nước1500WĐiện áp/Tần số220V/50HzChất liệu Lồng giặ...,4010000,0,0,0,,,Lumena
275927233,Hộp 12 viên tẩy vệ sinh lồng máy giặt diệt khuẩn và làm sạch lồng giặt hiệu quả KG9S - Hàng chính hãng,"- Hộp 12 Viên Khử Mùi Làm Sạch Máy Giặt rất tiện lợi trong việc sử dụng, chỉ cần thả 1 viên vào lồng giặt là lồng giặt nhà chị em sẽ sạch như mới và 1 tháng sau mới phải tẩy lại. - Công dụng sản phẩ...",27000,21000,44,0,,18.0,KINGO
276381848,"Máy giặt Hisense 8kg WTZQ8012UT Giặt Eco tiết kiệm điện năng, bảo hành 24 tháng - HÀNG CHÍNH HÃNG","Máy giặt Hisense 8kg WTZQ8012UT trang bị 10 chương trình hoạt động kết hợp với công nghệ giặt tạo bọt Bubble Clean dễ dàng đánh bay vết bẩn với, bộ lọc đôi Magic Filter giúp loại bỏ xơ vải và những tạ...",3089000,1901000,38,0,,,Hisense
278620538,"Đế chống rung máy giặt chân máy giặt chân bàn 4 miếng cao cấp, chống rung chống ồn chống trơn trượt (giao màu ngẫu nhiên) ","Mô tả sản phẩm1. ĐẶC ĐIỂM NỔI BẬT:- Được làm từ chất liệu nhựa tự nhiên, mạnh mẽ, linh hoạt chống rung và cách ly tiếng ồn hiệu quả.- Tích hợp phần đế trên đáy miếng đệm cao su và phần nhựa PP mà...",80000,0,0,0,,,LuckyJQR
276229559,"Bạt Áo Trùm Máy Giặt Cửa Trên, Cửa Ngang Vải Dù Siêu Dày, Chống Thấm Nước, Không Phai Màu - (Giao Màu - Họa Tiết Ngẫu Nhiên)","Vỏ Bọc Máy Giặt, Áo Trùm Máy Giặt Chống Thấm Nước Size Lớn Cao Cấp 88192 Tiện Ích Việt Nam 99- Áo trùm máy giặt cửa trên phù hợp với các loại máy giặt , phủ kín thân máy và nắp máy.- Sản phẩm được l...",160000,0,0,2,,9.0,LuckyJQR
276363861,Máy Giặt Toshiba 8.0Kg AW-M905BV(MK) - Hàng chính hãng - Truyền động gián tiếp (dây Curoa) -  Công nghệ suy luận ảo Fuzzy Logic – Lồng giặt ngôi sao pha lê,"Máy giặt Toshiba 8kg AW-M905BV(MK) thuộc kiểu máy giặt cửa trên – lồng đứng sang trọng, giặt sạch quần áo và giảm thiểu hư tổn sợi vải với lồng giặt ngôi sao pha lê, tự động kiểm tra lượng đồ giặt và ...",4894000,0,0,0,,,Toshiba
276360605,Máy Giặt Sharp 8.5Kg ES-Y85HV-S [Hàng chính hãng ] chỉ giao HCM - Công nghệ giặt luồng nước 3 chiều,"Những áp lực về “cơm áo gạo tiền”, khiến nhiều người thường không có thời gian lo cho gia đình, bản thân. Thông qua  Sharp 8.5 Kg ES-Y85HV-S ứng dụng nhiều công nghệ như công nghệ giặt luồng nước 3 ch...",4898000,0,0,0,,,Sharp
200653390,Máy giặt mini DOUX LUX phiên bản mới nhất bảo hành 1 năm - Hàng nhập khẩu,Máy giặt Mini DOUX ra bản Lux mới các mẹ: Máy giặt mini doux lux phiên bản mới nhất bảo hành 1 nămĐặc điểm nổi bật của Máy giặt mini doux lux phiên bản mới nhất bảo hành 1 năm:- Màn hình CẢM ỨNG tha...,3949900,0,0,0,,3.0,Doux
276379149,Máy giặt Aqua 9 kg AWM9-316K(B) - Bảo hành 2 năm - Hỗ trợ lắp đặt - Hàng chính hãng,Thông số cơ bảnXuất xứ: Việt NamKích thước (R x S x C) (mm): 520x580x944Công suất (W hoặc HP): 1750 Thông số kỹ thuậtKhối lượng giặt (KG): 9Tốc độ thùng xoay khi vắt (Vòng/phút): 700Điện năng ...,6190000,0,0,0,,2.0,Aqua
275436257,Máy Giặt Cửa Trước Panasonic 10kg NA-V10FA1LVT - Giặt Thông Minh - Giặt Diệt Khuẩn - Tự Động Vệ Sinh Lồng Giặt & Vòng Đệm  - Hàng chính hãng ,ĐẶC ĐIỂM NỔI BẬT- Công nghệ giặt nước nóng StainMaster+ loại bỏ hiệu quả nhiều loại vết bẩn- Hệ thống ActiveFoam tạo ra lớp bọt mịn và đậm đặc thấm sâu vào sợi vải để dễ dàng đánh bay vết bẩn và vết b...,10035000,1865000,16,0,,,Panasonic
274136648,Máy Giặt LG 9 Kg T2109NT1G - Hàng Chính Hãng - Giao HCM,"Khu vực ngoại thành HCM có giao hàng tính phí, vui lòng liên hệ trước.Lắp đặt MIỄN PHÍ ở nhà trệt / có thang máy, lên lầu thang bộ có phí.Cần hỗ trợ giao hàng nhanh, quý KH vui lòng liên hệ / chat ...",4389000,601000,12,0,,1.0,LG
135475714,Máy giặt đồ cho em bé DOUX phiên bản mới nhất chính hãng,"       TÊN SẢN PHẨM MÁY GIẶTMINI DÀNH CHO EM BÉ DOUX   CÔNG DỤNG Giải phóng sức lao động, đang là osin chuyển về bà hoàng công nghệ   LÝ DO CHỌN MÁY   - Giá 3.600.000, chia ra 360 ngày thì chi ...",5310000,939900,15,0,,,Doux
273502215,Máy giặt Casper 7.5 kg WT-75NG1 - Hàng Chính Hãng - Chỉ giao HCM,  Tổng quan   Loại máy giặt: Cửa trên   Lồng giặt: Lồng đứng   Khối lượng giặt: 7.5 Kg   Số người sử dụng: Từ 2 - 3 người (Dưới 8 kg)   Kiểu động cơ: Truyền động gián tiếp (dây Curoa)   Tốc độ ...,3424000,0,0,0,,,Casper
160488856,"Máy Sấy Mishio MK308 tia UV Diệt Khuẩn Sấy Quần Áo, Sưởi ấm Chăn Nệm, Sấy Giày",  THÔNG SỐ KỸ THUẬT/TECHNICAL DATA Tên sản phẩm & modelPattern Name & modelMáy sấy quần áoMK-308SKU8936196061889Thương hiệuBrandMishioXuất xứOrigin...,699000,0,0,3,,14.0,Mishio
276334909,Lưới lọc dành cho máy giặt LG,"Thông tin sản phẩm:Lưới lọc dành cho máy giặt L.G sử dụng cho các dòng máy giặt L.G** Túi lọc máy giặt là gì?- Là túi để lọc các bông hoặc xơ vải của quần áo khi giặt đồ, không cho các sợi vải, bột...",130000,0,0,0,,1.0,LuckyJQR
276952099,"Máy Giặt Hisense 13kg WTJH1313UB Giặt thông minh AI tiết kiệm điện và nước, bảo hành 2 năm - HÀNG CHÍNH HÃNG","Máy Giặt Hisense 13kg WTJH1313UB sở hữu khối lượng giặt lớn thích hợp với gia đình từ 7 thành viên trở lên. Kết hợp 10 chương trình giặt đa dạng, máy giặt Hisense giúp gia đình bạn luôn có quần áo sạc...",6490000,3500000,35,0,,1.0,Hisense
275386509,Bóng Giặt Quần Áo Cầu Gai Chống Nhăn Siêu Sạch Cao Su Cỡ Lớn Bóng Giặt Đồ Sinh Học,"BÓNG LÀM PHẲNG QUẦN ÁO TỰ ĐỘNGTHẬT TIẾT KIỆM - MUA 1 LẦN DÙNG MÃI MÃI- Đường kính bóng 5,5 cm- Giặt quần áo bằng máy giặt mà không lo bị nhàu quần áo!! Quần áo phẳng như mới mà không cần dùng bàn ...",19000,10000,34,0,,1.0,Foam Cleaner
276381979,"Máy giặt Hisense cửa trên WTZQ1015UT 10.5kg bộ lọc xơ vải kép, bảo hành 3 năm - HÀNG CHÍNH HÃNG","Máy giặt Hisense cửa trên WTZQ1015UT 10.5kg với công nghệ Active Hygiene 1.0 diệt khuẩn kép lên đến 98.35%, công nghệ tạo bọt Bubble Clean loại bỏ bẩn, tránh cặn bột giặt còn sót lại, bộ lọc đôi Magic...",9990000,0,0,0,,,Hisense
276334819,COMBO 2 Phao Lọc Cặn Bẩn Máy Giặt Thông Minh - Túi Lọc Gom Rác Lông Tóc Trong Lồng Máy Giặt,"Mô tả sản phẩm Phao Lọc Cặn Bẩn Máy Giặt Thông Minh - Túi Lọc Gom Rác Lông Tóc Trong Lồng Máy GiặtMô tả:100% hàng mới, chất lượng cao.Chất liệu - Làm bằng PP và polyester, không độc hại, không...",70000,0,0,0,,2.0,LuckyJQR
278112485,[Nhiều Size]- Áo Bọc Bàn Ủi Có Lót Mút- Chống Cháy Đa Năng – Dây Cột Tiện Lợi Vỏ Bọc Bàn Là Gọn Nhẹ – Phù Hợp Nhiều Kích Cỡ,"📝 MÔ TẢ CHI TIẾT:Sản phẩm: Áo bọc bàn để ủi (loại dây cột)Kích thước:30x60cm30x80cm35x100cm33x110cm33x120cmChất liệu: Vải cotton/polyester pha dày dặn, có lớp chống nóng, chống thấm nhẹKiểu...",90000,0,0,2,,32.0,SOHOGO
254147894,Bộ 2 Bóng giặt thông minh 6.5cm- Quả bóng giặt gai đa năng- Bóng giặt không cần xà phòng- Bóng massage giặt đồ 6.5cm- Bóng giặt tiết kiệm nước và điện- Bóng làm mềm vải tự nhiên- Bóng giặt bảo vệ môi trường- sBóng giặt thông minh không hóa chất,"Mô tả chi tiết sản phẩmChất liệu: Nhựa TPR cao cấp, dẻo dai, bền, không gây hại cho máy giặt hay quần áo.Thiết kế: Hình cầu  6.5 cm với các gai nhỏ đều nhau, giúp tạo lực ma sát khi xoay trong máy ...",55000,0,0,2,,48.0,SOHOGO
272850098,Máy giặt Panasonic 8.2 kg NA-F82Y01DRV - Hàng Chính Hãng - Giao HCM,Loại máy:Cửa trênLồng đứngKhối lượng giặt:8.2 KgTừ 3 - 5 ngườiKiểu động cơ:Truyền động gián tiếp (dây Curoa)Công nghệ giặt:Hệ thống ActiveFoamTiện ích:Nắp máy trợ lực chống kẹt tayVệ sin...,4926000,774000,14,0,,,Panasonic
276379140,Máy giặt Aqua 7.2 kg AWM72-316K(S) - Bảo hành 2 năm - Hỗ trợ lắp đặt - Hàng chính hãng,"Đặc điểm nổi bậtKhối lượng giặt 7.2 kg thích hợp với gia đình từ 2 đến 3 thành viên. Công nghệ giặt Aroma cho quần áo được thơm tho dài lâu. Mâm giặt kháng khuẩn ABT, kháng vi khuẩn tốt, giú...",3889000,2101000,35,0,,,Aqua
197853158,[Giao toàn quốc] Máy giặt Bosch WGG234E0SG - Khối Lượng Giặt 8kg - 9 Chương Trình Giặt - Hàng Chính Hãng,"Máy giặt BOSCH 8 Kg WGG234E0SG có kiểu thiết kế lồng ngang vừa cổ điển vừa hiện đại, kết hợp với gam màu sang trọng, thanh lịch gây ấn tượng ngay từ cái nhìn đầu tiên.Khối lượng giặt 8 kg phù hợp ch...",13890000,0,0,0,,,Bosch
32925577,Máy giặt Electrolux Inverter 9.5 kg EWF9523ADSA,"GIAO HÀNG VÀ LẮP ĐẶT CÙNG LÚC, KHU VỰC CẦN GIỜ CÓ GIAO HÀNG TÍNH PHÍ, VUI LÒNG LIÊN HỆ TRƯỚCVật tư phát sinh tính phí theo thực tế.Bảo hành chính hãng , có người đến tận nhà hỗ trợ....",8726000,1574000,15,0,,,Electrolux
32925534,Máy giặt Electrolux Inverter 9.5 kg EWF9523ADSA,"GIAO HÀNG VÀ LẮP ĐẶT CÙNG LÚC, KHU VỰC CẦN GIỜ CÓ GIAO HÀNG TÍNH PHÍ, VUI LÒNG LIÊN HỆ TRƯỚCVật tư phát sinh tính phí theo thực tế.Bảo hành chính hãng , có người đến tận nhà hỗ trợ....",8726000,1574000,15,0,,1.0,Electrolux
273921385,Máy Giặt Funiki HWM T6105ABG 10.5KG Thái Lan - Hàng Chính Hãng (Chỉ giao HCM),"Khu vực ngoại thành HCM có giao hàng tính phí, vui lòng liên hệ trước.Lắp đặt MIỄN PHÍ CƠ BẢN  ở nhà trệt / có thang máy, lên lầu thang bộ có phí. Có sẵn đường cấp nước, vật tư phát sinh tính riêng...",5179000,2820000,35,0,,,Funi
278070611,"|SP MỚI| Máy giặt Hisense Inverter 9kg WF90N1Y Giặt Hơi Nước Diệt Khuẩn, Lắp Đặt Toàn Quốc - HÀNG CHÍNH HÃNG","Máy giặt Hisense Inverter 9kg WF90N1Y với thiết kế hiện đại, khối lượng giặt 9 kg phù hợp với gia đình 4-6 thành viên, máy tích hợp đa dạng nhiều chương trình giặt thông minh và nhiều công nghệ giặt h...",5990000,4000000,40,0,,,Hisense
102017121,Túi treo bảo quản túi xách đa năng 6 ngăn- Kệ vải treo túi xách thông minh- Tổ chức túi xách treo tủ tiết kiệm không gian- Túi đựng túi xách treo tủ có móc- Giá treo túi xách ngăn cách chống bụi,Túi treo giỏ xách 6 ngăn 3 tầng đa năng Mô tả chi tiết sản phẩm:Giá treo túi xách thông minh là giải pháp tối ưu để lưu trữ và bảo quản túi xách gọn gàng trong tủ quần áo. Sản phẩm được thiết kế dạn...,79000,0,0,8,,109.0,SOHOGO
276379145,Máy giặt Aqua 8 kg AWM8-316K(B) - Bảo hành 2 năm - Hỗ trợ lắp đặt - Hàng chính hãng,Thông số cơ bảnXuất xứ: Việt NamKích thước (R x S x C) (mm): 520x580x944Công suất (W hoặc HP): 1750W Thông số kỹ thuậtKhối lượng giặt (KG): 8Tốc độ thùng xoay khi vắt (Vòng/phút): 700Điện năng...,5390000,0,0,0,,1.0,Aqua
273561523,Găng Tay Chống Nóng Ủi Hơi Nước Đa Năng- Bao Tay Cách Nhiệt Hỗ Trợ Ủi Đồ -Găng Tay Hơi Nước Chống Phỏng An Toàn -Găng Tay Ủi Quần Áo Bằng Hơi Đa Lớp,GĂNG TAY ỦI ĐỒ ĐA NĂNG CHO BÀN LÀ HƠI NƯỚC VÀ BÀN ỦI THƯỜNG Mô tả chi tiết sản phẩm:Găng tay cách nhiệt ủi đồ bằng hơi nước là phụ kiện thiết yếu giúp bảo vệ tay khỏi nhiệt độ cao khi sử dụng bàn ủi...,65000,0,0,11,,125.0,SOHOGO
54644755,"Áo bọc bàn để ủi quần áo, nhiều họa tiết - Áo trùm bàn ủi đồ, chọ size theo ý, giao mẫu ngẫu nhiên+ Tặng kèm hình dán","LƯU Ý: SHOP BÁN ""ÁO BỌC"" CÓ KÍCH THƯỚC LÀ 35x100CM , DÙNG CHO BÀN ỦI CÓ SIZE 98x34CM LÀ VỪA, CÓ GHI RÕ TRÊN BAO BÌ, KHÁCH MUA HÀNG XEM KỸ VÀ PHÂN BIỆT RÕ 2 SIZE NÀY KHÁC NHAU HOÀN TOÀN Ạ. BÊN TRÁI CÓ ...",75000,0,0,197,,1030.0,ST SOHOGO
191509440,Máy Giặt Lồng Đứng Whirlpool STAINCLEAN 10.5KG BẠC VWVC10502FS - Hàng Chính Hãng (chỉ giao HCM),"StainClean - Giặt sạch mạnh mẽChương trình được thiết kế đặc biệt để đánh bay vết bẩn nhờ luồng nước mạnh và thuật toán đặc biệt. Loại bỏ 15 vết bẩn hàng ngày như nước tương, nước trái cây, cà rốt...",4758000,942000,17,0,,,WHIRLPOOL
274583612,Máy Giặt LG 9 Kg T2109NT1G - Hàng chính hãng - Chỉ giao HCM,"Máy giặt cửa trên sở hữu thiết kế tối giảnMáy Giặt LG 9 Kg T2109NT1G có kiểu dáng khá vuông vắn, hài hòa với các cạnh được bo cong mềm mại. Sở hữu màu sắc trang nhã nên chiếc máy giặt LG cửa trên này...",4389000,1601000,27,0,,,LG
175435932,"Bộ 2 Bóng Giặt Cầu Gai 11Cm Hỗ Trợ Giặt Đồ Siêu Sạch Chống Nhăn Quần Áo Bóng giặt quần áo, Banh giặt quần áo chống nhăn cỡ lớn 11cm khử khuẩn mùi ẩm mốc","Bóng giặt quần áo - Bóng giặt sinh học giặt đồ thông minh chống nhăn MÔ TẢ CHI TIẾT QUẢ BÓNG GIẶT SINH HỌC Cấu tạo:Hình cầu, làm bằng nhựa ABS cao cấp, chịu lực tốt, bền bỉ.Kích thước: 11x10cm...",99000,0,0,4,,46.0,SOHOGO
255421912,Máy Giặt Mini Tự Động Máy Giặt Gấp Gọn,"️THÔNG TIN SẢN PHẨM: - Chất liệu nhựa cao cấp - Màu sắc: xanh, hồng - Điện áp: 220V - Tần số: 50 / 60hz - Dung tích: 2,8L - Công suất: 36W ️MÔ TẢ SẢN PHẨM: - Máy giặt cho các vật dụng cá nhân, vắt sổ,...",291000,0,0,0,,,OEM
260741380,Máy Giặt Mini Tự Động Máy Giặt Gấp Gọn Khử Khuẩn Bằng Ánh Sáng Xanh SUMI,"        HOME LIFE SHOP – CHUYÊN CUNG CẤP CÁC SẢN PHẨM CHẤT LƯỢNG CAO, GIÁ TỐT,   PHỤC VỤ MỌI NHU CẦU CỦA BẠN    THÔNG TIN SẢN PHẨM   - Chất liệu: Nhựa cao cấp   - Màu sắc: Xanh   - Điện áp: 2...",234989,0,0,0,,5.0,OEM
252561270,Máy Giặt Mini Cho Bé Máy Giặt Đồ Mini Gấp Gọn Di Động Vắt Khô Khử Khuẩn Bằng Ánh Sáng Xanh Đèn - HÀNG CHÍNH HÃNG MINIIN,Máy Giặt Mini Cho Bé Máy Giặt Đồ Mini Gấp Gọn Di Động Vắt Khô Khử Khuẩn Bằng Ánh Sáng Xanh Đèn - HÀNG CHÍNH HÃNG MINIINMáy Giặt Mini Gấp Gọn THÔNG TIN SẢN PHẨM - Chất liệu: Nhựa cao cấp - Màu sắc...,399000,0,0,11,,60.0,MINIIN
255427370,Máy giặt mini cao cấp gấp gọn tự động thông minh,"️THÔNG TIN SẢN PHẨM: - Chất liệu nhựa cao cấp - Màu sắc: xanh, hồng - Điện áp: 220V - Tần số: 50 / 60hz - Dung tích: 2,8L - Công suất: 36W ️MÔ TẢ SẢN PHẨM: - Máy giặt cho các vật dụng cá nhân, vắt sổ,...",298000,0,0,1,,,OEM
276527650,Máy giặt mini Lumias WS030 Pro,Tên sản phẩmMáy giặt mini Lumias WS030 ProModel WS030 ProCông suất giặt230WMực nước tối đa13LChất liệu Lồng giặt bằng thép không gỉCánh quạt bằng nhựaTính năng Giặt ở nhiệt ...,3490000,0,0,1,,5.0,Lumena
263052809,Máy giặt mini cao cấp gấp gọn tự động thông minh vắt khô khử khuẩn bằng ánh sáng xanh Blue Ag tiện lợi phù hợp với mọi g,"CÔNG DỤNG: 1. Sản phẩm phù hợp với: Gia đình có em bé cần giặt riêng đồ của baby rất tiện lợi, người trẻ tuổi độc thân, người già và những nhu cầu cần giặt thường xuyên số lượng đồ không nhiều: 2. Bạn...",286000,0,0,0,,,OEM
51615783,"Bàn Để Ủi Quần Áo Kiểu Ngồi Lót Nhựa 30 x 80 cm, Có Gía Đỡ, 4 Chân Xếp Gấp Gọn (Giao Họa Tiết Ngẫu Nhiên)","Thiết kế gọn nhẹ, có thể xếp gọn tiện dụng, kết cấu đơn giản chịu lực tốt giúp bạn ủi quần áo phẳng phiu, nhanh chóng hơn.Bàn được làm bằng gỗ, inox, thé chắc chắn, bên ngoài bọc vải cotton không bị ...",319000,0,0,18,,55.0,KokOmega
4528569,Máy giặt thảm phun hút Numatic GVE370 - Hàng chính hãng,Đặc điểm sản phẩm máy giặt thảm hút bụi công nghiệp Numatic GVE370-2.Máy giặt thảm phun hút Numatic GVE370-2Máy giặt thảm phun hút Numatic GVE 370-2 là một sản phẩm đa chức năng tất cả trong một. ...,24960000,0,0,0,,,Numatic
271301801,"Máy giặt mini tự động, khử khuẩn bằng ánh sáng xanh, giúp quần áo sạch khuẩn","* MÔ TẢ SẢN PHẨM:- Gọn nhẹ để trong gia đình, phù hợp với gia đình có trẻ nhỏ - Mô phỏng động tác giặt tay, nước xoáy đánh bật vết bẩn cứng đầu - Sản phẩm phù hợp với: Gia đình có em bé cần giặt r...",299000,0,0,1,,3.0,OEM
260743765,Máy Giặt Mini Tự Động Máy Giặt Gấp Gọn Khử Khuẩn Bằng Ánh Sáng Xanh SUMI,       CÁC MẶT HÀNG ĐỀU SẴN HÀNG - CÓ VẬN CHUYỂN GIAO HÀNG HỎA TỐC   THÔNG TIN SẢN PHẨM   - Chất liệu: Nhựa cao cấp   - Màu sắc: Xanh   - Điện áp: 220V   - Tần số : 50/60hz   - Dung tích : 2...,291000,0,0,2,,,OEM
278401176,Bộ 2 Túi Lọc Rác Máy Giặt Kèm Quả Cầu Xoay -Túi Hứng Rác Lưới Máy Giặt Đa Năng -Bẫy Lọc Lông & Cặn Giặt Xoay Thông Minh," Mô tả chi tiết sản phẩm:Sản phẩm gồm phần lưới lọc hình nón bằng vải mịn và phần nắp nhựa tròn có gắn các quả cầu xoay. Kích thước: cao 15.5cm, đường kính 9.5cm. Khi hoạt động trong máy giặt, các qu...",59000,0,0,0,,1.0,SOHOGO
120099998,Nước giặt," Giặt mà ko cần xả vải mà quần áo vẫn mềm mại Lưu hương bền lâu Không hại da tay Đánh bại mọi vết bẩn Rất an toàn cho sức khỏe gia đình bạn và da e bé. Can và chai nhựa cao cấp, tránh khuếch tán ...",133000,0,0,0,,,JUDA 
23923398,Máy giặt Electrolux Inverter 9.5 kg EWF9523ADSA - Hàng Chính Hãng,"GIAO HÀNG VÀ LẮP ĐẶT CÙNG LÚC, KHU VỰC CẦN GIỜ CÓ GIAO HÀNG TÍNH PHÍ, VUI LÒNG LIÊN HỆ TRƯỚCVật tư phát sinh tính phí theo thực tế.Bảo hành chính hãng , có người đến tận nhà hỗ trợ....",8726000,1574000,15,0,,2.0,Electrolux
275348518,Máy giặt LG Inverter 9 kg FB1209S6W1 - Hàng Chính Hãng,Máy giặt lồng ngang LG AI DD Inverter 9kg màu trắng FB1209S6W1       WM-Vivace-V400-C4R-White-01-1-Vivace-Intro  AI DD l...,6291000,2699000,30,11,,7786.0,LG
120103753,Nước giặt," Giặt mà ko cần xả vải mà quần áo vẫn mềm mại Lưu hương bền lâu Không hại da tay Đánh bại mọi vết bẩn Rất an toàn cho sức khỏe gia đình bạn và da e bé. Can và chai nhựa cao cấp, tránh khuếch tán ...",165000,0,0,0,,,JUDA 
201843045,Máy giặt Toshiba 9.0kg AW-M1000FV(MK) - Hàng chính hãng (chỉ giao HCM),"Máy giặt Toshiba 9 kg AW-M1000FV(MK) có kiểu thiết kế bắt mắt với nắp máy có thể chống đọng nước. Máy có khả năng tự động cân chỉnh lượng nước theo khối lượng giặt, thậm chí giặt sạch quần áo hiệu quả...",5339000,2960000,36,0,,1.0,Toshiba
273351808,Máy giặt Casper cửa trên 8kg EcoWash WT-8NG2 - Hàng chính hãng - Chỉ giao HCM,Mâm giặt hình vây cáMâm giặt hình vây cá là một thiết kế đặc biệt của lồng giặt trong một số loại máy giặt. Mâm giặt của Casper WT-8NG2 máy giặt 8 kg hình vây cá có các rãnh và gờ nhô ra như vây của...,3645000,0,0,0,,,Casper
200653390,Máy giặt mini DOUX LUX phiên bản mới nhất bảo hành 1 năm - Hàng nhập khẩu,Máy giặt Mini DOUX ra bản Lux mới các mẹ: Máy giặt mini doux lux phiên bản mới nhất bảo hành 1 nămĐặc điểm nổi bật của Máy giặt mini doux lux phiên bản mới nhất bảo hành 1 năm:- Màn hình CẢM ỨNG tha...,3949900,0,0,0,,3.0,Doux
205582479,Máy Giặt Aqua 10 Kg AQW-U100FT (BK)- hàng chính hãng,"Thông số kỹ thuậtKhối lượng giặt (Kg)10,0Kích thước (R x S x C) (mm)560 x 630 x 1006Khối lượng tịnh (Kg)36,5Màu sắc (Thân)ĐenDung tích thùng chứa (L)58.7Lượng nước tiêu thụ (L)141Tốc độ thùng x...",5639000,3160000,36,0,,,Aqua
274953048,Máy giặt thông minh Samsung Bespoke AI™ với Ngăn giặt xả tự động 14 kg WW14BB944DGBSV - Hàng chính hãng,Đang cập nhật...,12789000,3801000,23,0,,,Samsung
135475714,Máy giặt đồ cho em bé DOUX phiên bản mới nhất chính hãng,"       TÊN SẢN PHẨM MÁY GIẶTMINI DÀNH CHO EM BÉ DOUX   CÔNG DỤNG Giải phóng sức lao động, đang là osin chuyển về bà hoàng công nghệ   LÝ DO CHỌN MÁY   - Giá 3.600.000, chia ra 360 ngày thì chi ...",5310000,939900,15,0,,,Doux
32925575,Máy Giặt Cửa Trước Inverter Electrolux EWF9523ADSA (9.5kg) - Hàng Chính Hãng (Bạc),"GIAO HÀNG VÀ LẮP ĐẶT CÙNG LÚC, KHU VỰC CẦN GIỜ CÓ GIAO HÀNG TÍNH PHÍ, VUI LÒNG LIÊN HỆ TRƯỚCVật tư phát sinh tính phí theo thực tế.Bảo hành chính hãng , có người đến tận nhà hỗ trợ....",8726000,1574000,15,1,,1.0,Electrolux
273326157,MÁY GIẶT SẤY MINI DOUX 12 CHỨC NĂNG LUX DX-1335 BẢN NÂNG CẤP 2023 CÓ CHỨC NĂNG SẤY HÀNG CHÍNH HÃNG,"Máy giặt mini doux lux dx-1328, máy giặt sấy mini doux 12 chức năng dx-1335 bảo hành chính hãng 12 tháng Ba mẹ lưu ý: có 2 mã sp: DOUX LUX DX-1328 (có ánh sáng xanh không sấy & DOUX DX-1335 (khô...",5350000,150000,3,0,,1.0,Doux
32925540,Máy Giặt Cửa Trước Inverter Electrolux EWF9523ADSA (9.5kg) - Hàng Chính Hãng (Bạc),"GIAO HÀNG VÀ LẮP ĐẶT CÙNG LÚC, KHU VỰC CẦN GIỜ CÓ GIAO HÀNG TÍNH PHÍ, VUI LÒNG LIÊN HỆ TRƯỚCVật tư phát sinh tính phí theo thực tế.Bảo hành chính hãng , có người đến tận nhà hỗ trợ....",8726000,1574000,15,0,,1.0,Electrolux
275927233,Hộp 12 viên tẩy vệ sinh lồng máy giặt diệt khuẩn và làm sạch lồng giặt hiệu quả KG9S - Hàng chính hãng,"- Hộp 12 Viên Khử Mùi Làm Sạch Máy Giặt rất tiện lợi trong việc sử dụng, chỉ cần thả 1 viên vào lồng giặt là lồng giặt nhà chị em sẽ sạch như mới và 1 tháng sau mới phải tẩy lại. - Công dụng sản phẩ...",27000,21000,44,0,,18.0,KINGO
56403960,Máy giặt Toshiba Inverter 9.0 kg AW-DK1000FV-KK - HÀNG CHÍNH HÃNG,"Kiểu dáng nhỏ gọn, gam màu sang trọngMáy giặt Toshiba Inverter 9.0 kg AW-DK1000FV(KK) có kiểu dáng nhỏ gọn, gam màu đen chủ đạo toát lên vẻ chắc chắn. Vỏ máy được làm từ kim loại sơn tĩnh điện rất nổ...",5969000,3430000,36,14,,35.0,Toshiba
276270997,Máy giặt Electrolux UltimateCare 500 Inverter 9 kg EWF9023P5SC - HÀNG CHÍNH HÃNG - CHỈ GIAO HCM,NHÀ BÁN HÀNG CAM KẾT: - SẢN PHẨM MỚI 100% - ĐƯỢC BẢO HÀNH CHÍNH HÃNG (Hãng trực tiếp bảo hành sản phẩm cho quý khách hàng theo chính sách). - QUÝ KHÁCH ĐƯỢC QUYỀN KHUI THÙNG KIỂM TRA TRƯỚC KHI THA...,9516000,2484000,21,0,,,Electrolux
278620538,"Đế chống rung máy giặt chân máy giặt chân bàn 4 miếng cao cấp, chống rung chống ồn chống trơn trượt (giao màu ngẫu nhiên) ","Mô tả sản phẩm1. ĐẶC ĐIỂM NỔI BẬT:- Được làm từ chất liệu nhựa tự nhiên, mạnh mẽ, linh hoạt chống rung và cách ly tiếng ồn hiệu quả.- Tích hợp phần đế trên đáy miếng đệm cao su và phần nhựa PP mà...",80000,0,0,0,,,LuckyJQR
191081525,Máy Giặt Cửa Trước Panasonic 9 Kg NA-V90FC1WVT - Diệt khuẩn đến 99.99% - Tính năng sấy tiện ích - Hàng Chính Hãng (Trắng) - Giao Toàn Quốc,"Máy Giặt Cửa Trước Panasonic 9 Kg NA-V90FC1WVT với thiết kế tối giản, thanh lịch tôn lên không gian sống của bạn. Thân máy thanh lịch có thiết kế tối giản với những đường thẳng và tròn đơn giản. ECONA...",12559000,2241000,15,0,,,Panasonic
158445872,Máy giặt cửa trên Sharp 10kg ES-Y100HV-S - Hàng chính hãng( Chỉ giao tại HCM),"GIAO HÀNG VÀ LẮP ĐẶT CÙNG LÚC, KHU VỰC CẦN GIỜ CÓ GIAO HÀNG TÍNH PHÍ, VUI LÒNG LIÊN HỆ TRƯỚC.* Lắp đặt miễn phí lúc giao hàng ở nhà trệt / có thang máy, vật tư phát sinh tính phí.* Cần hỗ trợ giao hàn...",5289000,3210000,38,1,,4.0,Sharp
275910272,MÁY GIẶT KAFF KF-MFC1062T3B. Hàng Chính Hãng,"• Máy giặt cửa trước hiện đại lồng ngang• 15 chương trình giặt tự động tích hợp (ECO 40-60, Cotton, Cotton prewash, Cotton 20°C,Colours, Synthetics, Wool, Duvet, Rinse, Allergy Safe, Spin/Drain, Han...",20200000,0,0,0,,,KAFF
276229559,"Bạt Áo Trùm Máy Giặt Cửa Trên, Cửa Ngang Vải Dù Siêu Dày, Chống Thấm Nước, Không Phai Màu - (Giao Màu - Họa Tiết Ngẫu Nhiên)","Vỏ Bọc Máy Giặt, Áo Trùm Máy Giặt Chống Thấm Nước Size Lớn Cao Cấp 88192 Tiện Ích Việt Nam 99- Áo trùm máy giặt cửa trên phù hợp với các loại máy giặt , phủ kín thân máy và nắp máy.- Sản phẩm được l...",160000,0,0,2,,9.0,LuckyJQR
73157319,Máy giặt cửa trên Toshiba Inverter 9.0 kg AW-DK1000FV(KK) Model 2020 - Chỉ giao HCM,"Kiểu dáng nhỏ gọn, gam màu sang trọngMáy giặt Toshiba Inverter 9.0 kg AW-DK1000FV(KK) có kiểu dáng nhỏ gọn, gam màu đen chủ đạo toát lên vẻ chắc chắn. Vỏ máy được làm từ kim loại sơn tĩnh điện rất n...",6049000,3350000,36,0,,1.0,Toshiba
209412052,Máy giặt Whirlpool 10.5 kg VWVC10502FS - Hàng chính hãng - Giao HCM và 1 số tỉnh thành,"Tổng quan thiết kế- Kiểu dáng: máy giặt lồng đứng - cửa trên.- Bảng điều khiển: nút nhấn có màn hình hiển thị, sử dụng tiếng Việt đơn giản, dễ dùng.- Nắp máy: chất liệu kính chịu lực dày bền chắc ...",4758000,942000,17,0,,,WHIRLPOOL
275910403,MÁY GIẶT KAFF KF-MFC1269T3W. Hàng Chính Hãng,"• Máy giặt cửa trước hiện đại lồng ngang• 15 chương trình giặt tự động tích hợp (ECO 40-60, Cotton, Cotton prewash, Cotton 20°C,Colours, Synthetics, Wool, Duvet, Rinse, Allergy Safe, Spin/Drain, Han...",22800000,0,0,0,,,KAFF
275910524,MÁY GIẶT KAFF KF-MFC1269T3B. Hàng Chính Hãng,"• Máy giặt cửa trước hiện đại lồng ngang• 15 chương trình giặt tự động tích hợp (ECO 40-60, Cotton, Cotton prewash, Cotton 20°C,Colours, Synthetics, Wool, Duvet, Rinse, Allergy Safe, Spin/Drain, Han...",22800000,0,0,0,,,KAFF
70216956,Máy Giặt Panasonic 9.5Kg NA-FD95X1LRV - Hàng Chính Hãng - chỉ giao hàng TP.HCM,"Thiết kế sang trọng với gam màu đẹp mắt, nắp máy kính chịu lực bền bỉ có thiết kế tinh tế, hiện đại, gam màu sang trọng, dễ dàng hòa hợp với mọi không gian trong gia đình bạn. Với thiết kế phần nắp m...",8187000,1813000,18,0,,,Panasonic
275910116,MÁY GIẶT KAFF KF-MFC1062T3W. Hàng Chính Hãng,"• Máy giặt cửa trước hiện đại lồng ngang• 15 chương trình giặt tự động tích hợp (ECO 40-60, Cotton, Cotton prewash, Cotton 20°C,Colours, Synthetics, Wool, Duvet, Rinse, Allergy Safe, Spin/Drain, Han...",19500000,0,0,0,,,KAFF
160488856,"Máy Sấy Mishio MK308 tia UV Diệt Khuẩn Sấy Quần Áo, Sưởi ấm Chăn Nệm, Sấy Giày",  THÔNG SỐ KỸ THUẬT/TECHNICAL DATA Tên sản phẩm & modelPattern Name & modelMáy sấy quần áoMK-308SKU8936196061889Thương hiệuBrandMishioXuất xứOrigin...,699000,0,0,3,,14.0,Mishio
276334819,COMBO 2 Phao Lọc Cặn Bẩn Máy Giặt Thông Minh - Túi Lọc Gom Rác Lông Tóc Trong Lồng Máy Giặt,"Mô tả sản phẩm Phao Lọc Cặn Bẩn Máy Giặt Thông Minh - Túi Lọc Gom Rác Lông Tóc Trong Lồng Máy GiặtMô tả:100% hàng mới, chất lượng cao.Chất liệu - Làm bằng PP và polyester, không độc hại, không...",70000,0,0,0,,2.0,LuckyJQR
278070577,"|SP MỚI 2025| Máy giặt Hisense 9kg WT90F30 Giặt AI thông minh, Bảo hành 2 năm, Giao hàng toàn quốc - HÀNG CHÍNH HÃNG","Máy giặt Hisense 9kg WT90F30 là lựa chọn lý tưởng cho gia đình 3-5 thành viên, nổi bật với công nghệ giặt AI một chạm, tự động điều chỉnh mực nước và thời gian, mang lại hiệu quả giặt tối ưu. Máy giặt...",4990000,3000000,38,0,,,Hisense
276332736,Máy giặt Aqua 9 kg (KHÔNG INVERTER) AWM9-316K(B) - HÀNG CHÍNH HÃNG - CHỈ GIAO HCM,"Đặc điểm nổi bậtKhối lượng giặt 9 kg thích hợp với gia đình từ 3 đến 5 thành viên. Công nghệ giặt Aroma lưu giữ hương thơm dài lâu cho quần áo. Mâm giặt kháng khuẩn ABT, có khả năng kháng kh...",5149000,1841000,26,0,,,Aqua
158433999,Máy giặt SHARP ES-Y90HV-S 9kg - Hàng Chính hãng(Chỉ giao tại HCM),"Khu vực ngoại thành HCM có giao hàng tính phí, vui lòng liên hệ trước.Lắp đặt MIỄN PHÍ ở nhà trệt / có thang máy, vật tư phát sinh tính phí.Cần hỗ trợ giao hàng nhanh, quý KH vui lòng liên hệ / cha...",4589000,541000,11,0,,1.0,Sharp
275386509,Bóng Giặt Quần Áo Cầu Gai Chống Nhăn Siêu Sạch Cao Su Cỡ Lớn Bóng Giặt Đồ Sinh Học,"BÓNG LÀM PHẲNG QUẦN ÁO TỰ ĐỘNGTHẬT TIẾT KIỆM - MUA 1 LẦN DÙNG MÃI MÃI- Đường kính bóng 5,5 cm- Giặt quần áo bằng máy giặt mà không lo bị nhàu quần áo!! Quần áo phẳng như mới mà không cần dùng bàn ...",19000,10000,34,0,,1.0,Foam Cleaner
198565203,Máy giặt Whirlpool 10.5 kg VWVC10502FS -  Chỉ giao HCM,"Tổng quan thiết kế- Kiểu dáng: máy giặt lồng đứng - cửa trên.- Bảng điều khiển: nút nhấn có màn hình hiển thị, sử dụng tiếng Việt đơn giản, dễ dùng.- Nắp máy: chất liệu kính chịu lực dày bền chắc ...",4758000,942000,17,0,,,WHIRLPOOL
254147894,Bộ 2 Bóng giặt thông minh 6.5cm- Quả bóng giặt gai đa năng- Bóng giặt không cần xà phòng- Bóng massage giặt đồ 6.5cm- Bóng giặt tiết kiệm nước và điện- Bóng làm mềm vải tự nhiên- Bóng giặt bảo vệ môi trường- sBóng giặt thông minh không hóa chất,"Mô tả chi tiết sản phẩmChất liệu: Nhựa TPR cao cấp, dẻo dai, bền, không gây hại cho máy giặt hay quần áo.Thiết kế: Hình cầu  6.5 cm với các gai nhỏ đều nhau, giúp tạo lực ma sát khi xoay trong máy ...",55000,0,0,2,,48.0,SOHOGO
276334909,Lưới lọc dành cho máy giặt LG,"Thông tin sản phẩm:Lưới lọc dành cho máy giặt L.G sử dụng cho các dòng máy giặt L.G** Túi lọc máy giặt là gì?- Là túi để lọc các bông hoặc xơ vải của quần áo khi giặt đồ, không cho các sợi vải, bột...",130000,0,0,0,,1.0,LuckyJQR
278070372,"|SP MỚI 2025| Máy giặt Hisense 8kg WT80F30 Giặt AI thông minh, Bảo hành 2 năm, Giao hàng toàn quốc - HÀNG CHÍNH HÃNG","Máy giặt Hisense 8kg WT80F30 là lựa chọn lý tưởng cho gia đình 3-5 thành viên, nổi bật với công nghệ giặt AI một chạm, tự động điều chỉnh mực nước và thời gian, mang lại hiệu quả giặt tối ưu. Máy giặt...",4290000,2700000,39,0,,,Hisense
205924676,Máy giặt Toshiba 9 kg AW-M1000FV(MK) - Chỉ giao HCM,"Thiết kế- Máy giặt Toshiba 9 kg AW-M1000FV(MK) thuộc kiểu máy giặt lồng đứng với chất liệu vỏ máy làm bằng kim loại sơn tĩnh điện có độ bền tốt, giảm trầy xước và được thiết kế màu đen nên dễ dàng ph...",5379000,2920000,35,0,,1.0,Toshiba
273561523,Găng Tay Chống Nóng Ủi Hơi Nước Đa Năng- Bao Tay Cách Nhiệt Hỗ Trợ Ủi Đồ -Găng Tay Hơi Nước Chống Phỏng An Toàn -Găng Tay Ủi Quần Áo Bằng Hơi Đa Lớp,GĂNG TAY ỦI ĐỒ ĐA NĂNG CHO BÀN LÀ HƠI NƯỚC VÀ BÀN ỦI THƯỜNG Mô tả chi tiết sản phẩm:Găng tay cách nhiệt ủi đồ bằng hơi nước là phụ kiện thiết yếu giúp bảo vệ tay khỏi nhiệt độ cao khi sử dụng bàn ủi...,65000,0,0,11,,125.0,SOHOGO
250078848,Máy giặt sấy tự động Datkeys 10Kg Model DWF-100C14LTH-MYD60 | Hàng chính hãng,Máy giặt sấy tự động Datkeys 10KgModel DWF-100C14LTH-MYD60Máy giặt sấy tự động Datkeys 10Kg Model DWF-100C14LTH-MYD60 được tích hợp chức năng giặt sấy tự động với khối lượng giặt lên đến 10kg và sấ...,9900000,0,0,0,,1.0,Datkeys
175847076,Máy giặt Whirlpool 10.5 kg VWVC10502FS Mới 2022 -Hàng chính hãng( Chỉ giao HCM),"Máy giặt Whirlpool 10.5 kg VWVC10502FS sử dụng cho gia đình từ 7 thành viên với khối lượng giặt lớn, công nghệ giặt tẩy thông minh giúp giặt sạch hiệu quả, loại bỏ hoàn toàn cặn bột giặt và tiết kiệm ...",4758000,942000,17,0,,,WHIRLPOOL
102017121,Túi treo bảo quản túi xách đa năng 6 ngăn- Kệ vải treo túi xách thông minh- Tổ chức túi xách treo tủ tiết kiệm không gian- Túi đựng túi xách treo tủ có móc- Giá treo túi xách ngăn cách chống bụi,Túi treo giỏ xách 6 ngăn 3 tầng đa năng Mô tả chi tiết sản phẩm:Giá treo túi xách thông minh là giải pháp tối ưu để lưu trữ và bảo quản túi xách gọn gàng trong tủ quần áo. Sản phẩm được thiết kế dạn...,79000,0,0,8,,109.0,SOHOGO
73174419,Máy giặt LG Inverter 10.5 kg T2350VSAB - Chỉ giao HCM,"GIAO HÀNG VÀ LẮP ĐẶT CÙNG LÚC, KHU VỰC CẦN GIỜ CÓ GIAO HÀNG TÍNH PHÍ, VUI LÒNG LIÊN HỆ TRƯỚCVật tư phát sinh tính phí theo thực tế.Bảo hành chính hãng , có người đến tận nhà hỗ trợ....",8000000,0,0,0,,,LG
131498354,[Lắp đặt trong vòng 24h] Máy Giặt Cửa Trên Panasonic Chăm Sóc Gia Đình 10kg NA-F100A9DRV - Hàng chính hãng,...,7535000,1665000,18,0,,,Panasonic
249213125,"[Free Giao lắp] Máy giặt sấy Electrolux 10/7kg EWW1024P5WB - Giặt sạch sâu, không cặn giặt tẩy, giặt hơi nước êm dịu như giặt tay, tiết kiệm hơn 50% điện năng [Hàng chính hãng]", gian dài nhờ nhà sản xuất cam kết bảo hành 10 năm cho phần động cơ máy.*Hình ảnh chỉ mang tính chất minh họaLoại bỏ đến 99.99% vi khuẩn và chất gây dị ứng với công nghệ giặt hơi nước Hygienic Care...,12969000,7430000,36,0,,,Electrolux
276370980,[MẪU BO CHUN]-Áo Bọc Bàn Ủi Hoa Văn Co Giãn Bo Thun Size 35x100cm-50x130cm-50x140cm -Vỏ Bọc Bàn Ủi Chống Trượt Thoáng Khí -Áo Trùm Bàn Ủi Chống Nhiệt Có Thun Cố Định -Tấm Bọc Bàn Là Vải Hoa Cao Cấp Co Giãn," Mô tả chi tiết sản phẩm:Tấm áo bọc bàn để ủi được thiết kế hiện đại, tiện dụng với chất liệu vải dày dặn, hoa văn sang trọng, kết hợp lớp lót mút xốp giúp cách nhiệt tốt. Bo viền thun co giãn giúp á...",145000,0,0,1,,12.0,SOHOGO
175435932,"Bộ 2 Bóng Giặt Cầu Gai 11Cm Hỗ Trợ Giặt Đồ Siêu Sạch Chống Nhăn Quần Áo Bóng giặt quần áo, Banh giặt quần áo chống nhăn cỡ lớn 11cm khử khuẩn mùi ẩm mốc","Bóng giặt quần áo - Bóng giặt sinh học giặt đồ thông minh chống nhăn MÔ TẢ CHI TIẾT QUẢ BÓNG GIẶT SINH HỌC Cấu tạo:Hình cầu, làm bằng nhựa ABS cao cấp, chịu lực tốt, bền bỉ.Kích thước: 11x10cm...",99000,0,0,4,,46.0,SOHOGO
199764781,Máy Giặt Sấy Electrolux EWW1024P5WB - 10kg - Hàng Chính Hãng,"Khu vực ngoại thành HCM có giao hàng tính phí, vui lòng liên hệ trước.Lắp đặt MIỄN PHÍ ở nhà trệt / có thang máy, vật tư phát sinh tính phí.Cần hỗ trợ giao hàng nhanh, quý KH vui lòng liên hệ / chat...",12590000,1610000,11,0,,,Electrolux
278112485,[Nhiều Size]- Áo Bọc Bàn Ủi Có Lót Mút- Chống Cháy Đa Năng – Dây Cột Tiện Lợi Vỏ Bọc Bàn Là Gọn Nhẹ – Phù Hợp Nhiều Kích Cỡ,"📝 MÔ TẢ CHI TIẾT:Sản phẩm: Áo bọc bàn để ủi (loại dây cột)Kích thước:30x60cm30x80cm35x100cm33x110cm33x120cmChất liệu: Vải cotton/polyester pha dày dặn, có lớp chống nóng, chống thấm nhẹKiểu...",90000,0,0,2,,32.0,SOHOGO
273352125,Máy giặt Casper Inverter 9 kg WF-9VG1 - Hàng chính hãng - Chỉ giao HCM,"Tổng quan thiết kế - Kiểu dáng: máy giặt cửa trước - lồng ngang thiết kế vuông vức và sang trọng với tông màu đen thanh lịch, tạo điểm nhấn cho không gian nhà bạn. - Bảng điều khiển bằng tiếng Việt,...",6021000,0,0,0,,,Casper
278401176,Bộ 2 Túi Lọc Rác Máy Giặt Kèm Quả Cầu Xoay -Túi Hứng Rác Lưới Máy Giặt Đa Năng -Bẫy Lọc Lông & Cặn Giặt Xoay Thông Minh," Mô tả chi tiết sản phẩm:Sản phẩm gồm phần lưới lọc hình nón bằng vải mịn và phần nắp nhựa tròn có gắn các quả cầu xoay. Kích thước: cao 15.5cm, đường kính 9.5cm. Khi hoạt động trong máy giặt, các qu...",59000,0,0,0,,1.0,SOHOGO
51615783,"Bàn Để Ủi Quần Áo Kiểu Ngồi Lót Nhựa 30 x 80 cm, Có Gía Đỡ, 4 Chân Xếp Gấp Gọn (Giao Họa Tiết Ngẫu Nhiên)","Thiết kế gọn nhẹ, có thể xếp gọn tiện dụng, kết cấu đơn giản chịu lực tốt giúp bạn ủi quần áo phẳng phiu, nhanh chóng hơn.Bàn được làm bằng gỗ, inox, thé chắc chắn, bên ngoài bọc vải cotton không bị ...",319000,0,0,18,,55.0,KokOmega
131526180,[Lắp đặt trong vòng 24h] Máy Giặt Cửa Trên Panasonic Chăm Sóc Gia Đình 9kg NA-F90A9DRV - Hàng chính hãng,...,6774000,1226000,15,0,,,Panasonic
271021887,Máy giặt Toshiba AW-M1100JV(MK) - Hàng chính hãng - Chỉ giao HCM,"KHU VỰC CẦN GIỜ CÓ GIAO HÀNG TÍNH PHÍ, VUI LÒNG LIÊN HỆ TRƯỚC.* Lắp đặt miễn phí lúc giao hàng ở nhà trệt / có thang máy, vật tư phát sinh tính phí.* Cần hỗ trợ giao hàng nhanh, quý KH vui lòng liên...",5659000,3040000,35,0,,,Toshiba
276435609,Máy giặt Electrolux Inverter 10Kg EWF1024P5SB - Tự động gỡ rối quần áo - Hàng chính hãng - Chỉ giao HCM - ,"Thiết kế máy giặt lồng ngang tinh tế, hiện đại nổi bật không gian nội thất gia đìnhMáy giặt Electrolux UltimateCare 500 Inverter 10 kg EWF1024P5SB có thiết kế kiểu máy giặt lồng ngang hiện đại. Vỏ má...",11270000,0,0,0,,,Electrolux
194212076,"Máy giặt cửa trên Aqua 8.5kg AQW-FR85GT.S - Hàng chính hãng - Chỉ giao HCM, Hà Nội, Đà Nẵng, Hải Phòng, Bình Dương, Đồng Nai, Cần Thơ","Thông tin sản phẩm: Máy giặt cửa trên Aqua 8.5kg AQW-FR85GT.S- Bảng điều khển phía sau dễ nhìn, dễ thao tác, dễ lấy quần áo ra, hạn chế nước tiếp xúc với bo mạch.- Nắp kính cường lực 100% hạn chế tr...",7290000,0,0,0,,,Aqua
273351963,Máy giặt Casper Inverter 8 kg WF-8VG1 - Hàng chính hãng - Chỉ giao HCM,"Tổng quan thiết kế - Kiểu dáng: máy giặt cửa trước thiết kế tối giản và sang trọng với gam màu tối thanh lịch, phù hợp với nhiều không gian nội thất khác nhau.- Bảng điều khiển tiếng Việt dễ sử dụng...",5523000,0,0,0,,1.0,Casper
277546243,Máy Giặt Toshiba Inverter 10.5 Kg TW-T23BU115UWV(MG) - HÀNG CHÍNH HÃNG - CHỈ GIAO HCM,"Thông Tin ChungLoại máy giặt:Cửa trước - Lồng ngangĐộng Cơ:Nam châm vĩnh cửu, truyền động gián tiếp (dây curoa)Công nghệ giặt- Công nghệ siêu bọt khí nano UFB giặt sạch mạnh mẽ - Công ...",7789000,5201000,40,0,,,Toshiba
194212059,"Máy giặt cửa trên 9kg Aqua AQW-F91GT.S - Hàng chính hãng - Chỉ giao HCM, Hà Nội, Đà Nẵng, Hải Phòng, Bình Dương, Đồng Nai, Cần Thơ",Thông tin sản phẩm: Máy giặt cửa trên 9kg AQW-F91GT.S ĐẶC ĐIỂM NỔI BẬT:Khối lượng giặt 9 kg phù hợp cho gia đình từ 3 - 5 người.9 chương trình giặt đáp ứng nhu cầu giặt giũ cơ bản hàng ngày cho gi...,6190000,0,0,0,,,Aqua
275822765,Máy giặt Samsung Inverter 12 kg WW12CGC04DABSV - HÀNG CHÍNH HÃNG - CHỈ GIAO HCM, *Tổng quanLoại máy giặt:Cửa trướcLồng giặt:Lồng ngangKhối lượng giặt:12 KgSố người sử dụng:Trên 7 người (Trên 10 kg)Kiểu động cơ:Truyền động gián tiếp (dây Curoa)Tốc độ ...,8549000,5441000,39,0,,1.0,Samsung
276685028,Đồ Chơi Máy Giặt Hiện Đại Và Phụ Kiện Quần Áo - Sweet Heart SH8604 (19 Chi Tiết),    Đồ Chơi Máy Giặt Hiện Đại Và Phụ Kiện Quần Áo - Sweet Heart SH8604   Bộ máy giặt cửa trước tiện lợi và hiện đại. Sản phẩm có các nút điều chỉnh chế độ mô phỏng như máy giặt thật. Đi kèm một số...,363000,36000,9,0,,,Fahasa
205924678,Máy giặt Toshiba 8 kg AW-M905BV(MK) - Chỉ giao HCM,"Máy giặt Toshiba 8kg AW-M905BV(MK) thuộc kiểu máy giặt cửa trên – lồng đứng sang trọng, giặt sạch quần áo và giảm thiểu hư tổn sợi vải với lồng giặt ngôi sao pha lê, tự động kiểm tra lượng đồ giặt và ...",4339000,2460000,36,5,,13.0,Toshiba
201679034,Máy giặt Toshiba 8 kg AW-M905BV(MK) - Hàng chính hãng (Chỉ giao HCM) ,"Máy giặt Toshiba 8kg AW-M905BV(MK) thuộc kiểu máy giặt cửa trên – lồng đứng sang trọng, giặt sạch quần áo và giảm thiểu hư tổn sợi vải với lồng giặt ngôi sao pha lê, tự động kiểm tra lượng đồ giặt...",4269000,2530000,37,12,,45.0,Toshiba
201686993,MÁY GIẶT TOSHIBA 9kg AW-M1000FV(MK) - Hàng chính hãng( Chỉ giao HCM),"Máy giặt Toshiba 9 kg AW-M1000FV(MK) có kiểu thiết kế bắt mắt với nắp máy có thể chống đọng nước. Máy có khả năng tự động cân chỉnh lượng nước theo khối lượng giặt, thậm chí giặt sạch quần áo hiệu quả...",5309000,2990000,36,1,,3.0,Toshiba
275244440,Máy giặt LG Inverter 9 kg FB1209S6W - Hàng chính hãng - Giao HCM và 1 số tỉnh thành,"Thiết kế tỉ mỉ, nắp trên rời dành cho không gian nhỏ hẹpMáy Giặt LG Inverter 9 Kg FB1209S6W với màu trắng và nắp trên rời, giúp sản phẩm vừa vặn hoàn hảo trong không gian hẹp. Thiết kế nắp rời cũng n...",6581000,1119000,15,0,,1.0,LG
276270973,Máy giặt Electrolux UltimateCare 500 Inverter 9 kg EWF9023P5WC - HÀNG CHÍNH HÃNG - CHỈ GIAO HCM,"NHÀ BÁN HÀNG CAM KẾT:Nếu dùng cho hoạt động kinh doanh (giặt ủi, nhà hàng, khách sạn...) chỉ bảo hành 9 tháng. Bảo hành chính hãng máy giặt 2 năm, có người đến tận nhà - SẢN PHẨM MỚI 100% - ĐƯỢC BẢO...",8537000,2263000,21,0,,1.0,Electrolux
194212013,"Máy giặt cửa trên Aqua 10kg AQW-FR101GT.BK - Hàng chính hãng - Chỉ giao HCM, Hà Nội, Đà Nẵng, Hải Phòng, Bình Dương, Đồng Nai, Cần Thơ",TỔNG QUANLoại máy giặt: Cửa trênLồng giặt: Lồng đứngKhối lượng giặt: 10 KgSố người sử dụng: Từ 5 - 7 người (9.5 - 10 kg)Kiểu động cơ: Truyền động gián tiếp (dây Curoa)Tốc độ quay vắt tối đa: 700...,8390000,0,0,0,,1.0,Aqua
271200265,Máy giặt Aqua 14 kg AQW-FR140UHT(SS) - Hàng chính hãng ,Đặc điểm sản phẩmModel:AQW-FR140UHT.SSMàu sắc:Bạc ánh saoNhà sản xuất:AquaXuất xứ:Trung QuốcNăm ra mắt :2023Thời gian bảo hành:24 Tháng  Loại máy giặt:Cửa trênKhối...,6599000,5400000,45,0,,,Aqua
276196178,Máy giặt Casper Inverter 10.5 kg WF-105VG5 - HÀNG CHÍNH HÃNG - CHỈ GIAO HCM,"Đặc điểm nổi bậtKhối lượng giặt 10.5 kg thích hợp với gia đình từ 7 thành viên trở lên.Công nghệ suy luận Fuzzy Logic, tự động suy luận và đưa ra mức nước tương ứng với lượng quần áo cần giặt. ...",6599000,3500000,35,0,,,Casper
213527130,Máy giặt Toshiba 8 kg AW-M905BV(MK) - Hàng chính hãng [Giao hàng toàn quốc],"Máy giặt Toshiba 8kg AW-M905BV(MK) thuộc kiểu máy giặt cửa trên – lồng đứng sang trọng, giặt sạch quần áo và giảm thiểu hư tổn sợi vải với lồng giặt ngôi sao pha lê, tự động kiểm tra lượng đồ giặt và ...",4439000,2360000,35,0,,,Toshiba
276271291,Máy giặt Electrolux UltimateCare 900 Inverter 11 kg EWF1142R9SC - HÀNG CHÍNH HÃNG - CHỈ GIAO HCM,NHÀ BÁN HÀNG CAM KẾT:- SẢN PHẨM MỚI 100% - ĐƯỢC BẢO HÀNH CHÍNH HÃNG (Hãng trực tiếp bảo hành sản phẩm cho quý khách hàng theo chính sách). - QUÝ KHÁCH ĐƯỢC QUYỀN KHUI THÙNG KIỂM TRA TRƯỚC KHI THANH...,17747000,3553000,17,0,,,Electrolux
83849476,Máy giặt cửa trên Aqua 10kg AQW-U100FT(BK) 2021- Hàng chính hãng (chỉ giao HCM),"Khu vực ngoại thành HCM có giao hàng tính phí, vui lòng liên hệ trước.Lắp đặt MIỄN PHÍ ở nhà trệt / có thang máy, vật tư phát sinh tính phí.Cần hỗ trợ giao hàng nhanh, quý KH vui lòng liên hệ / c...",5649000,3150000,36,1,,2.0,Aqua
272850882,Máy giặt sấy Panasonic NA-V90FC1LVT 9/2kg - Hàng Chính Hãng - Chỉ Giao HCM,"Đặc điểm nổi bậtMáy giặt sấy có khối lượng giặt 9kg, thích hợp cho gia đình từ 5 - 6 ngườiGiặt nước nóng Stain Master+ loại bỏ 99.99% vi khuẩn, 99% tác nhân dị ứngHệ thống Active Foam tạo bọt siêu...",11600000,2600000,18,0,,,Panasonic
166449071,Máy Giặt Bosch HMH.WAW28480SG - Series 8 - 9kg - Hàng Chính Hãng - Chỉ Giao HCM,"Máy giặt WAW28480SG thương hiệu Bosch được nhập khẩu trực tiếp theo tiêu chuẩn Châu Âu, thiết kế màu trắng tinh tế với chất liệu được làm bằng thép không rỉ siêu bền , không những vậy Bosch WAW28480SG...",21890000,0,0,0,,,Bosch
126032520,[Lắp đặt trong vòng 24h] Máy giặt cửa trên Panasonic 9Kg NA-F90S10BRV - Hàng chính hãng,...,6013000,1087000,15,0,,1.0,Panasonic
85378388,Máy giặt Samsung Inverter 10kg WW10TP44DSH/SV - Chỉ giao HCM,"GIAO HÀNG VÀ LẮP ĐẶT CÙNG LÚC, KHU VỰC CẦN GIỜ CÓ GIAO HÀNG TÍNH PHÍ, VUI LÒNG LIÊN HỆ TRƯỚC.Lắp đặt miễn phí lúc giao hàng ở nhà trệt / có thang máy, vật tư phát sinh tính phí.Bảo hành chính hã...",7790000,0,0,0,,,Samsung
278668672,Máy giặt sấy kết hợp KAFF KF-MFC120EU - Hàng Chính Hãng,"• Máy giặt sấy cửa trước lồng ngang• 16 chương trình giặt tự động tích hợp (Cotton ECO, Sport Wear, Quick, Delicate, Wool,Colors, Jeans, Spin Only, Rinse&Spin, Dry Only, Mix, Baby Care, Syntheti...",23000000,0,0,0,,,KAFF
277603532,Máy giặt Aqua Inverter 10 kg AW10-BP4959U1K(B) - Bảo hành 2 năm - Hàng chính hãng,"* Đối với sản phẩm máy giặt, AQUA có hỗ trợ lắp đặt trên toàn quốc (có thu phí). Quý khách có nhu cầu lắp đặt, xin vui lòng liên hệ gian hàng để được hỗ trợ* Freeship toàn quốc, đối với khu vực đảo k...",8490000,1000000,11,0,,,Aqua
276952022,"Máy giặt sấy Hisense Inverter Pro 10.5kg WD105M3 giặt thông minh AI, điều khiển từ xa, bảo hành 3 năm - HÀNG CHÍNH HÃNG",Máy giặt sấy Hisense Inverter Pro WD105M3 với tính năng giặt sấy 2 trong 1 giúp việc giặt giũ của gia đình bạn trở nên tiện lợi và tiết kiệm thời gian hơn. Sản phẩm tích hợp đa dạng nhiều chương trình...,11490000,5500000,32,0,,,Hisense
278583305,"Máy giặt Panasonic Inverter 12.5 kg NA-FD125V4BV - Mẫu mới 2025 - Hàng Chính Hãng, Mới 100% ","Khối lượng giặt 12.5 kg thích hợp với gia đình từ 7 thành viên trở lên. StainMaster+ kết hợp với hơi nước mang đến hiệu quả hỗ trợ đánh bay các tác nhân gây bệnh trên quần áo, diệt khuẩn tốt hơn. C...",13622000,3268000,19,0,,,Panasonic
275092193,Máy giặt cửa trên Samsung Ecobubble™ với Động cơ Digital Inverter 9.5 kg WA95CG4545BDSV - Hàng chính hãng,THÔNG SỐ KỸ THUẬT Khối Lượng Giặt (kg): 9.5 kg Bubble technology: Bubble technology Kích Thước Thực (WxHxD): 600 x 850 x 650 mm Khối Lượng Thực: 68 kg[THÔNG TIN THƯƠNG HIỆU]SAMSUNG Ra đời vào nă...,8790100,0,0,0,,,Samsung
276503566,Máy giặt cửa trên Aqua 12KG AQW-FR120HT.BK - Bảo hành 2 năm - Hỗ trợ lắp đặt - Hàng chính hãng,Thông số cơ bảnXuất xứ: Việt NamKhối lượng tịnh: 41.0Thông số kỹ thuậtKhối lượng giặt (KG): 12Dung tích thùng chứa (L): 64.5Tốc độ thùng xoay khi vắt (Vòng/phút): 630Điện năng tiêu thụ lần giặt...,7340000,3650000,33,0,,,Aqua
273378409,Máy giặt Toshiba Inverter 9.5 kg TW-T21BU105UWV(MG) - Hàng chính hãng - Chỉ giao HCM,"Máy giặt Toshiba Inverter 9.5 kg TW-T21BU105UWV(MG) mang thiết kế thanh lịch, gọn đẹp trong từng chi tiết, tích hợp 15 chương trình giặt đáp ứng nhu cầu giặt đa dạng trong gia đình, hỗ trợ công nghệ U...",6749000,3241000,32,0,,3.0,Toshiba
214678313,[ Giao Toàn Quốc ] Máy Giặt Electrolux EWF1142Q7WB - Hàng Chính Hãng,"Thiết kế thanh lịch, màu bạc nhã nhặn, sang trọngMáy giặt Electrolux Inverter 11 kg EWF1142Q7WB với thiết kế màu bạc vô cùng tinh tế, sang trọng kết hợp cùng kiểu dáng cửa trước. Đồng thời bảng điều ...",11987000,2213000,16,0,,,Electrolux
278582937,"Máy giặt Panasonic Inverter 11.5 Kg NA-FD115V3BV - Mẫu mới 2025 - Hàng Chính Hãng, Mới 100% ","Máy giặt Panasonic khối lượng giặt 11.5 kg, công nghệ Inverter tiết kiệm điệnStain Master+ đánh bay 99,99% vi khuẩn nhờ kết hợp với hơi nướcECONAVI cảm biến thông minh tối ưu hiệu quả giặt giũ và t...",11230000,3000000,21,0,,,Panasonic
276503576,Máy giặt cửa trên Aqua 10.5kg AQW-FR105JT.BK - Freeship toàn quốc - Bảo hành 2 năm - Hỗ trợ lắp đặt - Hàng chính hãng,Thông số cơ bảnXuất xứ: Việt NamKích thước (R x S x C) (mm): 620 x 650 x 1040Công suất (W hoặc HP): 190.05Khối lượng tịnh: 41 Thông số kỹ thuậtKhối lượng giặt (KG): 10.5Dung tích thùng chứa (L...,6740000,3250000,33,0,,,Aqua
254147894,Bộ 2 Bóng giặt thông minh 6.5cm- Quả bóng giặt gai đa năng- Bóng giặt không cần xà phòng- Bóng massage giặt đồ 6.5cm- Bóng giặt tiết kiệm nước và điện- Bóng làm mềm vải tự nhiên- Bóng giặt bảo vệ môi trường- sBóng giặt thông minh không hóa chất,"Mô tả chi tiết sản phẩmChất liệu: Nhựa TPR cao cấp, dẻo dai, bền, không gây hại cho máy giặt hay quần áo.Thiết kế: Hình cầu  6.5 cm với các gai nhỏ đều nhau, giúp tạo lực ma sát khi xoay trong máy ...",55000,0,0,2,,48.0,SOHOGO
129721582,Áo Trùm Máy Giặt Cửa Trước - Vỏ Bọc Bảo Vệ Máy Giặt Lồng Ngang Loại Dày  - Hàng Loại 1,"ÁO TRÙM MÁY GIẶT CỬA TRƯỚC - VỎ BỌC BẢO VỆMÁY GIẶT LỒNG NGANG LOẠI DÀY Máy giặt thường được sắp xếp trong phòng tắm, ngoài ban công hay trên sân thượng để tiện cho việc giặt giũ, phơi quần áo. ...",57997,0,0,0,,1.0,OEM
51005591,Túi Giặt Bảo Vệ Quần Áo - Nhiều Mẫu,"Túi giặt lưới dày dặn có nhiều ứng dụng cho đời sống hàng ngàyBảo vệ quần áo khỏi các tác động mạnh từ máy giặt, đặc biệt là máy cửa trên.Túi cũng giúp gom nhiều loại đồ phụ kiện nhỏ lại giặt chung 1 ...",29450,1550,5,131,,815.0,OEM
275883924,AW12-B4959U1K(B)  - Máy giặt Aqua Inverter 12 kg AW12-B4959U1K(B) - Hàng Chính Hãng - Chỉ Giao Hồ Chí Minh,"Công nghệ hiện đại giúp việc nhà nhàn hạ, thảnh thơi. Máy giặt Aqua Inverter 12 kg AW12-B4959U1K(B) được thiết kế với lồng giặt lớn thích hợp với gia đình nhiều thành viên. Đơn giản hoá việc giặt giũ ...",10839000,5660000,34,0,,,Aqua
274442835,"Áo bao máy giặt cửa ngang (trước) cho máy từ 11- 15 kg ,vải dù siêu bền tiện lợi , chống thấm nước , bảo vệ máy giặt dưới mọi thời tiết giao màu ngẫu nhiên","-Áo bao máy giặt cửa ngang (trước) cho máy từ 11- 15 kg ,vải dù siêu bền tiện lợi , chống thấm nước , bảo vệ máy giặt dưới mọi thời tiết  -  Xuất xứ  :      Việt nam-  Chất liệu  :    vải dù chống t...",149000,0,0,0,,,XUDI
275927233,Hộp 12 viên tẩy vệ sinh lồng máy giặt diệt khuẩn và làm sạch lồng giặt hiệu quả KG9S - Hàng chính hãng,"- Hộp 12 Viên Khử Mùi Làm Sạch Máy Giặt rất tiện lợi trong việc sử dụng, chỉ cần thả 1 viên vào lồng giặt là lồng giặt nhà chị em sẽ sạch như mới và 1 tháng sau mới phải tẩy lại. - Công dụng sản phẩ...",27000,21000,44,0,,18.0,KINGO
277617523,"Hộp 300 Viên Giặt 6D Hương Đào, Sạch X8 Lần, Lưu Hương 24H, Siêu Tiết Kiệm Giặt Cả Tháng - HÀNG CHÍNH HÃNG MINIIN","Hộp 300 Viên Giặt 6D Hương Đào, Sạch X8 Lần, Lưu Hương 24H, Siêu Tiết Kiệm Giặt Cả ThángHộp 300 viên giặt 6D hương đào là giải pháp giặt giũ tiện lợi và tiết kiệm dành cho gia đình bạn. Với công ngh...",210680,18320,8,1,,6.0,MINIIN
167937659,"Áo trùm máy giặt cửa trước (ngang ) từ 7-8kg , vải dù siêu bền ,chống ẩm,chống bụi chất lượng cực tốt","Thông tin sản phẩm:Tên sản phẩm: Áo Mưa BÍT TRẺ EM ,Áo mưa chống thấm ,họa tiết hoạt hình xinh xắn cho bé trai và bé gáiTay áo có chun, mũ được may liền với thân áoThiết kế nhỏ gọn , kiểu dáng thờ...",129000,0,0,2,,8.0,OEM
274442432,"Áo bao máy giặt cửa trên cho máy từ  11 - 15kg , vải dù cao cấp chống thấm nước , bảo vệ máy khỏi bụi bẩn , mưa - nắng giao màu ngẫu nhiên","-Áo bao máy giặt cửa trên cho máy từ 11 - 15kg , vải dù cao cấp chống thấm nước , bảo vệ máy khỏi bụi bẩn , mưa - nắng - Xuất xứ   :  Việt Nam--  Màu sắc  :  giao ngẫu nhiên vì tùy theo  đợt hàng về...",149000,0,0,0,,3.0,XUDI
277928994,"Combo 4 Đế Cao Su Chống Rung Lắc Máy Giặt, Chống Ồn Chất Liệu Cao Su Đặc Nguyên Khối Chắc Chắn","      Combo 4 Đế Cao Su Chống Rung Lắc Máy Giặt là lựa chọn hoàn hảo để giữ cho máy giặt của bạn ổn định và không gây tiếng ồn khi hoạt động.       Chất liệu cao su đặc nguyên khối chắc chắn, bền...",29000,0,0,0,,,OEM
275920502,WW14BB944DGBSV - Máy giặt Samsung Inverter  14 kg WW14BB944DGBSV - Hàng Chính Hãng - Chỉ Giao Hồ Chí Minh,"Máy giặt Samsung Bespoke AI Inverter 14 kg WW14BB944DGBSV với công nghệ giặt AI EcoBubble+, Bubble Soak, cho hiệu quả giặt sạch vượt trội. Kết hợp cùng tính năng tự động phân bổ nước giặt giúp tối ưu ...",12789000,3801000,23,0,,,Samsung
275646726,Combo 2 Gói Bột Vệ Sinh Lồng Máy Giặt ,Máy giặt sau một thời gian sử dụng lồng giặt sẽ bị chất bẩn bám vào làm ố màu rất mất thẩm mỹ và ảnh hưởng đến chất lượng quần áo sau khi giặt.Hãy sử dụng túi bột vệ sinh lồng máy giặt để vệ sinh cho ...,65000,10000,13,6,,46.0,PEAFLO
278000073,"Combo 4 Đế Cao Su Chống Rung Lắc Máy Giặt, Chống Ồn Chất Liệu Cao Su Đặc Nguyên Khối Chắc Chắn","      Combo 4 Đế Cao Su Chống Rung Lắc Máy Giặt là lựa chọn hoàn hảo để giữ cho máy giặt của bạn ổn định và không gây tiếng ồn khi hoạt động.       Chất liệu cao su đặc nguyên khối chắc chắn, bền...",31000,0,0,0,,,OEM
278437550,"Combo 4 Đế Cao Su Chống Rung Lắc Máy Giặt, Chống Ồn Chất Liệu Cao Su Đặc Nguyên Khối Chắc Chắn","      Combo 4 Đế Cao Su Chống Rung Lắc Máy Giặt là lựa chọn hoàn hảo để giữ cho máy giặt của bạn ổn định và không gây tiếng ồn khi hoạt động.       Chất liệu cao su đặc nguyên khối chắc chắn, bền...",35000,0,0,0,,,OEM
274145829,"Áo trùm máy giặt cửa trên ,  áo che mưa , nắng  vải  dù  chống thấm siêu bền ,  chống bụi cực tốt cho máy từ  6  -   15 kg giao màu ngẫu nhiên","- Áo trùm máy giặt cửa trên , vải dù chống thấm siêu bền , chống bụi cực tốt cho máy từ 6 - 15 kg- Xuất xứ   :  Việt Nam--  Màu sắc  :  giao ngẫu nhiên vì tùy theo  đợt hàng về-  Chất liệu   :   Vả...",129000,0,0,0,,6.0,XUDI
142212117,[Diệt Khuẩn] Bột Tẩy Vệ Sinh Lồng Máy Giặt KhoNCC Hàng Chính Hãng Diệt Khuẩn - Loại Mùi Hôi Máy và Đường Ống Xả Nước - KDHS-3158-BTVS,"Giúp bạn đánh tan những vết cáu bẩn và mảng bám nơi lồng giặt, giúp quần áo luôn sạch sẽ và thơm tho.Bột tẩy vệ sinh lồng máy giặt sẽ giúp chúng ta giải quyết những điều phiền toái của máy giặt sau ...",39000,9000,19,5,,34.0,KHONCC
274145970,"Áo bọc máy giặt cửa trước (ngang ) cho máy từ  6 - 8kg  ,  vải dù  chống thấm siêu bền  , chống bụi , bảo vệ máy không bị mưa nắng , giữ máy sạch sẽ như mới giao màu ngẫu nhiên","- Áo bọc máy giặt cửa trước (ngang ) cho máy từ 6 - 8kg , vải dù chống thấm siêu bền , chống bụi , bảo vệ máy không bị mưa nắng , giữ máy sạch sẽ như mới - -  Xuất xứ  :      Việt nam-  Chất liệu  :...",129000,0,0,0,,4.0,XUDI
90572910,"Chân Máy Giặt HT SYS - Bộ 4 Chân Đế Máy Giặt HT SYS - Chống Rung Lắc, Chống Ồn Cho Máy Giặt, Máy Sấy, Tủ Lạnh - Kệ Máy Giặt HT SYS Giải Pháp Hoàn Hảo Cho Việc Chống Rung Và Ổn Định Máy Giặt","ĐẾ CAO SU CHỐNG RUNG MÁY GIẶT HT SYS CHỐNG RUNG MÁY GIẶT HT SYSĐẾ LÓT MÁY GIẶT - CHỐNG RUNG- CHỐNG ỒN HT SYSHT SYS | THÔNG TIN SẢN PHẨM:  Tên sản phẩm: Chân đỡ đa năng máy sấy, máy giặt, tủ lạnh...",77000,0,0,0,,5.0,HT SYS
275861842,AW-DUM1600LV(SG) - Máy giặt Toshiba Inverter 15 kg AW-DUM1600LV(SG) - Hàng Chính Hãng - Chỉ Giao Hồ Chí Minh,Tổng quanLoại máy giặt:Lồng giặt:15 KgSố người sử dụng:Trên 7 người (Trên 10 kg)Kiểu động cơ:Truyền động trực tiếpTốc độ quay vắt tối đa:680 vòng/phútChất liệu l...,7689000,301000,4,0,,,Toshiba
277914345,"Combo 4 Đế Cao Su Chống Rung Lắc Máy Giặt, Chống Ồn Chất Liệu Cao Su Đặc Nguyên Khối Chắc Chắn","      Combo 4 Đế Cao Su Chống Rung Lắc Máy Giặt là lựa chọn hoàn hảo để giữ cho máy giặt của bạn ổn định và không gây tiếng ồn khi hoạt động.       Chất liệu cao su đặc nguyên khối chắc chắn, bền...",29000,0,0,0,,,OEM
277867192,"Combo 4 Đế Cao Su Chống Rung Lắc Máy Giặt, Chống Ồn Chất Liệu Cao Su Đặc Nguyên Khối Chắc Chắn","    Combo 4 Đế Cao Su Chống Rung Lắc Máy Giặt là lựa chọn hoàn hảo để giữ cho máy giặt của bạn ổn định và không gây tiếng ồn khi hoạt động.     Chất liệu cao su đặc nguyên khối chắc chắn, bền bỉ...",25000,0,0,0,,,OEM
277857123,Áo Trùm Máy Giặt Cửa Trước Vải Satin 62x58x85cm Nhiều Hình (B),"              #aotrum #maygiat #aotrummaygiat  Kích thước: 62x58x85cm  Màu sắc: trắng họa tiết hoa  Chất liệu: Được làm bằng chất vải satin không thấm nước, bền đẹp.  Bảo vệ máy giặt, chốn...",86000,0,0,0,,,OEM
113235567,Bộ dò tốc dành cho máy giặt các loại,"ĐIỆN LẠNH THUẬN DUNG Cam KếtTất cả sản phẩm đều được test và đóng gói nghiêm chỉnh trước khi chuyển cho kháchHình sản phẩm là hình thật Shop chụp 100% không sao chép hình trên mạng , không lấy hình nh...",170000,0,0,0,,,Thuận Dung
275884838,AW12-BP4959U1K(B) - Máy giặt Aqua Inverter 12 kg AW12-BP4959U1K(B) - Hàng Chính Hãng - Chỉ Giao Hồ Chí Minh,"Máy giặt Aqua Inverter 12 kg AW12-BP4959U1K(B) không chỉ sở hữu lồng giặt lớn, máy còn được trang bị nhiều tính năng Smart Dual Spray, lại có thể tiết kiệm điện, tiết kiệm nước đáng kể với công nghệ I...",8009000,6090000,43,0,,,Aqua
247956220,WA14CG5745BV/SV - Máy giặt Samsung Ecobubble 14kg WA14CG5745BV - Hàng chính hãng (chỉ giao HCM),Tổng quanLoại máy giặt:Cửa trênLồng giặt:Lồng đứngKhối lượng giặt:14 KgSố người sử dụng:Trên 7 ngườiKiểu động cơ:Truyền động trực tiếp bền & êmTốc độ quay vắt tối đa:700 v...,13140000,0,0,0,,,Samsung
15399772,Bộ 1 chiếc vỏ bọc máy giặt cửa ngang và 1 chiếc vỏ bọc máy giặt cửa đứng,"Do diện tích nhà hạn chế, gia đình bạn phải đặt máy giặt ngoài ban công hay trên sân thượng để tiện cho việc giặt giũ, phơi quần áo.Tuy nhiên những tác động bên ngoài như thời tiết, bụi bẩn khiến bạn...",74999,0,0,0,,1.0,OEM
276229559,"Bạt Áo Trùm Máy Giặt Cửa Trên, Cửa Ngang Vải Dù Siêu Dày, Chống Thấm Nước, Không Phai Màu - (Giao Màu - Họa Tiết Ngẫu Nhiên)","Vỏ Bọc Máy Giặt, Áo Trùm Máy Giặt Chống Thấm Nước Size Lớn Cao Cấp 88192 Tiện Ích Việt Nam 99- Áo trùm máy giặt cửa trên phù hợp với các loại máy giặt , phủ kín thân máy và nắp máy.- Sản phẩm được l...",160000,0,0,2,,9.0,LuckyJQR
277544988,"[Hàng VN xuất khẩu] Bộ 4 Chân Kê Chống Rung Máy Giặt 3T Chất Liệu Cao Su Cao Cấp - Chống Rung, Chống Ồn Máy Giặt","[Hàng VN xuất khẩu] Bộ 4 Chân Kê Chống Rung Máy Giặt 3T Chất Liệu Cao Su Cao Cấp - Chống Rung, Chống Ồn Máy GiặtĐế Chống Rung Lắc Máy Giặtdododios Dùng Cho Mọi Loại Máy Giặt, bàn ghế, máy lọc nước mẫ...",29000,0,0,0,,,dododios
275920134,WW12CB944DGBSV - Máy giặt Samsung Inverter 12 kg WW12CB944DGBSV - Hàng Chính Hãng - Chỉ Giao Hồ Chí Minh,"Máy giặt Samsung Inverter 12 kg WW12CB944DGBSV có khả năng giặt siêu tốc và làm sạch sâu, tiết kiệm thời gian đến 50% nhờ chế độ giặt QuickDrive. Không những vậy, sản phẩm có thể tự động cân chỉnh lượ...",9749000,6500000,40,0,,,Samsung
261005525,"Set 5 chiếc túi lưới trơn, túi giặt TG2 đồ lót máy giặt giúp bảo vệ quần áo khi giặt máy dododios","       Set 5 chiếc túi lưới trơn, túi giặt TG2 đồ lót máy giặt giúp bảo vệ quần áo khi giặt máy dododios   Mô tả sản phẩm:   ======================================================   Kích thước ...",129000,0,0,0,,1.0,dododios
277914301,"Combo 2 gói Bột vệ sinh máy giặt - tẩy lồng máy giặt - viên tẩy máy giặt phù hợp cửa đứng, cửa ngang Hàn Quốc Làm Sạch","      Bột vệ sinh máy giặt - tẩy lồng máy giặt - viên tẩy máy giặt phù hợp cửa đứng, cửa ngang Hàn Quốc là sản phẩm chất lượng cao giúp làm sạch hiệu quả cho máy giặt của bạn.       Hạn sử dụng:2...",82000,0,0,0,,,OEM
277999365,Áo Trùm Máy Giặt Cửa Trước Vải Satin 62x58x85cm Nhiều Hình (B),"                     #aotrum #maygiat #aotrummaygiat   Kích thước: 62x58x85cm   Màu sắc: trắng họa tiết hoa   Chất liệu: Được làm bằng chất vải satin không thấm nước, bền đẹp.   Bảo vệ máy...",92000,0,0,0,,,OEM
105515134,"Bộ 04 chân kê máy giặt chống rung, chống ồn, chống xê dịch giúp tăng tuổi thọ máy giặt","       MÔ TẢ SẢN PHẨM:   PHÙ HỢP MỌI LOẠI MÁY    CHIỀU CAO ĐỦ TẠO KHÔNG GIAN QUÉT DỌN GẦM MÁY GIẶT    Chống rung, chống xê dịch, chống ồn hiệu quả    Vừa tất cả các chân máy giặt của các đời m...",69000,0,0,5,,31.0,OEM
198078080,"túi giặt đồ lót, túi giặt quần áo, túi giặt váy, túi giặt áo sơ mi - Model 209 - Chính hãng DoDoDios","SET 6 túi giặt 2 lớp bảo vệ quần áo, đồ lót dùng cho máy giặt nhiều kích thước lựa chọn dododios Túi lưới giặt đồ lót tiện lợi giúp đồ lót, quần áo không bị biến dạng và không làm hại máy giặt. Sản ...",159000,0,0,7,,41.0,dododios
191267120,Túi giặt nhật Daiso | Túi giặt lưới 22x34cm,"  Hãng sản xuất: Daiso   Xuất xứ: Nhật Bản   Chất liệu: Nilon, polyester đan dạng lưới   Màu sắc: túi màu trắng, khóa kéo màu xanh hoặc hồng   Kích thước: 22 x 34cm   CÔNG DỤNG:   - Túi lưới gi...",56350,0,0,0,,2.0,CRYSTAN
50254555,"Combo 05 Túi lưới giặt đồ dùng cho máy giặt bảo vệ đồ lót, họa tiết hoa văn đẹp mắt","Combo 05 Túi lưới giặt, 2 giỏ giặt tròn bảo vệ đồ lót, áo lót , 3 túi giặt vuông tránh hư hỏng sứt chỉ quần áo có hạt chuỗi, cườm_HL055Sợi lưới khít 0,15mm (lớp trong) và 0,5mm (lớp ngoài)Chống lem ...",59000,0,0,2,,11.0,OEM
253235943,"Túi Lưới Giặt Đựng Quần Áo, Đồ Lót Trong Máy Giặt - Combo 6 - TG1 - Chính Hãng dododios","       ️THÔNG TIN SẢN PHẨM:   Túi lưới giặt đồ là sản phẩm tiện dụng với dây kéo, chất lượng lưới cao cấp. Sản phẩm dùng cho máy giặt nhằm bảo vệ quần áo được làm từ tơ lụa, ren, len, thổ cẩm, lô...",159000,0,0,0,,5.0,dododios
277867152,"Combo 2 gói Bột vệ sinh máy giặt - tẩy lồng máy giặt - viên tẩy máy giặt phù hợp cửa đứng, cửa ngang Hàn Quốc Làm Sạch","    Bột vệ sinh máy giặt - tẩy lồng máy giặt - viên tẩy máy giặt phù hợp cửa đứng, cửa ngang Hàn Quốc là sản phẩm chất lượng cao giúp làm sạch hiệu quả cho máy giặt của bạn.     Hạn sử dụng:24 th...",78000,0,0,0,,,OEM
276334817,Máy giặt Aqua Inverter 8.0Kg AQD-A800F.W -  Hàng chính hãng - AQD-A800F W - Smart Dual Spray tự làm sạch mặt trong -  Truyền động gián tiếp (dây Curoa)cửa ,"Thiết kế sang trọng, tinh tế với bảng điều khiển nút xoay dễ thao tác Inverter 8 KG AQD-A800F W có kiểu thiết kế lồng ngang – mang phong cách vừa cổ điển vừa hiện đại, kèm với gam màu trắng sang trọn...",5888000,0,0,0,,,Aqua
278437516,"Combo 2 gói Bột vệ sinh máy giặt - tẩy lồng máy giặt - viên tẩy máy giặt phù hợp cửa đứng, cửa ngang Hàn Quốc Làm Sạch","      Bột vệ sinh máy giặt - tẩy lồng máy giặt - viên tẩy máy giặt phù hợp cửa đứng, cửa ngang Hàn Quốc là sản phẩm chất lượng cao giúp làm sạch hiệu quả cho máy giặt của bạn.       Hạn sử dụng:2...",88000,0,0,0,,,OEM
103388298,Hộp số dành cho máy giặt các loại,"Hộp số là một bộ phận quan trọng giúp cho máy giặt hoạt động trong các quá trình như giặt, vắt, xả … điều chỉnh vòng quay của động cơ một cách hợp lý nhất. Khi nước đã được cấp đầy đủ, hộp số có nhiệm...",615000,0,0,0,,1.0,Thuận Dung
278000170,"Bột vệ sinh máy giặt - tẩy lồng máy giặt - viên tẩy máy giặt phù hợp cửa đứng, cửa ngang Hàn Quốc Làm Sạch","      Bột vệ sinh máy giặt - tẩy lồng máy giặt - viên tẩy máy giặt phù hợp cửa đứng, cửa ngang Hàn Quốc là sản phẩm chất lượng cao giúp làm sạch hiệu quả cho máy giặt của bạn.       Hạn sử dụng:2...",45000,0,0,0,,,OEM
56958181,Thanh giặt hơi nước Karcher,"THÔNG TIN SẢN PHẨM: THANH GIẶT HƠI NƯỚC KARCHERMÔ TẢ SẢN PHẨM- Thanh giặt hơi nước dùng cho máy làm sạch bằng hơi nước SC, máy quét và lau nhà hơi nước giải pháp làm sạch, diệt khuẩn 99,99%,...",420000,12000,3,8,,22.0,Karcher
278680992,"Dây Cấp Nước Máy Giặt Dài 1m4 - Tặng đầu nối ống xả máy giặt, chậu rửa bát chống hôi, chống côn trùng,..","Dây Cấp Nước Máy Giặt:Dùng đấu nối, cấp nước cho máy giặt, độ dài 1m4Dây cấp nước máy giặt tự động, kiểu ren vặn 2 đầuChất liệu Nhựa cao cấp, dẻo dai bền bỉ, khó biến dạngĐầu nối nhựa, 2 đầu ren ...",60000,0,0,0,,,OEM
277929084,"Bột vệ sinh máy giặt - tẩy lồng máy giặt - viên tẩy máy giặt phù hợp cửa đứng, cửa ngang Hàn Quốc Làm Sạch","      Bột vệ sinh máy giặt - tẩy lồng máy giặt - viên tẩy máy giặt phù hợp cửa đứng, cửa ngang Hàn Quốc là sản phẩm chất lượng cao giúp làm sạch hiệu quả cho máy giặt của bạn.       Hạn sử dụng:2...",43000,0,0,0,,,OEM
15400258,Vỏ bọc máy giặt cửa ngang tặng kèm 1 cuộn dây phơi quần áo,"Do diện tích nhà hạn chế, gia đình bạn phải đặt máy giặt ngoài ban công hay trên sân thượng để tiện cho việc giặt giũ, phơi quần áo.Tuy nhiên những tác động bên ngoài như thời tiết, bụi bẩn khiến bạn...",56000,0,0,2,,8.0,OEM
127743201,"[Tốt Bền] Bộ 04 Chân Đế KhoNCC Chống Rung Lắc, Giảm Ồn Máy Giặt - Tủ Lạnh - Hàng Chính Hãng - KLVQ-5214-BCRMG","Hiện nay, máy giặt và tủ lạnh là những vật dụng không thể thiếu ở mỗi gia đình. Làm thế nào để gia tăng tuổi thọ cho những đồ dùng này là vấn đề mà rất nhiều gia đình quan tâm. Hôm nay sẽ là một vật d...",79000,9000,10,4,,8.0,KHONCC
277867289,"Bột vệ sinh máy giặt - tẩy lồng máy giặt - viên tẩy máy giặt phù hợp cửa đứng, cửa ngang Hàn Quốc Làm Sạch","    Bột vệ sinh máy giặt - tẩy lồng máy giặt - viên tẩy máy giặt phù hợp cửa đứng, cửa ngang Hàn Quốc là sản phẩm chất lượng cao giúp làm sạch hiệu quả cho máy giặt của bạn.     Hạn sử dụng:24 th...",39000,0,0,0,,,OEM
278437648,"Bột vệ sinh máy giặt - tẩy lồng máy giặt - viên tẩy máy giặt phù hợp cửa đứng, cửa ngang Hàn Quốc Làm Sạch","      Bột vệ sinh máy giặt - tẩy lồng máy giặt - viên tẩy máy giặt phù hợp cửa đứng, cửa ngang Hàn Quốc là sản phẩm chất lượng cao giúp làm sạch hiệu quả cho máy giặt của bạn.       Hạn sử dụng:2...",49000,0,0,0,,5.0,OEM
276584850,Tủ giặt khô Estilo 2024 Made in Korea Hàng chính hãng,"PHIÊN BẢN ESTILO NEW 2023 - CẢI TIẾN MỚI, ĐỘT PHÁ MỚISau một thời gian ấp ủ, Estilo đã cho ra mắt chiếc tủ giặt khô là hơi với nhiều cải tiến hoàn thiện hơn. Những đổi mới này hứa hẹn sẽ mang tới cho...",6990000,0,0,0,,,Estilo
189268232,SET 6 túi giặt siêu dày 3 lớp cao cấp - Combo 6 túi lưới bảo vệ quần áo dùng cho máy giặt 3 lớp siêu bền tiện dụng chính hãng D Danido,SET 6 túi giặt siêu dày 3 lớp cao cấpCombo 6 túi lưới bảo vệ quần áo dùng cho máy giặt 3 lớp siêu bền tiện dụng chính hãng D Danido                       Máy giặt đã không còn xa lạ gì với các gia...,169000,71000,30,2,,13.0,D Danido
277914433,"Bột vệ sinh máy giặt - tẩy lồng máy giặt - viên tẩy máy giặt phù hợp cửa đứng, cửa ngang Hàn Quốc Làm Sạch","      Bột vệ sinh máy giặt - tẩy lồng máy giặt - viên tẩy máy giặt phù hợp cửa đứng, cửa ngang Hàn Quốc là sản phẩm chất lượng cao giúp làm sạch hiệu quả cho máy giặt của bạn.       Hạn sử dụng:2...",43000,0,0,2,,10.0,OEM
276901185,"Set hộp 12 viên tẩy sạch lồng máy giặt , loại bỏ cặn lắng và chất bẩn gây mùi hôi trong máy giặt  ,   giúp làm sạch quần áo , phù hợp với tất cả các loại máy giặt ","-Hộp 12 viên tẩy sạch lồng máy giặt , loại bỏ cặn lắng và chất bẩn gây mùi hôi trong máy giặt ,   giúp làm sạch quần áo , phù hợp với tất cả các loại máy giặt -Xuất xứ : Trung Quốc-Hộp 12 viên -Hạn...",79000,0,0,1,,6.0,LYNUSAN
103047057,Túi giặt quần áo Seiwa Pro hàng nội địa Nhật Bản,Túi giặt quần áo Seiwa Pro hàng nội địa Nhật BảnKich thước:Loại 54x42cmDạng ốngLoại 60x60cmDạng túiMàu sắc: Màu hồng / Màu xanh(Sản phẩm được giao màu ngẫu nhiên!)Chất liệu: Polyester c...,44500,0,0,2,,9.0,SEIWAPRO
75815880,"Bộ 04 chân đế cao su chống rung máy giặt   - HT SYS - Đế chống rung máy giặt - Đế chống ồn máy giặt, máy sấy,tủ lạnh, bàn ghế - Giao màu ngẫu nhiên","ĐẾ CHỐNG RUNG, ĐẾ CHỐNG ỒN MÁY GIẶTĐẾ CHỐNG XE DỊCH MÁY GIẶT THÔNG TIN SẢN PHẨM:  Tên sản phẩm: Chân đỡ đa năng máy sấy, máy giặt, tủ lạnh, bàn ghế  Chất liệu : PP & TPU  Đường kính trong: 4....",55000,0,0,132,,4.0,HT SYS
204989495,"Bộ 04 chân đế cao su chống rung máy giặt   - HT SYS - Đế chống rung máy giặt - Đế chống ồn máy giặt, máy sấy,tủ lạnh, bàn ghế - Giao màu ngẫu nhiên","ĐẾ CHỐNG RUNG, ĐẾ CHỐNG ỒN MÁY GIẶTĐẾ CHỐNG XE DỊCH MÁY GIẶT THÔNG TIN SẢN PHẨM:  Tên sản phẩm: Chân đỡ đa năng máy sấy, máy giặt, tủ lạnh, bàn ghế  Chất liệu : PP & TPU  Đường kính trong: 4.7...",55000,0,0,138,,461.0,HT SYS
275400905,"Đế Chống Rung Máy Giặt, Chân Máy Giặt Chân Bàn 4 Miếng Cao Su Cao Cấp. Chống Rung Chống Ồn Chống Trơn Trượt",CHÂN KÊ MÁY GIẶT CHỐNG RUNG CHỐNG ỒN1 set gồm 4 cáiKích thước: 4*6.5 ( lòng trong 1.8-3.5cm)---------------------------Bộ 4 chân để chống rung máy giặt giúp:- Cố định chân máy giặt nâng cao tuổi ...,14000,0,0,1,,29.0,fofaHome
275826481,TV2515DV5J - Máy giặt LG AI DD Inverter 15 kg TV2515DV5J - Hàng Chính Hãng - Chỉ Giao HCM,Tổng quanLoại máy giặt:Cửa trênLồng giặt:Lồng đứngKhối lượng giặt:15 KgSố người sử dụng:Trên 7 người (Trên 10 kg)Kiểu động cơ:Truyền động trực tiếpTốc độ quay vắt tối ...,8102000,2298000,22,0,,,LG
278441580,"Bột vệ sinh máy giặt - tẩy lồng máy giặt - viên tẩy máy giặt phù hợp cửa đứng, cửa ngang Hàn Quốc Làm Sạch","      Bột vệ sinh máy giặt - tẩy lồng máy giặt - viên tẩy máy giặt phù hợp cửa đứng, cửa ngang Hàn Quốc là sản phẩm chất lượng cao giúp làm sạch hiệu quả cho máy giặt của bạn.       Hạn sử dụng:2...",50000,0,0,0,,5.0,OEM
277544993,Bộ 4 Chân Chống Rung Máy Giặt Thiết Kế Tăng Giảm Chiều Cao Đế Cao Su Chống Rung Chống Trượt,Bộ 4 Chân Chống Rung Máy Giặt Thiết Kế Tăng Giảm Chiều Cao Đế Cao Su Chống Rung Chống Trượt...,29000,0,0,1,,15.0,dododios
247717489,WT1410NHB - Tháp giặt sấy compact với bộ điều khiển trung tâm WT1410NHB - Hàng chính hãng (chỉ giao HCM),"Khu vực ngoại thành HCM có giao hàng tính phí, vui lòng liên hệ trước.Lắp đặt MIỄN PHÍ ở nhà trệt / có thang máy, vật tư phát sinh tính phí.Cần hỗ trợ giao hàng nhanh, quý KH vui lòng liên hệ / cha...",40089000,5901000,13,0,,,LG
275187246,"Chân Đế Máy Giặt, Kệ Máy Giặt Và Tủ Lạnh Daikiosan Có Thể Điều Chỉnh Kích Thước Phù Hợp Mọi Loại Thiết Bị - Hàng Chính Hãng","Chân kê máy giặt, tủ lạnh có thiết kế hiện đại được làm từ nhựa ABS và inox cao cấp cho tải trọng tối đa đến 380 kg, chịu lực bền bỉ.- Có 2 phân loại để lựa chọn: + DVCK- 00004 kích thước 45-61cm d...",335000,50000,13,1,,8.0,PEAFLO
247956636,WA14CG5886BV/SV - Máy giặt Samsung Ecobubble 14kg WA14CG5886BV - Hàng chính hãng (chỉ giao HCM),Thông số kỹ thuậtKhối Lượng Giặt (kg)14 kg Mức độ tiết kiệm5 star Mâm GiặtSTS Dual Storm Lồng Giặt2nd Diamond Kích Thước Thực (WxHxD)610 x 1089 x 675 mm Khối Lượng Thực43 kg...,13990000,0,0,0,,,Samsung
277514113,"Đế Chống Rung Máy Giặt, Chân Máy Giặt Chân Bàn 4 Miếng Cao Su Cao Cấp. Chống Rung Chống Ồn Chống Trơn Trượt",    CHÂN KÊ MÁY GIẶT CHỐNG RUNG CHỐNG ỒN   1 set gồm 4 cái   Kích thước: 4*6.5 ( lòng trong 1.8-3.5cm)   ---------------------------   Bộ 4 chân để chống rung máy giặt giúp:   - Cố định chân m...,45000,0,0,0,,3.0,TIEN ANH HOUSE
