id,name,short_description,price,discount,discount_rate,review_count,day_ago_created,quantity_sold,brand_name
1941995,Lò Nướng Sharp EO-A323RCSV-ST (32L) - Hàng Chính Hãng,"Thiết kế hiện đại, tiện dụngLò nướng Sharp EO-A323RCSV-ST kiểu dáng hiện đại, sang trọng, gia dụng làm đẹp không gian bếp gia đình.Lò nướng bánh dung tích 32 lít dùng tốt cho gia đình đông người và...",1839000,681000,27,141,,948.0,Sharp
29868820,LÒ NƯỚNG SANAKY VH-309S2D/N2D,"Lò Nướng Sanaky VH-309S2D/N2D là sản phẩm lò nướng với dung tích khoảng 30 lít, mang lại bữa ăn ngon miệng cho mọi gia đình Việt.Một số tính năng nổi bật của Lò Nướng Sanaky VH-309S2D/N2D:– Cửa kí...",1320000,0,0,7,,25.0,Sanaky
510501,Lò Nướng Tiross TS9602 - 40L (Đen) - Hàng chính hãng,"Lò Nướng Tiross TS9602 - 40L (Đen) Lò Nướng Tiross TS9602 - 40L (Đen) tích hợp những tính năng hiện đại như nướng bằng thanh nhiệt, chế độ hẹn giờ 90 phút, cùng với đó là dung tích lớn 40L, cho bạn n...",2199000,0,0,0,,,Tiross
278618532,Lò Nướng Electrolux EOT3218XG - Hàng Chính Hãng,"Nướng đa dạng các món ănThỏa sức nấu nướng đa dạng với lò cùng bốn tính năng: nướng bánh mì, nướng bánh, nướng thịt, cũng như các món ngon hoàn hảo với chức năng rô-ti.Nướng bánh, nướng thịt và hâm...",2214000,476000,18,0,,,Electrolux
275376671,Lò nướng điện mini 12L lò nướng mini đa năng - Hàng chính hãng,"Lò nướng điện mini 12L lò nướng mini đa năng Thông số kỹ thuậtMàu: Hồng và TrắngĐiện áp: 220VKích thước : 200 x 348 x 235 mmCông suất: 600WDung tích: 12LĐiều chỉnh nhiệt độ: 0,-230 ℃Ph...",495000,55000,10,0,,2.0,Anh Lam Store
143867862,Lò nướng Dann DO-KT68B - Hàng chính hãng,Lò nướng đa năng Dann DO-KT68B- Điều khiển kết hợp núm xoay cơ và cảm ứng- 8 Chức năng nướng thông minh:- Cửa kính 3 lớp chịu nhiệt cao- Hệ thống làm mát tự động- Hệ thống bảo vệ an toàn chống q...,11180000,0,0,0,,,Dann
275376671,Lò nướng điện mini 12L lò nướng mini đa năng - Hàng chính hãng,"Lò nướng điện mini 12L lò nướng mini đa năng Thông số kỹ thuậtMàu: Hồng và TrắngĐiện áp: 220VKích thước : 200 x 348 x 235 mmCông suất: 600WDung tích: 12LĐiều chỉnh nhiệt độ: 0,-230 ℃Ph...",495000,55000,10,0,,2.0,Anh Lam Store
32574578,LÒ NƯỚNG BOSCH HBG633BS1A - Hàng chính hãng,ĐẶC ĐIỂM NỔI BẬT LÒ NƯỚNG BOSCH HBG633BS1ALò nướng với 10 phương pháp nướngPhân phối nhiệt hoàn hảo ở bất kỳ cấp độ nào với 4D Hot AirĐiều khiển dễ dàng bằng màn hình TFT với các nút điều khiển cảm...,28500000,0,0,0,,,Bosch
194463343,Lò Nướng Bosch HBG675BB1 - Hàng nhập khẩu,"Lò nướng Bosch HBG675BB1 được sản xuất bằng chất liệu cao cấp trên dây chuyền công nghệ hiện đại, tính năng làm chín thực phẩm thông minh được nhập khẩu nguyên chiếc Châu Âu với tiêu chuẩn tiết kiệm n...",27500000,0,0,0,,,Bosch
11254503,Lò Nướng Tefal OF504E66 23L (Xám Trắng) - Hàng chính hãng,"Lò nướng điện Tefal OF504 23L - Lò nướng điện Tefal OF504 23L sử dụng công nghệ Quartz giúp bạn nướng chín thức ăn nhanh, tiết kiệm thời gian và điện năng. Lò nướng Tefal OF504 hỗ trợ đắc lực trong vi...",4190000,0,0,0,,,Tefal
2775717,Lò Nướng Sanaky VH-259S2D (25L) - Hàng chính hãng,"Thiết kế gọn nhẹ, tiện dụngLò Nướng Sanaky VH-259S2D có thiết kế đẹp mắt, gọn đẹp, lắp đặt và sử dụng thuận lợi trong mọi gian bếp. Khoang lò bằng thép không gỉ, vỏ thép phủ sơn tĩnh điện chịu nhiệt ...",1270000,0,0,0,,7.0,Sanaky
510506,Lò Nướng Tiross TS9603 - 50L (Đen) - Hàng chính hãng,Lò Nướng Tiross TS9603 - 50L (Đen) Lò Nướng Tiross TS9603 - 50L (Đen) được thiết kế với dung tích lên đến 50L giúp bạn có thể nướng thức ăn với khối lượng lớn cho nhiều người dùng một cách dễ dàng và...,2299000,0,0,0,,,Tiross
205590226,LÒ NƯỚNG EUROSUN EOV65ME - HÀNG CHÍNH HÃNG,Thông tin cơ bản Mã hàng : EOV65ME Thương hiệu: EUROSUN  Bảo hành: 2 năm...,10990000,0,0,0,,,Eurosun
275930471,LÒ NƯỚNG BEAR DKX-C11Z2 Hàng chính hãng,"Với thanh nướng kép đối xứng ở phía trên và dưới, công nghệ đối lưu giúp thực phẩm trong lò luôn được nướng chín đều, thơm ngon, không bị cháy xém. Công suất đạt tới 800W kết hợp với các chế độ nhiệt ...",990000,0,0,0,,,Bear
167543552,Lò Nướng Điện Đa Năng Comet CM6510 (10L) - Đen - Hàng Chính Hãng,"Thiết kế hiện đại, màu sắc sang trọngLò Nướng Điện Đa Năng Comet CM6510 (10L) có kích thước nhỏ gọn với chiều dài khoảng 40cm, giúp bạn dễ dàng bố trí sản phẩm trong gian bếp. Toàn thân sản phẩm dạ...",498000,0,0,3,,389.0,Comet
38451729,LÒ NƯỚNG EUROSUN EOV72TFT - HÀNG CHÍNH HÃNG ,"Lò nướng âm tủ EOV72TFT có thiết kế đẹp mắt, điều khiển cảm ứng TFT với màn hình màu sắc nét. Lò được thiết kế bề mặt kính cường lực 3 lớp, chịu lực chịu nhiệt, chống tia UV. Sản phẩm mang một nét đẹp...",21292000,0,0,0,,,Eurosun
2778291,Lò Nướng Sanaky VH-129N2D (120 Lít) - Hàng chính hãng,"Thiết kế sang trọngLò Nướng Sanaky VH-129N2D với sự cải tiến mới được thiết kế cửa kính 2 lớp chịu nhiệt và cường lực cao giúp lò tránh mất nhiệt ra ngoài đảm bảo độ ổn định của nhiệt độ bên trong, n...",3590000,0,0,0,,1.0,Sanaky
198815230,Lodge - Lò nướng Pro - Hàng Chính Hãng,"Lò nướng Pro sản phẩm của thương hiệu Lodge đến từ Mỹ.Sản phẩm chất liệu gang, giữ nhiệt tốt.Cấu tạo vỉ nướng có thể hạ thấp hoặc nâng cao, dễ điều khiển khi nướng.Có ngăn đựng than phía dưới, có h...",8640000,2160000,20,0,,,Lodge
112499276,Lò nướng TOM 240. Tomate Tây Ban Nha. Hàng Chính Hãng,       CHI TIẾT SẢN PHẨM   Lò nướng âm tủ đa chức năng   Xuất xứ: Châu Âu   • Kích thước 60 cm   • 07 chức năng   • Hệ thống điều khiển điện tử sử dụng 02 nút vặn tiện dụng   • Màng hình hiể...,12546000,0,0,0,,,Tomate
274418081,Lò nướng đối lưu Lamaca - Hàng Chính Hãng,"Lò nướng đối lưu / Convection OvenDùng nướng các loại bánh, hải sản, thịt, …Có chức năng phun ẩmCó chức năng nướng mặt như 1 chiếc lò nướng SalamanderNhiệt độ điều chỉnh : Temperature: 50-300℃...",13816000,0,0,0,,,Lamaca
52414551,Lò Nướng Sanaky VH-259N2D - Hàng Chính Hãng,Thông số kỹ thuật LÒ NƯỚNG SANAKY VH-259N2DĐặc điểm sản phẩmModel: VH-259N2DMàu sắc: InoxNhà sản xuất: SanakyLoại lò nướng: Lò nướng thùngDung tích: 25 LítCông suất: 1380 WGiữ nhiệt tối ư...,1310000,0,0,0,,,Sanaky
275826578,"Lò Nướng Philiger PLG-6036, Đối Lưu Cao Cấp, 36 Lít Hàng chính hãng",Thương hiệu: PhiligerXuất xứ: PRCBảo hành: 12 thángCông suất: 1400WDung tích: 36 lítĐèn trong khoang lò: CóTiết kiệm điện năng tiêu thụ5 chế độ nướng linh hoạt...,1790000,0,0,0,,,Philiger
34710448,Lò nướng Eurosun EOV65ME_Hàng Chính Hãng,� ...,11535000,0,0,0,,,Eurosun
2777723,Lò Nướng Sanaky VH-129S2D (120L) - Hàng chính hãng,"Thiết kế sang trọngLò Nướng Sanaky VH-129S2D với sự cải tiến mới được thiết kế cửa kính 2 lớp chịu nhiệt và cường lực cao giúp lò tránh mất nhiệt ra ngoài đảm bảo độ ổn định của nhiệt độ bên trong, n...",3450000,0,0,0,,,Sanaky
137330795,"Lò nướng BBQ ngoài trời Baumatic BBQ411BLX - Thương hiệu của Anh ""Hàng nhập khẩu""","Lò nướng BBQ ngoài trời Baumatic BBQ411BLX có kiểu dáng gọn gàng với 4 bánh xe chịu lực giúp bạn di chuyển linh hoạt đến các vị trí thật tiện lợi. Nhờ vậy, bạn có thể sử dụng lò ở sân vườn và bảo quả...",15490000,0,0,0,,,BAUMATIC
275114771,Lò nướng Eurosun EOV65ME - Hàng chính hãng,"Thông tin sản phẩm EOV65ME EOV65ME nhập khẩu nguyên chiếc từ Malaysia là sản phẩm lò nướng cao cấp, dung tích lên đến 65L với 3 tầng đặt khay nướng, bạn hoàn toàn thoải mái sử dụng để chế ...",11535000,0,0,0,,,Eurosun
205837754,LÒ NƯỚNG CANZY CZ-11EBN - HÀNG CHÍNH HÃNG,Lò nướng âm tủĐiều khiển cảm ứng 11 chức năngHệ thống quạt thông gióĐồng hồ hẹn giờHệ thống làm sạch thông minh...,17100000,0,0,0,,,Canzy
275750247,Lò Nướng Sanaky VH-129N2D (120 Lít) - Hàng chính hãng ,"Thiết kế sang trọngLò Nướng Sanaky VH-129N2D với sự cải tiến mới được thiết kế cửa kính 2 lớp chịu nhiệt và cường lực cao giúp lò tránh mất nhiệt ra ngoài đảm bảo độ ổn định của nhiệt độ bên trong, n...",4150000,0,0,0,,,Sanaky
275114770,Lò nướng Eurosun EOV75TFT - Hàng chính hãng,"Thông tin sản phẩm EOV75TFT EOV75TFT là sản phẩm nhập khẩu nguyên chiếc từ Thổ Nhỹ Kỳ với nhiều công nghệ hiện đại, thiết kế tinh tế, là một trong những dòng lò nướng được ưa chuộng nhất năm 2022....",23910000,0,0,0,,,Eurosun
278065455,Lò Nướng Đối Lưu Tiross TS9610 - 55 Lít - 2000W - 12 Chức Năng Nướng - Hàng chính hãng,Lò nướng điện Tiross TS-9610 công suất 2000W với dung tích 55 lít; cùng 12 chức năng nướng hiện đại.Đặc điểm nổi bật Lò nướng Tiross TS9610:- Dung tích 55 lít – Công suất 2000W- Thiết kế bằng inox...,2499000,0,0,0,,,Tiross
34678776,lò nướng than inox vuông loại trung 20x30 có vĩ nướng,"bếp nướng than inox vuông loại trung có vĩ nướng được nhiều nhóm phược sử dụng để đem theo nướng các món ăn từ thức ăn họ đem theo hoặc thức ăn họ thu hoạch được trong chuyến phượt rừng,biển đảo việt ...",100000,0,0,0,,,OEM
277465799,"Lò nướng 2 mặt cao cấp Suncojia tặng dụng cụ hỗ trợ, giá nướng, vỉ nướng, có thể gấp gọn và di động","Thương hiệu: Suncojia 1.Đặc điểm sản phẩm: Bếp có thiết kế tiện dụng, dễ dàng gấp gọn sau khi sử dụng, giúp tiết kiệm không gian và dễ dàng di chuyển cho các buổi nướng ngoài trời.Bảng để đồ hai ...",689000,0,0,0,,1.0,Suncojia
205599672,LÒ NƯỚNG MWO-28EUR - HÀNG CHÍNH HÃNG,Mã sản phẩm: MWO-28EURHãng: EurosunXuất xứ: Maylasia...,7645000,0,0,0,,,Eurosun
275114776,Lò nướng Eurosun EOV65DE - Hàng chính hãng,"Thông tin sản phẩm EOV65DE EOV65DE nhập khẩu nguyên chiếc từ Malaysia là sản phẩm lò nướng cao cấp, dung tích 65L và phù hợp sử dụng cho đại đa số gia đình Việt.Với thiết kế sang trọng, sử dụng vật...",14160500,0,0,0,,,Eurosun
558591,Lò Nướng Thủy Tinh Halogen Tiger Queen MO-02MHG - 12L - Hàng Chính Hãng,"Thiết kế hiện đạiLò nướng thủy tinh sử dụng đèn Halogen Tiger Queen MO-02MHG có thiết kế hiện đại với cấu tạo đặc biệt giúp không gian bếp luôn sạch sẽ, khi nướng không bị các hiện tượng dầu mỡ văng ...",2299000,351000,13,0,,,Tiger Queen
276109387,Nhiệt Kế Lò Nướng Oven,Nhiệt Kế Lò Nướng OvenChi Tiết Sản Phẩm            Chất Liệu: Thép Không Rỉ + Kính            Độ Chính Xác: Trong Vòng 2 ° C            Đường Kính Tròn: 5.2cm            Màu Sắc Như Hình        ...,25000,0,0,0,,,SEVENMOOONS
274498003,Lò nướng đối lưu LA-04AB - Hàng Chính Hãng,"Giá bán chưa VAT: 17,860,000đ + kèm quà tặng lên tới 3,866,000đ, bao gồm:Tặng kèm 1 máy xay ngũ cốc LA-66 Lamaca trị giá 2,866,000 đTặng kèm 4 khay 400 x 600mm trị giá: 1,000,000 đLò nướng đố...",19646000,0,0,0,,,Lamaca
275114778,Lò nướng Eurosun OMS36EG - Hàng chính hãng,"Thông tin sản phẩmOMS36EG OMS36EG vừa là 1 chiếc lò nướng, vừa là một chiếc lò vi sóng, lại là một chiếc lò hấp! vừa tiện dụng, vừa đa năng, lại tiết kiệm tiền mua 3 thiết bị cho gia đình bạn. Lò đư...",19687500,0,0,0,,,Eurosun
100947626,Lò nướng thủy tinh KHALUCK.HOME KL-658H với công nghệ đèn halogen nướng đối lưu - HÀNG CHÍNH HÃNG,Giới thiệu sản phẩm Lò nướng thủy tinh KL-658HNhững các món chiên rán và nướng là những món ăn hấp dẫn trong khẩu phần ăn của người Việt Nam.Lò nướng thủy tinh Khaluck.Ngoài chức năng chính là nướn...,839000,0,0,1,,2.0,Khaluck.Home
275114780,Lò nướng Eurosun EOV72TFT - Hàng chính hãng,"Thông tin sản phẩm EOV72TFTEOV72TFT có thiết kế đẹp mắt, điều khiển cảm ứng TFT với màn hình màu sắc nét. Lò được thiết kế bề mặt kính cường lực 3 lớp, chịu lực chịu nhiệt, chống tia UV. Sản phẩm ma...",21292500,0,0,0,,,Eurosun
1941995,Lò Nướng Sharp EO-A323RCSV-ST (32L) - Hàng Chính Hãng,"Thiết kế hiện đại, tiện dụngLò nướng Sharp EO-A323RCSV-ST kiểu dáng hiện đại, sang trọng, gia dụng làm đẹp không gian bếp gia đình.Lò nướng bánh dung tích 32 lít dùng tốt cho gia đình đông người và...",1839000,681000,27,141,,948.0,Sharp
1941995,Lò Nướng Sharp EO-A323RCSV-ST (32L) - Hàng Chính Hãng,"Thiết kế hiện đại, tiện dụngLò nướng Sharp EO-A323RCSV-ST kiểu dáng hiện đại, sang trọng, gia dụng làm đẹp không gian bếp gia đình.Lò nướng bánh dung tích 32 lít dùng tốt cho gia đình đông người và...",1839000,681000,27,141,,948.0,Sharp
275114517,Lò nướng Chefs EH-BO600B - Hàng chính hãng,"Thông tin sản phẩm EH-BO600B Với dung tích lớn 56L có thể nướng gà nguyên con tầm 2kg, nướng 2-3 khay bánh cùng một lúc, lò nướng âm tủ EH-BO600B phù hợp với nhu cầu sử dụng trong gia đình, quán ăn,...",10320000,0,0,0,,,Chef's
275376671,Lò nướng điện mini 12L lò nướng mini đa năng - Hàng chính hãng,"Lò nướng điện mini 12L lò nướng mini đa năng Thông số kỹ thuậtMàu: Hồng và TrắngĐiện áp: 220VKích thước : 200 x 348 x 235 mmCông suất: 600WDung tích: 12LĐiều chỉnh nhiệt độ: 0,-230 ℃Ph...",495000,55000,10,0,,2.0,Anh Lam Store
510494,Lò Nướng Halogen Tiross TS9601 - 9L (Trắng) - Hàng chính hãng,"Lò Nướng Halogen Tiross TS9601 - 9L (Trắng) Lò Nướng Halogen Tiross TS9601 - 9L (Trắng) được trang bị 2 đèn halogen công suất tối đa đạt 1200 W giúp tăng tốc độ nướng thực phẩm, mang đến những món ăn...",699000,0,0,0,,10.0,Tiross
272886590,Lò nướng Electrolux 53 lít RZB2110AAXA Hàng chính hãng,Được tích hợp nhiều chức năng nấu khác nhau tiện lợi.Quạt nhiệt tích hợp Ultrafan Plus phân phối nhiệt đều.Thiết kế 2 lớp cửa giúp cách nhiệt đảm bảo an toàn.Khoang lò tráng men dễ v...,11200000,0,0,0,,,Electrolux
2776923,Lò Nướng Sanaky VH-5099N2D (50L) - Hàng chính hãng,"Thiết kế gọn nhẹ, tiện dụngLò Nướng Sanaky VH-5099N2D có thiết kế đẹp mắt, gọn đẹp với phần vỏ inox màu bạc sang trọng, lắp đặt và sử dụng thuận lợi trong mọi gian bếp. Khoang lò bằng thép không gỉ, ...",2179000,821000,27,0,,,Sanaky
205591463,LÒ NƯỚNG EUROSUN MWO-30EUR - HÀNG CHÍNH HÃNG,Mã sản phẩm: MWO-30EURThương hiệu: EurosunXuất xứ: Malaysia...,10635000,0,0,0,,,Eurosun
2776517,Lò Nướng Sanaky VH-3599N2D (35L) - Hàng chính hãng,"Thiết kế gọn nhẹ, tiện dụngLò Nướng Sanaky VH-3599N2D có thiết kế đẹp mắt, gọn đẹp với phần vỏ inox màu bạc sang trọng, lắp đặt và sử dụng thuận lợi trong mọi gian bếp. Khoang lò bằng thép không gỉ, ...",1739000,1061000,38,1,,2.0,Sanaky
208106547,LÒ NƯỚNG ĐIỆN COMET CM6518 DUNG TÍCH 28 LÍT CÔNG SUẤT 1600W - HÀNG CHÍNH HÃNG,THÔNG TIN KỸ THUẬT:  1.Thương hiệu: Comet  2.Sản phẩm: Lò nướng điện đa năng3.Mã sản phẩm: CM65184.Điện áp: 220V - 50Hz5.Công suất: 1600W6.Dung tích: 28L7.Kích thước: 50*37.5*34.5  – Cân nặng: 7.9kg8....,1089000,0,0,1,,4.0,Comet
278098839,"Lò nướng điện Comet CM6510 10L – Công suất 1000W, đa chức năng, nhỏ gọn, hàng chính hãng",1.THAM SỐ KỸ THUẬT SẢN PHẨM:- Mã sản phẩm: CM6510- Màu sắc: Đen- Điện áp: 220V - 50Hz- Công suất: 1000W- Trọng lượng: 5 kg- Kích thước sản phẩm: 395*305*224 mm2. ĐẶC ĐIỂM SẢN PHẨM:- Lưu thông không k...,579000,180000,24,0,,1.0,Comet
93223891,Lò Nướng Faster FS – 1011G - Hàng chính hãng,"Thiết kế âm tủ sang trọng và hiện đại8 chức năng nướng linh hoạtĐiều khiển cơ điện tử, có màn hình LED hiển thịChất liệu cao cấp, kính 3 lớp an toànNướng nhanh, có quạt đối lưu, tiết kiệm điện nă...",14000000,0,0,0,,,Faster 
2777547,Lò Nướng Sanaky VH-5088N2D (50L) - Hàng chính hãng,"Thiết kế sang trọngLò Nướng Sanaky VH-5088N2D với sự cải tiến mới được thiết kế cửa kính 2 lớp chịu nhiệt và cường lực cao giúp lò tránh mất nhiệt ra ngoài đảm bảo độ ổn định của nhiệt độ bên trong, ...",3499000,0,0,0,,,Sanaky
188487069,Lò nướng Electrolux để bàn UltimateTaste 500 32L EOT3218XG - Hàng chính hãng,Lò nướng đa năng 4 trong 1Chức năng đối lưu cho món quay giòn hay món bánh nướng hoàn hảoTính năng lên men giúp bột nở khi nướng bánhNướng đa dạng các món ănThỏa sức nấu nướng đa dạng với lò...,3500000,0,0,0,,,Electrolux
275930465,LÒ NƯỚNG ĐIỆN MINI BEAR DKX-D11N6 Hàng chính hãng,"Sản phẩm được làm từ thép không gỉ dễ dàng vệ sinh sau mỗi lần sử dụngLớp cửa kính trong suốt, an toàn và bền chắc giúp bạn dễ dàng quan sát quá trình nấu nướng trong lòLò có thể điều chỉnh nhiệt độ...",990000,0,0,0,,,Bear
261988258,Lò nướng điện đa năng 10 lít Comet CM6510 (Đen) - HÀNG CHÍNH HÃNG,"       Lò Nướng Điện Đa Năng Comet CM6510 (10L) có kích thước nhỏ gọn với chiều dài khoảng 40cm, giúp bạn dễ dàng bố trí sản phẩm trong gian bếp. Toàn thân sản phẩm dạng khối chữ nhật được sơn màu...",839000,0,0,0,,49.0,Comet
275750848,"Lò nướng Sharp EO-A323RCSV-ST 32 lít , công suất 1500W - Nướng xiên quay - Hàng chính hãng",THÔNG OS61 KỸ THUẬT:Loại lò nướng: Lò nướng thùngDung tích: 32 lítCông suất: 1500WHẹn giờ: Hẹn giờ lên tới 120 phútNhiệt độ: 70 - 230ºCBảng điều khiển: Nút vặnChất li...,1969000,721000,27,0,,,Sharp
278065326,Lò nướng điện Tiross TS9607 - 28 lít - 1500W - Hàng chính hãng,"Lò nướng Tiross TS96067 sở hữu thiết kế sang trọng với màu sắc trắng góp phần tạo nên độ sang trọng và lịch lãm trong không gian bếp của gia đình bạn, khoang lò bằng thép không gỉ sang trọng, hạn chế...",1899000,0,0,0,,,Tiross
52285271,Lò nướng D'MESTIK ES615 DMK - Hàng Chính Hãng,Phân loại lò nướng Dmestik theo chủng loại:Có 2 loại phổ biến đó là lò nướng Dmestik lắp âm bàn bếp và lò nướng Dmestik lắp độc lập.Xuất xứ lò nướng Dmestik: có nguồn gốc xuất xứ nhập khẩu Tây Ban Nha...,12300000,0,0,0,,, D'MESTIK
105529304,Lò Nướng Điện BEAR DKX-D11K3 Dung Tích 11 Lít Công Suất 700 W - Hàng Chính Hãng,...,1599000,0,0,0,,7.0,Bear
846159,Lò Nướng Sanaky VH-359S2D (35L) - Hàng chính hãng,Lò Nướng Sanaky VH-359S2D/N2DModelVH-359S2D/N2DDung tích35 lítCông suất1600 (W)Nguồn điện220V/50HzKích thước536 x 392.3 x 337.7 (mm)Trọng lượng8.8 kgSanaky VH-359S2D/N2D là sản phẩm lò...,2400000,0,0,0,,,Sanaky
847169,Lò Nướng Sanaky VH-3599S2D (35 Lít) - Hàng chính hãng,"Dung tích lò nướng lớnLò Nướng Sanaky VH-809N2D có dung tích 35L đủ cho bạn chế biến được một lượng thức ăn vừa phải cho cả nhà mình thưởng thức. Hơn nữa, khoang lò còn được làm hoàn toàn từ thép khô...",1655000,0,0,1,,2.0,Sanaky
29868807,LÒ NƯỚNG SANAKY VH-3599S2D/N2D,"Lò Nướng Sanaky VH-3599S2D/N2D là sản phẩm lò nướng với dung tích khoảng 35 lít, mang lại bữa ăn ngon miệng cho mọi gia đình Việt.Một số tính năng nổi bật của Lò Nướng Sanaky VH-3599S2D/N2D:– Cửa ...",1690000,0,0,0,,4.0,Sanaky
275114774,Lò nướng Chefs EH-BO600E - Hàng chính hãng,"Thông tin sản phẩmEH-BO600E là mẫu lò nướng ra mắt đầu năm 2023 của thương hiệu Chef’s. Lò có thiết kế âm tủ cùng màu đen sang trọng, nổi bật trong gian bếp. Với dung tích 72L cùng công suất nướng 32...",13520000,0,0,0,,,Chef's
847213,Lò Nướng Sanaky VH-5099S2D (50L) - Hàng chính hãng,"Dung tích lò nướng lớnLò Nướng Sanaky VH-5099S2D sỡ hữu một khoang lò có dung tích lớn 50L, có thiết kế rộng rãi, thông thoáng và được làm hoàn toàn bằng thép không rỉ bền đẹp, chắc chắn kết hợp cùn...",2069000,1331000,39,0,,5.0,Sanaky
445156,Lò Nướng Thủy Tinh Sanaky VH-148T - Hàng chính hãng,"Kiểu dáng độc đáo - Lò Nướng Thủy Tinh Sanaky VH-148T được thiết kế với kiểu dáng độc đáo, lạ mắt sẽ mang đến cho không gian bếp của bạn nét đẹp trẻ trung, mới lạ. - Thiết kế nhỏ gọn, không chiếm nh...",1020000,0,0,5,,34.0,Sanaky
445160,Lò Nướng Thủy Tinh Sanaky VH-188D - Hàng chính hãng,"Dung tích lớnNồi có dung tích 15 lít cùng đai tăng thể tích, có thể tăng thêm 10cm làm tăng thể tích của nồi, giúp nướng được nhiều thực phẩm hơn, hay các loại thực phẩm nguyên con như: gà, vịt, C...",1590000,0,0,0,,,Sanaky
202042008,Lò Nướng Kaff KF-BI75TFT - Hàng Chính Hãng ,Thông số kĩ thuật• Lò nướng dung tích 75L – Xuất Xứ: Made In Turkey• Kích thước bên trong khoang nướng / Cavity Dimensions: 475x392x413mm• 10 chức năng nướng – chức năng nướng mặc định /10 Program – ...,20900000,0,0,0,,,KAFF
100947823,LÒ NƯỚNG ĐIỆN KHALUCK.HOM KL-658_KL-658H Hàng chính hãng,"·Nguồn điện: 220-240V/50-60Hz;·Bộ chỉnh nhiệt độ: 00C -2500C;. Bộ định thời gian : 0'-60'·Bộ vi mạch điều chỉnh nhiệt tự động giúp tiết kiệm điện.·Khoang lò bằng thủy tinh chịu nhiệt cao, trong su...",690000,0,0,0,,3.0,KHALUCK
58546141,Lò Nướng Panasonic NB-H3801KRA (38 Lít) - Hàng Chính Hãng,"Chức năng nướng đối lưu và nướng hai thanh nhiệtLò Nướng Panasonic NB-H3801KRA với chế độ nướng hai thanh nhiệt trên và dưới cung cấp nhiệt năng mạnh mẽ, cho các món nướng vàng giòn và thơm ngon, tiế...",3579000,0,0,0,,,Panasonic
274614073,LÒ NƯỚNG KAFF KF-BI901PU - HÀNG CHÍNH HÃNG ," Thông tin sản phẩm: • Lò nướng âm tủ• Xuất xứ: Thổ Nhĩ Kỳ• Dung tích 73L• Cửa kính 3 lớp cách nhiệt, kính bên trong có thể tháo rời• Điều khiển núm vặn cơ học kèm cảm ứng• Màu bảng điều khiển Inox đ...",11800000,0,0,0,,,KAFF
1942013,Lò Nướng Sharp EO-A384RCSV-ST (38L) - Hàng Chính Hãng,"Lò nướng Sharp thiết kế hiện đại, vỏ và khoang lò bằng chất liệu thép không gỉ sáng bóng, dễ lau chùi, bền bỉDung tích 38 lít, kiểu lò nướng thùng có khả năng nướng gà nguyên con tầm 1.5 kg trở xuốn...",3400000,0,0,0,,5.0,Sharp
277396053,Lò nướng điện băng chuyền Tiross TS9664- Hàng chính hãng,"Điện áp: 220-240V, 50/60HzCông suất: 1300WThân vỏ bằng inox chống gỉ, sáng bóngPhù hợp với 1 miếng bánh mỳ nằm ngang (kích cỡ: 12x12x1.2 cm)Năng suất: 150-180 lát bánh mỳ/giờ2 Núm điề...",9990000,0,0,0,,,Tiross
142985841,Lò chiên nướng không dầu BIOCHEF - Hàng Chính Hãng,...,2999000,0,0,0,,,BioChef
276159601,Lò nướng gốm than xông khói Kamado 12.6inch Hàng chính hãng,"Lò nướng gốm - Kamado 12.6inch -Lò nướng than gốm di động 12,6 inch là giải pháp nướng nhỏ gọn nhưng mạnh mẽ, hoàn hảo cho nấu ăn ngoài trời, cắm trại và tiệc nướng ngoài trời. Được chế tạo với thân ...",6990000,0,0,0,,,Landmann
118368881,Lò Nướng Canzy CZ 11EBN - Hàng Chính Hãng,"TÍNH NĂNG SẢN PHẨM•• Lò nướng âm tủ•• Điều khiển cảm ứng 11 chức năng•• Hệ thống quạt thông gió•• Đồng hồ hẹn giờ•• Hệ thống làm sạch thông minh THÔNG SỐ KỸ THUẬT•• Kính chịu lực, chịu nhiệt•...",17100000,0,0,0,,,Canzy
212992116,Lò Nướng Điện Âm Teka HLC 840 ( 45L ) - Hàng Chính Hãng,"Dung tích sử dụng lên đến 70 lítLò Nướng Điện Âm Teka HLC 840 được nhập khẩu nguyên chiếc từ Châu Âu, thuộc dòng sản phẩm Maestro – dòng sản phẩm mới của Teka với những cải tiến vượt trội về kiểu dán...",27049000,0,0,0,,,Teka
213912745,Lò nướng điện TEKA HLB 860 - Hàng Chính Hãng,"Lò nướng Teka HLB 860 với kiểu dáng hiện đại, cùng những tính năng vượt trội hứa hẹn sẽ mang đến cho bạn trải nghiệm nấu nướng hoàn hảo. Lò nướng Teka HLB 860 - Được sản xuất bởi thương hiệu Teka nổi...",32990000,0,0,0,,,Teka
275826240, Lò nướng than Napoleon 22″ Charcoal Kettle Hàng chính hãng,"Là lựa chọn lý tưởng cho những người đam mê nướng than, hãy trải nghiệm nướng bằng than với Bếp nướng than hồng nhỏ gọn và di động của Napoleon.Lò nướng này có thể dễ dàng theo bạn đến bất cứ nơi đâu...",8590000,0,0,0,,,NAPOLEON
277996896,Lò Nướng Thủy Tinh Halogen Tiross TS967 12L - Hàng chính hãng ,"Công nghệ nướng đối lưuSản phẩm sử dụng công nghệ nướng đối lưu bằng đèn Halogen, tạo luồng khí nóng đối lưu đều khắp khoang lò, giúp thực phẩm chín đều từ trong ra ngoài trong thời gian ngắn mà vẫn ...",950000,0,0,0,,2.0,Tiross
213848611,Lò nướng Teka HLB 8600 GREY - Hàng Chính Hãng," THÔNG TIN SẢN PHẨM TEKA HLB 8600 STEAM GREYĐôi khi những dụng cụ rất đơn giản lại làm gia đình bạn thêm hạnh phúc. Nếu bạn quá bận rộn, cuối tuần là thời gian tốt nhất để bạn chăm sóc gia đình mì...",33869000,0,0,0,,,Teka
200833254,"Lò Nướng Điện Đa Năng BEAR DKX-C20R5, Dung Tích 20L, Công Suất 1500W - Hàng Chính Hãng","Bạn đang cần tìm một Lò Nướng Điện hiện đại, thiết kế thông minh, giúp bạn tiết kiệm cả thời gian lẫn công sức? Bạn muốn nướng thực phẩm được chín đều, loại bỏ dầu mỡ và an toàn cho sức khỏe? Lò Nướng...",3200000,0,0,0,,,Bear
213705687,Lò nướng TEKA HLB 8415 BK - Hàng Chính Hãng," THÔNG TIN SẢN PHẨM TEKA HLB 8415 BKĐôi khi những dụng cụ rất đơn giản lại làm gia đình bạn thêm hạnh phúc. Nếu bạn quá bận rộn, cuối tuần là thời gian tốt nhất để bạn chăm sóc gia đình mình, với ...",30899000,0,0,0,,,Teka
197858725,Lò Nướng Âm Tủ HBF113BR0A Series 2 - Dung tích 66L - Nhập Khẩu Châu Âu - Hàng Chính Hãng,"Lò nướng Bosch HMH.HBF113BR0A cao cấp thuộc dòng lò nướng âm tủ seri 2 có nguồn gốc xuất xứ tại Thổ Nhĩ Kỳ, nổi bật với mặt kính đen bo viền kim loại không gỉ. Thiết bị dán nhãn hiệu quả năng lượng m...",15500000,0,0,0,,,Bosch
846335,Lò Nướng Sanaky VH-809S2D (80L) - Hàng chính hãng,"Dung tích lò nướng lớnLò Nướng Sanaky VH-809S2D với dung tích lên đến 80L có thể dùng như lò nướng thịt cho cả gia đình bạn, với dung tích này rất phổ thông nên chúng ta có thể chọn mua cho gia đình ...",3590000,0,0,0,,1.0,Sanaky
208175833,Lò nướng thủy tinh Khaluck KL-6109 - Dung tích 11L - Hàng chính hãng,"Để chế biến một món nướng ngon, bạn sẽ tốn nhiều công sức và thời gian để làm vệ sinh thiết bị nướng.  với nhiều chức năng và thiết kế hiện đại là lựa chọn tốt cho các nội trợ. Ngoài chức năng chính l...",899000,0,0,0,,,KHALUCK
1942005,Lò Nướng Sharp EO-A383RCSV-ST (38L) - HÀNG CHÍNH HÃNG,"Thiết kế hiện đại, tiện dụngLò nướng Sharp EO-A383RCSV-ST có thiết hiện đại, tiện dụng cùng dung tích lớn 38L, công suất cao 1800W, giúp các món ăn được thực hiện nhanh chóng với độ giòn tuyệt hảo, t...",3180000,0,0,8,,21.0,Sharp
275930445,"Lò nướng Bear DKX-A35P1, dung tích 35 lít Hàng chính hãng","Chi tiết:Lò nướng dần dần trở nên không thể thiếu đối với mọi căn bếp hiện đại vì nhiều người yêu thích những món nướng nhưng ngại sử dụng lò nướng than, bếp nướng vì không an toàn cũng như lượng khó...",2290000,0,0,0,,,Bear
277395254,Lò nướng Tiross TS9608 28 lít - Hàng chính hãng,"Thông tin sản phẩmĐặc điểm nổi bật của lò nướng Tiross TS9608 28 lítVề thiết kếLò nướng điện trang bị màn hình LCD với cửa mở ở 3 cấp độ. Chân đế lò vững chắc, tránh ăn mòn. 2 bên lò có khe tản nh...",2199000,0,0,0,,,Tiross
275930453,"Lò nướng Bear DKX-B40R2, dung tích 40 lít Hàng chính hãng","Chi tiết:Lò nướng dần dần trở nên không thể thiếu đối với mọi căn bếp hiện đại vì nhiều người yêu thích những món nướng nhưng ngại sử dụng lò nướng than, bếp nướng vì không an toàn cũng như lượng khó...",2150000,0,0,0,,,Bear
253406076,LÒ NƯỚNG ĐIỆN MINI BEAR DKX-D20A1 Hàng Chính Hãng,Thương hiệu: BearMã số: DKX-D20A1Xuất xứ: Trung QuốcBảo hành 12 thángHàng chính hãngPhương pháp kiểm soát nhiệt độ: kiểm soát nhiệt độ thống nhất của đường ống trên và dướiMàu sắc: hồngCông suấ...,2350000,0,0,0,,1.0,Bear
58546135,Lò Nướng Panasonic NB-H3203KRA 32 Lít - Công suất 1500W - Chức năng nướng đối lưu - Hàng Chính Hãng,"Chức năng nướng đối lưu và nướng hai thanh nhiệtLò Nướng Panasonic NB-H3203KRA với chế độ nướng hai thanh nhiệt trên và dưới cung cấp nhiệt năng mạnh mẽ, cho các món nướng vàng giòn và thơm ngon, tiế...",3350000,0,0,0,,1.0,Panasonic
846469,Lò Nướng Sanaky VH-809N2D (80L) - Hàng chính hãng,"Dung tích lò nướng lớnLò Nướng Sanaky VH-809N2D với dung tích lên đến 80L có thể dùng như lò nướng thịt cho cả gia đình bạn, với dung tích này rất phổ thông nên chúng ta có thể chọn mua cho...",3490000,0,0,0,,,Sanaky
72637441,Lò chiên không dầu hấp nướng đối lưu Panasonic NU-SC180BYUE 20 lít - Hàng Chính Hãng,"Các món ăn lành mạnh, bổ dưỡng mỗi ngàyChế độ nấu đa dạng bằng hơi nước mạnh mẽ và chế độ 2 tầng đối lưu mang đến những món ăn ngon cho gia đình bạn.Hấp giữ trọn dinh dưỡngHơi nước mạnh mẽ cho phép...",8790000,0,0,0,,6.0,Panasonic
200960781,Lò nướng Toshiba 40 lít TL-MC40EZF(GR) - Hàng chính hãng,Tính năng nổi bật:Công suất lò : 1800WDung tích lò : 40 LítNhiệt độ nướng : 70 - 230 độ CHẹn giờ : Tối đa 60 phútThiết kế khoang lò nướng hình kim cươngQuạt đối lưu giúp tản nhiệt đều và liên tụ...,3490000,0,0,0,,1.0,Toshiba
25766876,LÒ NƯỚNG THÙNG SANAKY 25 LÍT VH-259S2D - hàng chính hãng,ModelVH-259S2D/N2DDung tích25 lítCông suất1380 (W)Nguồn điện220V/50HzKích thước462 x 324 x 279 (mm)Trọng lượng5.3 kg...,1290000,0,0,0,,7.0,Sanaky
270541271,Lò Nướng Điện Kiêm Hấp Đa Năng BEAR DKX-C20R5 Dung Tích 18 Lít Công Suất 1200 W - Hàng Chính Hãng,"Lò nướng Bear DKX-C20R5 là sản phẩm đa năng tích hợp 4 chức năng gồm nướng nhiệt, nướng bánh, làm nóng, nướng khói. Ngoài ra còn có thể hấp cách thủy đồ ăn vô cùng tiện lợi. Với thiết kế trang nhã cùn...",2390000,0,0,0,,,Bear
169956536,Lò nướng Toshiba TL-MC35Z - Dung tích 35L - Công suất 1500W. Hàng chính hãng,...,2450000,340000,12,0,,,Toshiba
213842958,Lò nướng Teka HLB 8600 BLACK - Hàng Chính Hãng," THÔNG TIN SẢN PHẨM TEKA HLB 8600 BK BLACKĐôi khi những dụng cụ rất đơn giản lại làm gia đình bạn thêm hạnh phúc. Nếu bạn quá bận rộn, cuối tuần là thời gian tốt nhất để bạn chăm sóc gia đình mình...",33869000,0,0,0,,,Teka
178316468,Lò Nướng Faster FS 401IG - Hàng Chính Hãng,- Lò nướng âm tử 4 chức năng- Chế độ hẹn giờ nướng- Khóa an toàn trẻ em- Tiết kiệm điện năng- Dung tích: 56L- Công suất: 2700W- Điện áp: 220-240/50Hz- Kích thước: W594 x D498 x H594mm...,10400000,0,0,0,,,Faster 
195915621,"Lò Nướng Điện Tử CASO TO26 Edelstahl-Fettauffangblech Premium, Sản Xuất Tại Đức Cao Cấp, Sang Trọng, 5 Chương Trình Tích Hợp Nướng, Dung Tích 26L, Công Suất 1500W - Hàng Nhập Khẩu Đức","Lò nướng CASO TO 26 Edelstahl-Fettauffangblech, PizzasteinTính năng nổi bật Lò nướng CASO TO 26 Edelstahl-Fettauffangblech, PizzasteinDung tích: 26 lítCông suất: 1500W5 chức năng: đối lưu, quay v...",7500000,0,0,0,,,Caso
172183155,Lò nướng Panasonic NB-H3203KRA - Hàng chính hãng,"Thiết kế hiện đạiDung tích: 32 lítCông suất: 2 thanh nhiệt (1500W), 1 thanh nhiệt (750W)Nhiệt độ: 70 - 230ºCHẹn giờ: 120 phút/lầnChất kiệu khoang lò: Thép không gỉChức năng nướng: Nướng thực ph...",3499000,0,0,0,,,Panasonic
275750873,"Lò nướng Sharp EO-A384RCSV-ST 38 lít, Công suất 1800W - Hàng chính hãng",THÔNG SỐ KỸ THUẬT:Loại lò nướng: Lò nướng thùngDung tích: 38 lítCông suất: 1800WHẹn giờ: Hẹn giờ lên tới 120 phútNhiệt độ: 70 - 230ºCBảng điều khiển: Nút vặnChất liệu...,2529000,861000,25,0,,,Sharp
275930443,"Lò Nướng Bear DKX-A35W5, dung tich 35 lít Hàng chính hãng","Xuất xứ: Trung QuốcPhân loại màu sắc: Xanh lam;Chất liệu lót: Tấm mạ kẽm;Mã số: DKX-A35W5;Chức năng bổ sung: lên men nhiệt độ thấp và sấy khô áp suất với đèn chiếu sáng tích hợp Nướng, rã đông, kh...",2250000,0,0,0,,,Bear
198342274,Lò nướng Steba KB M30 (30 lít - 1500W) - Hàng chính hãng,"Lò nướng Steba KB M30 - Chức năng nướng đối lưuTính năng nồi bật và thông số của sản phẩmNgày nay, khi nhắc đến các thương hiệu lò nướng nổi tiếng trên thế giới thì có lẽ chúng ta không thể không nh...",7130000,0,0,0,,,Steba
275114515,Lò nướng Chefs EH-BO600S - Hàng chính hãng,"Thông tin sản phẩm EH-BO600SVới dung tích lớn 56L có thể nướng gà nguyên con tầm 2kg, nướng 2-3 khay bánh cùng một lúc, lò nướng âm tủ EH-BO600S phù hợp với nhu cầu sử dụng trong gia đình, quán ăn, ...",10320000,0,0,0,,,Eurosun
177297543,Lò Nướng Canzy CZ-09DL - Hàng Chính Hãng,"TÍNH NĂNG SẢN PHẨMLò nướng âm tủĐiều khiển cơ 9 chức năngHệ thống quạt thông gióĐồng hồ hẹn giờHệ thống làm sạch thông minhTHÔNG SỐ KỸ THUẬTKính chịu lực, chịu nhiệtDung tích 70LĐiện áp: 220-...",11700000,0,0,0,,1.0,Canzy
198801100,Lodge - Mặt trên lò nướng - Hàng Chính Hãng,"Sản phẩm là phụ kiện khay nướng cho lò nướng Lodge của thương hiệu Lodge đến từ Mỹ.Chất liệu gang bền bỉMặt trên lò nướng Lodge làm bằng gang đúc, chất liệu có khả năng dẫn nhiệt và giữ nhiệt tốt. Sản...",1206750,402250,25,0,,,Lodge
100294061,Lò nướng Tomate TOM 234. Tomate Tây Ban Nha. Hàng chính hãng,"       Lò nướng TOM 234 với 9 chức năng tiện dụng, sử dụng mức năng lượng A giúp tiết kiệm 20% điện năng. Sản xuất tại Châu Âu theo tiêu chuẩn của Tomate Electrodomésticos.   Lò nướng TOM 234, là...",18540000,0,0,0,,,Tomate
87960372,Lò Nướng Chân Không Điện Tử Lock&Lock EJF291BLK 10L - Hàng Chính Hãng,"Kiểu dáng sang trọng, nhỏ gọnLò Nướng Chân Không Điện Tử Lock&Lock EJF291BLK sở hữu thiết kế nhỏ gọn nhưng vẫn sang trọng, màu đen hiện đại, phù hợp với bất kỳ không gian căn bếp nào....",2743000,3746000,58,324,,893.0,LocknLock
213702800,Lò nướng Teka HLB 8600 BK - Hàng Chính Hãng," THÔNG TIN SẢN PHẨM TEKA HLB 8600 BK BLACKĐôi khi những dụng cụ rất đơn giản lại làm gia đình bạn thêm hạnh phúc. Nếu bạn quá bận rộn, cuối tuần là thời gian tốt nhất để bạn chăm sóc gia đình mình...",33869000,0,0,0,,,Teka
246164320,"Lò nướng Bear DKX-C10Z1, dung tích 11 lít, sử dụng để nướng, quay thực phẩm, độ bền cao",       GIA DỤNG THUẬN PHÁT XIN KÍNH CHÀO QUÝ KHÁCH   Chúc quý khách hàng lựa chọn được sản phẩm phù hợp từ trong Shop.   LÒ NƯỚNG BEAR - DUNG TÍCH 11 LÍT   HÀNG CHÍNH HÃNG - BẢO HÀNH 1 NĂM   T...,1090000,0,0,0,,,Bear
72016703,"Bếp Nướng Than Hoa Phiên Bản Cải Tiến Loại Dài 2023 Chống Cháy Thực Phẩm, An Toàn Sức Khỏe, Không Cần Quạt, Bếp Nướng Không Khói, Bếp Nướng Ngoài Trời, Bếp Nướng Than Hoa Vuông","Bếp Nướng Than Hoa Phiên Bản Cải Tiến Loại Dài 2023 Chống Cháy Thực Phẩm, An Toàn Sức KhỏeBếp nướng than hoa KUNBE phiên bản cải tiến, thông minh dễ dàng gấp gọn khi mang đi dã ngoại, cất giữ dễ dàng...",189000,0,0,171,,645.0,KUNBE
278685893,"Khay nướng thủy tinh chịu nhiệt Luminarc Cuisine Carine 38x23 cm - N3486, dùng lò nướng, lò vi sóng | Hàng chính hãng","    - Khay thủy tinh bầu dục Luminarc Carine 38x23cm sử dụng chất liệu thủy tinh chất lượng cao, có độ bền chắc tự nhiên, giúp bạn thoải mái sử dụng mà không lo nứt vỡ. Chất liệu thủy tinh chịu nhi...",479000,0,0,0,,,Luminarc
278475025,Xốt Nướng Ướp Thịt Nướng 90G Cicook,Tên sản phẩm: Xốt Nướng Ướp Thịt Nướng 90GDung tích: 90GHạn sử dụng: 1 năm...,29000,0,0,0,,,Cicook
274058521,Chảo Nướng Tròn Thịt BBQ Chống Dính Cao Cấp Size 34cm Dùng Cho Mọi Loại Bếp – Chảo Gang Đen Nướng Chuyên Dụng Kiểu Hàn Quốc,"Size: 34 cmChống dính tự nhiênNướng tiệc gia đình, dã ngoạCó thể tận dụng chiên xào như chảoNướng các món bánh như bánh nướng, pizza,Lòng chảo rộngSử dụng được trên bếp than, gas, hồng ngoại,...",65000,0,0,0,,15.0,fofaHome
277344833,Máy Nướng Bánh Hotdog 750W ALIZZ AL-13556,Máy Nướng Bánh Hotdog 750W ALIZZ AL-13556- Máy Nướng Bánh Đa Năng giúp bạn tiết kiệm thời gian trong bữa sáng và mang đến sự tiện lợi cho gia đình nhỏ.- Với thiết kế thông minh và chức năng nướng...,400000,0,0,0,,1.0,ALIZZ
278399872,Bếp nướng Landmann BH0525,"Bếp nướng than hoa cao cấp BH0525BBQ HOME giới thiệu tới anh chị em, cô bác dòng bếp nướng cao cấp mới do chính chúng tôi sản xuất có tên Bếp nướng than hoa BH0525. Chiếc bếp nướng không khói này đáp...",3390000,0,0,0,,,Landmann
59095132,Lò Nướng Kết Hợp Vi Sóng Âm Tủ KAFF KF-OMS44L - Hàng Chính Hãng,Thông số kỹ thuật:• Lò vi sóng kết hợp nướng• 15 chương trình tự động• Dung tích 44 lít• Điều khiển cảm ứng• Điều khiển hiện giờ điện tử• Cửa kín toàn phần thông gió và dễ dàng vệ sinh• 9 chương trìn...,14200000,0,0,0,,1.0,KAFF
263197232,Bếp Nướng Gas cao cấp Landmann 14075 Hàng Chính Hãng,"Bếp Nướng Gas cao cấp BBQ Grill KS 14075 nhập khẩu Đức:- Bếp nướng BBQ ngoài trời đang là lựa chọn không thể thiếu cho các ngôi nhà biệt thự có sân vườn rộng, khu Resort cao cấp. Quầy nướng BBQ được ...",19000000,0,0,0,,,Landmann
558317,Vỉ Nướng Điện Kochstar KSEWG-1000,"Thiết kế nhỏ gọnVỉ Nướng Điện Kochstar KSEWG-1000 có thiết kế nhỏ gọn, hiện đại, có túi đi kèm thuận tiện cho việc cất giữ hay muốn mang theo khi đi du lịch, chuyển nhà. Sản phẩm được sản xuất tại Hà...",2699000,1291000,32,0,,,Kochstar
456057,Lò Vi Sóng Có Nướng Sharp R-G227VN-M - 20L - Hàng chính hãng,"Thiết kế sang trọng, hiện đại và gọn nhẹ Lò Vi Sóng Có Nướng Sharp R-G227VN-M - 20L sở hữu thiết kế hiện đại nhưng rất gọn gàng, không chiếm nhiều diện tích khi đặt trong bếp. Phần vỏ màu bạc, mặt gư...",2600000,0,0,46,,153.0,Sharp
41314460,Lò Vi Sóng Cơ Có Nướng Panasonic NN-GM24JBYUE (20 Lít) - Hàng Chính Hãng,"Thiết kế hiện đại, sang trọngLò Vi Sóng Cơ Có Nướng Panasonic NN-GM24JBYUE (20 Lít) với thiết kế gọn đẹp, lắp đặt và sử dụng tiện lợi trong mọi gian bếp. Lò vi sóng Panasonic phủ sơn màu đen hiện đại...",2850000,0,0,0,,,Panasonic
199705382,Bộ Khung Có Kèm Vỉ Nướng Inox Dùng Cho Các Loại Bếp Nướng NaMilux - Hàng Chính Hãng,"Sản Phẩm là linh kiện đi kèm cho các dòng sản phẩm bếp nướng NaMilux gồm các model NA-24N, NH-84N, NH-84FSản phẩm bao gồm:- khung vỉ nướng inox (có cả miếng che lửa)- vỉ lưới inox...",199000,0,0,0,,,NaMilux
39194011,Bếp nướng điện Lock&Lock EJG232 (hàng chính hãng),"Bếp nướng điện Lock&Lock EJG232 - vỉ nướng điện không khóiBếp nướng điện lock lock ejg232 thiết kế nhỏ gọn, đơn giản nhưng hiện đại, phù hợp với không gian nhà bếp của bạnSản phẩm dùng để nướng ch...",759000,641000,46,0,,6.0,LocknLock
278649326,"Khay nướng thủy tinh chịu nhiệt Luminarc 22x16cm, dùng lò nướng, lò vi sóng cường lực tốt - P4017","    Khay nướng thủy tinh Luminarc – 22x16 cm   Thương hiệu: Luminarc – Pháp Chất liệu: Thủy tinh cường lực, kết hợp gốm cao cấp Kích thước: 22 x 16 cm Sản xuất: Pháp   Tính năng nổi bật:       ...",275000,0,0,0,,,Luminarc
213949871,"LÒ VI SÓNG CÓ NƯỚNG ELECTROLUX EMG20K22B 20L ĐIỀU KHIỂN CƠ, RÃ ĐÔNG, HẸN GIỜ - HÀNG CHÍNH HÃNG (CHỈ GIAO HCM)", Thông tin chungLoại sản phẩm: Lò vi sóng kết hợp nướng đối lưuLoại lắp đặt: Đứng độc lậpLoại năng lượng: ĐiệnTần số (Hz) : 50Nguồn điện (V): 220-240Dung tích khoang lò (L): 20Công suất nướn...,2900000,0,0,0,,,Electrolux
36592072,Bếp Nướng Điện Không Khói - Mặt Vân Đá Chống Dính,Bếp Nướng Điện Vân Đá- Bếp nướng điện không khói là mẫu bếp nướng điện không khói vân đá nguyên khối mới nhất.- Thiết kế cực kì sang trọng nổi bật ở mọi không gian mang tính thẩm mĩ tới nh...,327000,0,0,1,,3.0,OEM
273983698,Chảo nướng bánh mì sandwich đa năng Campingmoon TT-1315,"Chảo  sandwich đa năng Campingmoon TT-1315 chất liệu hợp kim nhôm, đúc nguyên khối, vừa khít, chắc chắn, bền bỉ, dẫn nhiệt tốt. Thiết kế làm nóng 2 mặt giúp thực phẩm chín đều hơn, ngon hơn. Chảo nướn...",170000,0,0,0,,,CAMPINGMOON
6715337,Bếp nướng than hoa du lịch,"Bếp Nướng Ngoài Trời  Được sản xuất với công nghệ Châu Âu tân tiến vừa an toàn, lại tiện lợi với giá thành hợp lý.Bếp Nướng Ngoài Trời  dàng sử dụng khi đi du lịch, dã ngoại, ăn uống ngoài trờiKích ...",98000,0,0,0,,6.0,OEM
278685895,"Bộ 4 khay nướng thủy tinh mini Luminarc Smart Cuisine 11cm - N3295*4, dùng lò nướng, lò vi sóng | Hàng chính hãng","    Thông tin sản phẩm    Tên sản phẩm: N3295*4  Màu sắc: Trắng sứ  Xuất xứ: Pháp  Kích thước: 11cm  Số lượng: 04 cái    Chất liệu: - Thủy tinh   - Thủy tinh sạch không chì, không chứa các...",396000,0,0,0,,,Luminarc
184521996,"Bếp nướng than hoa, bếp nướng ngoài trời thương hiệu Landmann 11009","Bếp nướng than hoa, bếp nướng ngoài trời thương hiệu Landmann 11009Chi tiết sản phẩm :Bếp nướng than hoa Landmann được sản xuất theo công nghệ Châu Âu đạt tiêu chuẩn về bếp nướng. Bếp thường dùng ch...",790000,0,0,0,,1.0,Landmann
210274932,Bộ Vỉ nướng cho bếp Petromax Atago Griddle Plate,"THÔNG TIN SẢN PHẨM:- Thương hiệu: Petromax- Xuất xứ: Đức* Vỉ nướng:Chất liệu: thép, sơn dầuKích thước (xấp xỉ) (C x R x S): 45,7 x 38,3 x 0,3 cmTrọng lượng (xấp xỉ): 2,8 kgGiá cắm (ba cái)Chất liệu: t...",5635000,0,0,0,,,Petromax
273869699,Vỉ nướng TOSCO 364906/364907 . PHÂN PHỐI CHÍNH HÃNG COBI HOME,Vỉ nướng (1) TOSCO...,848000,0,0,0,,,COBI Home
95466212,Nồi chiên không dầu kiêm lò nướng Kalite Q10 (12 Lít - 1800w) - Hàng Chính Hãng, Nồi chiên không dầu đa chức năng cài đặt sẵn 10 chức năng chuyên sâuThay thế 9 loại thiết bị nhà bếp khác nhauDung tích siêu lớn 10L có thể quay gà nguyên con 2kgPhụ kiện đa dạng với 8 món phụ kiệ...,1985000,637000,24,0,,3.0,KALITE
406861,Khay Nướng Bánh CD 6Cup Carlmann CM008242,Khay Nướng Bánh CD 6Cup Carlmann CM008242Bạn là người yêu thích làm bánh? Bạn luôn muốn tặng cho người thân yêu những chiếc bánh do chính tay bạn làm? Vậy thì hãy thể hiện khả năng nội trợ đảm đang c...,168000,51000,23,8,,305.0,Carlmann
208435455,Bếp nướng để bàn Feuerhand Tamber,"THÔNG TIN SẢN PHẨM- Thương hiệu: Feuerhand Hurricane Lantern (thương hiệu Đức)- Nơi sản xuất: Đức- Chất liệu: thép, sơn tĩnh điện- Kích thước:Đường kính bếp: 20 cmĐường kính vỉ nướng: 19.3 cm- Chiều c...",3335000,0,0,0,,1.0,Feuerhand
177187873,Bếp nướng than hoa BBQ ngoài trời cao cấp,"       Bếp nướng than hoa BBQ ngoài trời   - Kích thước: 62 x 22,5x6.5 cm   - Chất liệu: thép + inox chống gỉ.   ĐẶC ĐIỂM NỔI BẬT:   – Sử dụng được than hoa và than không khói rất an toàn và h...",135000,0,0,0,,14.0,OEM
275075679,"Máy Nướng Bánh Hình Thú Ngộ Nghĩnh Magic Bullet, Máy Làm Bánh Quy Nướng Cao Cấp Hàng Chính Hãng","Thông Tin Thông Số Máy Nướng Bánh Magic Bullet -Model: AL – 20D-Có 07 khuôn hình ngộ nghĩnh: Hình hoa, mặt cười, mèo kitty, heo con…-Màu sắc: Màu vàng-Kích thước máy: đường kính: 20cm – Cao: 07 cm...",249000,0,0,0,,1.0,FTAKY
275824191,"Lò vi sóng không nướng Samsung MS20A3010AL/SV 20 lít , màu đen, công suất 700W - Hàng chính hãng","ĐẶC ĐIỂM NỔI BẬT:Thiết kế tinh tế, trang nhã với cửa kính toàn phần cùng màu đen sang trọng.Dung tích 20 lít có thể bỏ vừa gà nguyên con khoảng 1 kg.Công suất vi sóng 700W đáp ứng nhu cầu rã đông,...",1749000,241000,12,0,,,Samsung
217826264,"Nồi Chiên Không Dầu 8L , Nướng Gà Cả Con - Bếp  Nướng Công Nghệ Mới Nhất - Hàng Loại 1 - Hàng Chính Hãng MINIIN","Nồi Chiên Không Dầu 8L , Nướng Gà Cả Con - Bếp Nướng Công Nghệ Mới Nhất - Hàng Loại 1 - Chính Hãng MINIINĐiểm mạnh của sản phẩmNỒI CHIÊN KHÔNG DẦU  tiện lợi để chiên được nhiều loại thực phẩm khác ...",599000,0,0,0,,3.0,MINIIN
277923092,Đồ Chơi Bánh Nhồi Bông Và Lò Nướng Nóng Hổi OTHER GIRL BRANDS 23502 - Giao Hàng Ngẫu Nhiên ,Đồ Chơi Bánh Nhồi Bông Và Lò Nướng Nóng Hổi OTHER GIRL BRANDS 23502 - Giao Hàng Ngẫu Nhiên Sản phẩm bao gồm:- 1 lò nướng- 1 bánh nhồi bông - 2 túi bột nguyên liệu - 2 thìa trộ...,1299000,0,0,0,,,Other Girl Brands
276552432,Lò Vi Sóng Có Nướng Samsung MG23T5018CE/SV 23 lít - Hàng Chính Hãng,"Thiết kế hiện đại, màu sắc trang nhã với dung tích 23 lítLò vi sóng Samsung 23 lít MG23T5018CE/SV sở hữu màu sắc trang nhã cùng các đường nét gọn gàng giúp tôn lên thiết kế thời trang và hiện đại, đ...",3346000,0,0,0,,,Samsung
178096693,Lò Vi Sóng Kết Hợp Lò Nướng Eurosun MWO-T26EUR - Hàng Chính Hãng,Đặc tính sản phẩmLò Vi sóng kết hợp lò nướng để bàn 2 in 1Chất liệu Inox SUS304Điều khiển kỹ thuật số Digital kết hợp núm vặn và nút bấmĐồng hồ điện tửHẹn giờ 95 phútNấu siêu nhanh 30 giây2 chức năng...,5105000,0,0,0,,,Eurosun
72095954,Lò Vi Sóng Có Nướng Điện Tử Galanz  D90D25ETL-ZWA (25 Lít) - Hàng Chính Hãng,"Kiểu dáng sang trọng với lớp vỏ thép sơn tĩnh điện sáng bóngLò Vi Sóng Có Nướng Điện Tử Galanz D90D25ETL-ZWA (25 Lít) có kích thước nhỏ gọn, phù hợp lắp đặt và bố trí thuận tiện ở nhiều vị trí khác n...",2579000,1721000,40,0,,1.0,Galanz
276153878,Máy Nướng Bánh Mì Panini/ Vỉ nướng 3in1 Russell Hobbs Cook@Home 17888-56 - Hàng Chính Hãng Nhập Khẩu Từ Đức & EU,"Thương hiệuRUSSELL HOBBSModel17888-56Nhập khẩu100% từ Đức & EUSản xuất tạiNhập Khẩu Đức & EUBảo hành12 ThángChức năngMáy nướng bánh mì, vỉ nướng, bếp nướng...",3105000,0,0,0,,,RUSSELL HOBBS
273378819,"Lò vi sóng có nướng Panasonic NN-GM24JBYUE - Dung tích 20L, Công suất 800W - 1000W, Chức năng đa dạng : nấu, hâm nóng, rã đông, nướng, Núm xoay dễ sử dụng - Hàng chính hãng - Bảo Hành Chính Hãng 12 tháng",Loại lò: Lò vi sóng có nướngDung tích: 20 lítCông suất vi sóng: 800WCông suất nướng: 1000WChất liệu khoang lò: Thép không gỉThương hiệu của: Nhật BảnSản xuất tại: Trung QuốcBảo ...,3130000,0,0,0,,1.0,Panasonic
74976036,Bếp Nướng Than Hoa Sân Vườn Đẹp Sang Trọng,"Bếp nướng than hoa ngoài trời Ck350 :Bếp nướng bbq Acter Tree rất thích hợp cho nhà hàng, khách sạn, khu nghỉ dưỡng, resort, nhà vườn, sân vườn, biệt thự có sân trời, phục vụ cho tiệc nướng ngoài trờ...",1849000,0,0,0,,2.0,BBQ Home
126130355,Lò vi sóng có nướng Sharp R-G228VN-SL 20 lít - Hàng Chính Hãng,"Lò vi sóng Sharp kiểu dáng hiện đại, màu sắc sang trọng, hài hòa không gian căn bếpDung tích phổ thông 20 lít phù hợp cho gia đình 2 - 4 thành viên.Công suất vi sóng 700W, công suất nướng 1000W nấu...",2100000,0,0,0,,,Sharp
205863477,"Chảo Đá Nướng Thịt Kiểu Hàn Quốc, Vỉ Nướng BBQ Chống Dính Không Cần Dầu Size 34cm Hàng Chính Hãng MINIIN","Chảo Đá Nướng Thịt Kiểu Hàn Quốc, Vỉ Nướng BBQ Chống Dính Không Cần Dầu Size 34cm Hàng Chính Hãng MINIIN️ ĐIỂM NỔI BẬT:Chảo đá chống dính cả 2 mặt trong và ngoài chảo.Dễ dàng vệ sinh vì chảo không...",89009,0,0,1,,12.0,MINIIN
207230042,Lò nướng âm tủ Malloca MOV-656 ECO - Tặng Bộ giá để dĩa MNA-0033 + Dụng cụ xay tiêu MMPM-657A - Hàng chính hãng,Lò nướng âm tủ MOV-656 ECOTính năng cơ bảnLò nướng điện âm tủ6 Chức năngChức năng ECO - Tiết kiệm năng lượngMặt kính màu đen phối inoxThông số kỹ thuật:Dung tích : 75LĐiện áp : 220-240V/50Hz-...,10989000,0,0,0,,,Malloca
247348898,Lò vi sóng kết hợp nướng KAFF KF-MC02 - Sản phẩm chính hãng,"SAU KHI MUA HÀNG, QUÝ KHÁCH HÃY LIÊN HỆ ĐẾN SĐT TRÊN HÓA ĐƠN KÈM THEO SẢN PHẨM ĐỂ ĐƯỢC NHÂN VIÊN HỖ TRỢ LẮP ĐẶT MIỄN PHÍ TẬN NHÀ (TP. HCM) Chức năng, thông số kỹ thuật:- Lò vi sóng kết hợp nướng th...",7800000,0,0,0,,,KAFF
274590604,Lodge - Chảo Nướng Bánh Pizza - 38cm,"Chảo nướng bánh pizza 38cm là sản phẩm thuộc thương hiệu LODGE, được sản xuất tại Mỹ. Chảo nướng bánh pizza được thiết kế 2 tay cầm giúp bạn dễ dàng di chuyển chảo khi nấu nướng. Chảo được làm từ gang...",2505600,626400,20,0,,,Lodge
72672937,Than nướng không khói binchotan 1kg,"- Sản phẩm bao gồm viên than mồi và than binchotan: dễ dàng trong việc nhen nhóm than, dễ bắt cháy.- 100% đốt từ cây gỗ tự nhiên nên thức ăn không bị hấp thụ các khí độc hại.- Dùng để nướng đồ ăn, s...",55000,0,0,0,,3.0,Vua than củi
120396279,Bếp nướng than hoa ngoài trời cao cấp ,"BẾP NƯỚNG THAN HOA NGOÀI TRỜI 479851 rất thích hợp cho nhà hàng, khách sạn, khu nghỉ dưỡng, resort, nhà vườn, sân vườn, biệt thự có sân trời, phục vụ cho tiệc nướng ngoài trời, du lịch dã ngoạBẾP NƯỚ...",1850000,0,0,0,,2.0,OEM
55832650,Vĩ Nướng Tráng Men chống dính Rainy - Hàng Chính Hãng,"Vĩ Nướng Tráng Men Rainy tiện lợi, gọn nhẹ, dễ dàng sử dụng , giúp bạn tận hưởng các món nướng một cách nhanh gọn và ngon miệng nhất .Vỉ nướng có đường kính 30 cm dùng được cho bếp ga, bếp than v...",69000,0,0,7,,33.0,Thiên Thủy RAINY 
207229733,Lò nướng Malloca âm tủ MOV-575 ECO - Tặng Bộ giá để dĩa MNA-0033 + Dụng cụ xay tiêu MMPM-657A - hàng chính hãng,Lò nướng âm tủ MOV-575 ECOTính năng cơ bảnLò nướng điện âm tủChức năng ECO - Tiết kiệm năng lượng Mặt kính màu đen phối inoxThông số kỹ thuật:Dung tích : 57LĐèn 1*25WĐiện áp : 220-240V/50HzC...,10989000,0,0,0,,,Malloca
276424200,Than nướng không khói binchotan thùng 10kg,"- Than gỗ tự nhiên thân thiện môi trường, tốt cho sức khoẻ.- Dễ mồi lửa, nhanh bén, tiết kiệm thời gian.- Thời gian cháy lâu từ 3h - 4h- Không khói, không mùi, không nổ, không làm mất mùi nguyên bản c...",350000,0,0,0,,1.0,Vua than củi
196726866,Bếp Nướng Than Halloween Vươn Đạt,"1./ Bếp Nướng Than Halloween Vươn ĐạtNgại mang vát những bếp nướng than cồng kềnh khi đi du lịch hoặc đi picnic, thì đây sẽ là một lựa chọn số 1 dành cho bạn. Bếp nướng Halloween Vươn Đạt là bếp nướn...",399000,0,0,0,,,OEM
195453881,[Hàng chính hãng] Lò vi sóng tráng men Dòng nướng MG23K3515AS,"Món Ăn Đậm Màu Hấp DẫnLò vi sóng có nướng Samsung MG23K3515AS/SV có Chức năng Làm Đậm Màu mang đến màu sắc hấp dẫn cho món ăn, kích thích thị giác lẫn vị giác của bạn. Tăng thời gian nấu trong 30 giâ...",2900000,0,0,0,,,Samsung
275617430,"Lò vi sóng có nướng Hitachi HMR-DG2312, 23L, Màu đen, 8 thực đơn tự động - Hàng chính hãng",ĐẶC ĐIỂM NỔI BẬT:* Lò vi sóng 2 trong 1 kết hợp nướng* Dung tích lò 23L* Công suất nướng 1000W* Công suất vi sóng 800W* Rã đông theo thời gian & khối lượng* 8 thực đơn nấu tự động 5 mức điề...,2859000,631000,18,0,,,Hitachi
200025293,"[Chính hãng LOGDE - MỸ] Chảo gang nướng Lodge tay cầm, có rãnh, vuông 30.5 cm, P12SGR3. Dùng nướng, chiên, xào, áp chảo.",HÃY ĐỌC HƯỚNG DẪN SỬ DỤNG & BẢO QUẢN SẢN PHẨM ĐƯỢC ĐÓNG GÓI KÈM THEO SẢN PHẨM. HÃY GIỮ LẠI ĐỂ CÓ THỂ SỬ DỤNG BẠN NHÉLưu ý: Tôi dầu trước khi sử dụng lần đầu. Sấy khô chảo trên bếp sau mỗi lần sử ...,2465100,24900,1,0,,,Lodge
158600957,"Khay nướng đồ ăn, khay nướng bánh chống dính dùng cho nồi chiên không dầu 20.5cm công nghệ Đức","NHÀ NÀO CÓ NỒI CHIÊN KHÔNG DẦU NHẤT ĐỊNH PHẢI CÓ EM NÀYtết là nhu cầu sử dụng nồi chiên rất nhiều ko thể ko có....Khay nướng rapido size 20,5 Thời của giấy bạc với giấy nến qua rồi, bây...",136995,0,0,0,,1.0,OEM
249145657,Lò vi sóng có nướng Panasonic NN-GM34NBYUE dung tích 24L - Hàng chính hãng," có nướng Panasonic NN-GM34NBYUE dung tích 24LThương hiệu: Panasonic Nhật BảnXuất xứ: Trung QuốcMàu trong lò: Xám, màu ngoài ĐenThiết kế cửa: Đẩy mởThiết kế bảng điều khiển: Cơ, nún xoay, Đĩa quayNgô...",2990000,0,0,0,,,Panasonic
130062927,"Bánh Tuyệt Ngon, Không Cần Lò Nướng",Chắc hẳn khi nghĩ đến những chiếc bánh ngọt thơm lừng bạn sẽ liên hệ ngay đến sự xuất hiện của lò nướng trong gian bếp. Đã bao giờ bạn nghĩ mình sẽ tự tay làm những chiếc bánh ngon lành kia mà không c...,134000,0,0,0,,,
275115207,Lò vi sóng kết hợp nướng Eurosun MWO-30EUR - Hàng chính hãng,Thông tin sản phẩm MWO-30EURMWO-30EUR nhập khẩu nguyên chiếc từ Malaysia là sản phẩm lò vi sóng cao cấp 2 trong 1 (vi sóng và nướng kết hợp) dung tích 28L sử dụng thoải mái cho đại đa số gia đình Vi...,9967500,0,0,0,,,Eurosun
139436013,Vỉ nướng bếp từ Kitchen Flower - Cookin NY3563,"Thương hiệu Kitchen flower COOKIN NY3563 Sản xuất:NAMYANG KITCHEN FLOWER COCông dụng:Dùng cho bếp từ và các loại bếp khácModel:NY-3563Đường kính: 35cmKhối lượng: 1,7 kgThành phần:Hợp kim siêu bền...",730000,0,0,0,,4.0,Kitchen Flower
691584,Lò Vi Sóng Tráng Men Có Nướng Samsung MG23K3515AS/SV (23 lít) - Hàng Chính Hãng,"Thiết kế hiện đạiLò Vi Sóng Tráng Men Có Nướng Samsung MG23K3515AS/SV (23 lít) có thiết kế sang trọng với tông màu đen xám tinh tế, góp phần tô điểm không gian bếp của bạn thêm phần hiện đại. Sản phẩ...",2700000,0,0,0,,1.0,Samsung
278685898,"Khay nướng thủy tinh chịu nhiệt Luminarc Cuisine Carine 28cm - N3165, dùng lò nướng, lò vi sóng | Hàng chính hãng","    - Khay nướng thủy tinh Luminarc Carine 28cm sử dụng chất liệu thủy tinh chất lượng cao, có độ bền chắc tự nhiên, giúp bạn thoải mái sử dụng mà không lo nứt vỡ. Chất liệu thủy tinh chịu nhiệt có...",429000,0,0,0,,,Luminarc
368612,Lò Vi Sóng Có Nướng Sharp R-G222VN-S- 20 Lít - Hàng chính hãng,"Lò vi sóng Sharp nhỏ gọn, lắp đặt ở mọi vị trí mà không chiếm nhiều diện tíchKhoang lò tráng men, hạn chế bám dầu mỡ, tiện vệ sinh sau khi dùngĐĩa xoay tròn cho món ăn chín đều, ngon hơn, lò có đè...",2450000,0,0,5,,30.0,Sharp
208679133,Máy nướng bánh mì Bluestone TTB-2535 - Hàng chính hãng,"Máy nướng bánh mì Bluestone TTB-2535Sản phẩm chính hãng BluestoneCông suất: 850W3 chế độ: Rã đông, hâm nóng và huỷ với 1 nút nhấn đơn giản7 mức nhiệt được cài đặt sẵn2 khay nướng lớn bằng thép kh...",849000,0,0,0,,5.0,Bluestone
150350968,Bếp nướng than hoa Barell,Bếp nướng Barell BBQ xuất khẩuThông số kỹ thuật:- Số người ăn: Từ 10 người- Kích thước vỉ nướng 1: 70 x 35 cm- Kích thước vỉ nướng 2: 71 x 15 cm- Kích thước đóng gói (carton): 78 x 44 x 21 cm- K...,1490000,0,0,0,,2.0,Landmann
200651667,"Bếp nướng điện không khói Hayasa, bếp nướng đa năng công suất 1500W HA-661 - Hàng chính hãng","Bếp nướng điện không khói Hayasa, bếp nướng đa năng công suất 1500WĐồ nướng từ lâu đã trở thành 1 tín ngưỡng ẩm thực có thể kể đến điển hình như đồ nướng Hàn Quốc, BBQ của Mỹ,...đều cực kì được hâm m...",858000,0,0,0,,,Hayasa
274604303,Lò vi sóng có nướng Toshiba 20 lít ER-SGM20(S1)VN - Hàng chính hãng,"Thiết kế sang trọng, tối giản, phù hợp mọi không gian bếpLò vi sóng Toshiba 20 Lít ER-SGM20(S1)VN sở hữu lối thiết kế tối giản, các đường nét đước chế tác tỉ mỉ, đường viền vát mỏng nhẹ mang lại cảm...",2087000,0,0,0,,,Toshiba
274594274,"Chai xịt vệ sinh lò nướng ,bếp nướng , bếp nấu  Claire  Oven Cleaner CL824","Sau bữa tiệc BBQ là cả một thử thách, chúng ta phải nhọc nhằn cọ rửa vệ sinh bếp, khay nướng, vỉ nướng và lò nướng lúc này đã ám đen vì lửa, khói hay thức ăn cháy xém vào. Đó là quá khứ của bạn, còn b...",287000,0,0,0,,3.0,Sprayway
274319485,Lò vi sóng cơ không nướng 20L SHARP R-208VN-WS - Hàng chính hãng,Loại lò: Lò vi sóng không nướngDung tích: 20 lítCông suất vi sóng: 700WChất liệu khoang lò: Thép không gỉThương hiệu của: Nhật BảnSản xuất tại: Trung QuốcBảo hành: 12...,1429000,690000,33,0,,5.0,Sharp
112695140,Máy Nướng Bánh Mì DeLonghi CTOT2103 - Hàng Chính Hãng,Máy Nướng Bánh Mì DeLonghi CTOT2103  thiết kế mẫu mã đẳng cấp với thiết kế độc quyền Icona Metallics cách nhiệt.Thiết kế Icona Metallics: Màu sắc nhẹ nhàng và các đường bo uốn lượn cùng với thân vỏ ...,2910000,0,0,0,,,DeLonghi
20708215,Lò Vi Sóng Điện Tử Có Nướng Sharp R-G52XVN-ST (25 Lít) - Hàng Chính Hãng,"Thiết kế nhỏ gọn, dễ lắp đặtLò Vi Sóng Điện Tử Có Nướng Sharp R-G52XVN-ST có kích cỡ nhỏ gọn, không cồng kềnh, giúp dễ dàng lắp đặt trên gian bếp nhà bạn. Vỏ ngoài lò vi sóng phủ sơn tĩnh điện bền mà...",4000000,0,0,0,,,Sharp
12146040,Bếp Nướng Điện SATO ST-500NDA - Hàng chính hãng,"Thiết kế gọn nhẹ, tiện sử dụngBếp Nướng Điện Sato ST-500NDA có thiết kế gọn gàng, màu sắc đẹp mắt rất tiện cho việc sử dụng tại nhà, di chuyển và bảo quản sản phẩm. Bếp có bộ điều chỉnh nhiệt linh ho...",1000000,0,0,1,,2.0,SATO
275525886,Tấm phủ lò vi sóng lò nướng GROFA - GIAO MẪU NGẪU NHIÊN,"️ Kích thước: 85x34.5 cm️ Giữ vệ sinh, tránh bụi bẩn cho lò vi sóng/ lò nướng️ Có túi nhỏ bên hông, đựng được nhiều vật dụng linh tinh️ Chất liệu nhựa PEVA dễ dàng giặt sạch khi bị dơ️ SHOP GIAO M...",39000,0,0,0,,,Gro-Fa
207387963,"Nồi Chiên Không Dầu Kiêm Lò Nướng TEFAL FW5018 Easy Fry Over & Grill 9-IN-1, Nhập Khẩu Đức Dung Tích 11L, 9 Chức Năng Công Suất 2000W - Hàng Nhập Khẩu",Nồi Chiên Không Dầu Tefal FW5018 Easy Fry Over & Grill 9-IN-1 chức năng trong một.Sản phẩm nồi chiên không dầu hay còn gọi là là nồi chiên khí nóng chắc hẳn không còn lạ lẫm gì với công việc nội...,3490000,0,0,0,,,Tefal
200018491,"[Chính hãng LOGDE - MỸ] Chảo gang nướng Lodge 2 tay cầm, có rãnh, vuông 28 cm, LC11SG. Dùng nướng, chiên, xào, áp chảo.",HÃY ĐỌC HƯỚNG DẪN SỬ DỤNG & BẢO QUẢN SẢN PHẨM ĐƯỢC ĐÓNG GÓI KÈM THEO SẢN PHẨM. HÃY GIỮ LẠI ĐỂ CÓ THỂ SỬ DỤNG BẠN NHÉLưu ý: Tôi dầu trước khi sử dụng lần đầu. Sấy khô chảo trên bếp sau mỗi lần sử ...,2267100,22900,1,0,,,Lodge
276424319,Than nướng không khói binchotan túi 1kg,"- Than gỗ tự nhiên thân thiện môi trường, tốt cho sức khoẻ.- Dễ mồi lửa, nhanh bén, tiết kiệm thời gian.- Thời gian cháy lâu từ 3h - 4h- Không khói, không mùi, không nổ, không làm mất mùi nguyên bản c...",45000,0,0,0,,,Vua than củi
2890867,Lò vi sóng inverter có nướng Panasonic PALM-NN-GD37HBYUE (23L) - Hàng chính hãng,"Thiết kế hiện đạiLò vi sóng inverter có nướng Panasonic PALM-NN-GD37HBYUE có thiết kế gọn gàng, mặt gương phía trước giúp người sử dụng dễ dàng quan sát quá trình nấu. Bên ngoài lò được phủ lớp sơn t...",5150000,0,0,1,,1.0,Panasonic
275748076,"Chảo Nướng Đá Không Dầu Hàn Quốc Size 34cm, Chảo Nướng Thịt BBQ Chống Dính Dùng Được Cho Mọi Loại Bếp, Chất Liệu Cao Cấp","================================== Đặc điểm nổi bật» Chảo có lớp chống dính dày, bề mặt phẳng, rộng.» Chảo có chức năng chiên (rán), xào, nướng không cần dầu mỡ nhiều rất tốt cho sức khỏe, Sự ...",72000,0,0,0,,3.0,fofaHome
184240423,"Bếp nướng than hoa, bếp nướng ngoài trời Landmann LM11523","Bếp nướng than hoa, bếp nướng ngoài trời Landmann LM11523Dùng cho khoảng 15 - 20 người ănThích hợp ăn tiệc ngoài trời, nướng nhà hàng, Thông tin sản phẩm :Bếp làm bằng thép sơn tĩnh điện, chịu ...",4990000,0,0,1,,1.0,Landmann
274328148,Lò vi sóng có nướng Sharp R-G211TV-SL 21 lít - Hàng chính hãng - Bảo hành 12 tháng,Loại lò:Dung tích: 21 lítCông suất vi sóng: 800WCông suất nướng: 1000WChất liệu khoang lò: Thép tráng menThương hiệu của: Nhật BảnSản xuất tại: Thái LanNăm ra ...,2099000,391000,16,1,,1.0,Sharp
72680651,Than nướng không khói binchotan 10kg,"- Sản phẩm bao gồm 10kg than binchotan: dễ dàng trong việc nhen nhóm than, dễ bắt cháy.- 100% đốt từ cây gỗ tự nhiên nên thức ăn không bị hấp thụ các khí độc hại.- Dùng để nướng đồ ăn, sưởi ấm, xông...",500000,0,0,0,,,Vua than củi
273378794,"Lò vi sóng Panasonic NN-CT36HBYUE - Có nướng đối lưu, Dung tích 23L, Công suất vi sóng 800W, Công suất nướng 1000W, 14 thực đơn tự động, Bảng điền khiển điện tử - Hàng chính hãng - Bảo Hành Chính Hãng 12 tháng",Loại lò: Lò vi sóng có nướngDung tích: 23 lítCông suất vi sóng: 800WCông suất nướng: 1000WChất liệu khoang lò: Thép không gỉThương hiệu của: Nhật BảnSản xuất tại: Trung QuốcBảo ...,4429000,1211000,21,0,,,Panasonic
274892034,Máy nướng bánh sandwich Grill & Toast Taurus 968424 Hàng chính hãng,"Máy nướng bánh sandwich Grill & Toast, model 968424, hiệu Taurus, điện áp 220-240V~50/60Hz, công suất 700W, bề mặt nướng chống dính kích thước 23x14,5cm. Chất liệu inox. - Bề mặt nướng có thể điều...",1090000,0,0,2,,3.0,Taurus
275115208,Lò Vi sóng kết hợp lò nướng Eurosun MWO-T26EUR - Hàng chính hãng,"Thông tin sản phẩm MWO-T26EUR MWO- T26EUR nhập khẩu nguyên chiếc từ Malaysia có dung tích 25L là sản phẩm phổ biến và hữu ích cho mọi gia đình. Với thiết kế hiện đại và chức năng đa dạng, chiếc lò v...",4785000,0,0,0,,,Eurosun
274323755,Lò vi sóng có nướng Sharp R-G251TV-SL 25 lít - Hàng chính hãng - Bảo hành 12 tháng,Loại lò:Dung tích: 25 lítCông suất vi sóng: 900WCông suất nướng: 1000WChất liệu khoang lò: Thép tráng menThương hiệu của: Nhật BảnSản xuất tại: Thái LanNăm ra m...,2599000,491000,16,0,,1.0,Sharp
276405584,MÁY NƯỚNG SANDWICH TEFAL SM1552 Hàng chính hãng,"Chi tiết:  2Dùng để nướng các loại bánh có dạng lát mỏng (sandwich) hoặc các loại bánh tự làm.Vỏ được thiết kế chịu nhiệt bền, tay cầm cách nhiệt hoàn toànKhóa tự động, đóng mở dễ dàng2 Khay nướng...",1650000,0,0,0,,,Tefal
275789067,Nhiệt Kế đo nhiệt độ Lò Nướng ,"Giới thiệu sản phẩm Nhiệt kế lò nướngNhiệt kế lò nướng là dụng cụ được dùng trong lò nướng, giúp bạn kiểm tra nhiệt độ 1 cách chính xác, hiệu quả mà rất dễ sử dụng và tiện lợi khi dùng.Thiết kế đơn ...",69000,0,0,0,,1.0,CAVARA
184133717,"Bếp nướng than hoa ngoài trời, bếp nướng Việt Nam xuất khẩu Barrell Charcoal barbecue","Bếp nướng than hoa ngoài trời, bếp nướng Việt Nam xuất khẩu Barrell Charcoal barbecue Dùng cho 10 - 15 người ănThích hợp cho gia đình, quán nướng, tiệc nướng ngoài trời, picnic, dã ngoại, du lịch,...",1630000,0,0,0,,,Landmann
190195037,Lò Vi Sóng Kết Hợp Nướng Âm Tủ Ecalite EMW-2560JS (25L) - Màu Bạc - Có Khoá Trẻ Em - Hàng Chính Hãng,"Lò vi sóng âm tủ Ecalite EMW-2560JS thiết kế lắp âm hiện đại, dung tích 25L đáp ứng tốt cho nhu cầu sử dụng của gia đình 2-4 thành viên. Nhờ được tích hợp đa dạng chức năng nấu, hâm nóng, rã đông, nướ...",12880000,0,0,0,,1.0,Ecalite
9983829,Bếp Nướng WMF LONO - Hàng chính hãng,                                                                                                                      Bếp Nướng WMF LONO với 1/3 bề mặt nướng phẳng cho những người yêu thích cá và r...,2990000,0,0,0,,1.0,WMF
57496385,Lò Vi Sóng Tráng Men Samsung Có Nướng 23L MG23T5018CK - Hàng Chính Hãng,"Giòn Tan Và Bổ Dưỡng - Công Nghệ Chiên Nướng Grill FryThưởng thức đồ ăn giòn tan, bổ dưỡng như được chế biến bởi lò nướng thông thường với chế độ Grill Fry. Chức năng Grill Fry giúp bạn chiên nướ...",3110000,0,0,1,,2.0,Samsung
62748094,Than nướng không khói binchotan 5kg,"- Dùng để nướng đồ ăn, sưởi ấm, xông hơi,- 100% đốt từ cây gỗ tự nhiên nên thức ăn không bị hấp thụ các khí độc hại.- Dễ nhóm, nhanh bắt lửa, cháy lâu, nhiệt độ cao.- Nhiệt độ cao lên đến 1000°C, chín...",200000,0,0,14,,100.0,Vua than củi
68019477,Lò vi sóng CZ 34GS - Hàng chính hãng,TÍNH NĂNG SẢN PHẨM•• Lò vi sóng•• Chức năng vi sóng với 5 mức công suất•• Điều khiển cảm ứng điện tử•• Chức năng dã đông theo thời gian•• Chức năng dã đông theo khối lượng•• Chức năng đối lưu•• Chức n...,10350000,0,0,0,,,Canzy
274986888,Lò vi sóng có nướng Sharp 25 lít R-G251TV-BK - Hàng chính hãng,"Lò vi sóng có nướng Sharp R-G251TV-BK 25 lít là sản phẩm cùng dòng với Sharp R-G251TV-SL, ra mắt năm 2023, được sản xuất tại Thái Lan, sở hữu dung tích 25 lít, có thiết kế hiện đại, màu đen sang trọng...",2499000,0,0,0,,,Sharp
277621120,Máy cắt thịt nướng Tiross TS100E - Hàng chính hãng,"Thông tin chi tiếtMột công cụ hoàn hảo để thái thịt nướng ngon, được chế biến kỹ lưỡng và nhất quán trong vài giây.Điều chỉnh vòng xoay và ốc vít cho độ dày mỏng khác nhau.Lưỡi dao bằng thép khô...",1899000,0,0,0,,,Tiross
273869229,Vỉ nướng TOSCO 364908 . PHÂN PHỐI CHÍNH HÃNG COBI HOME,Vỉ nướng TOSCO...,1798000,0,0,0,,,COBI Home
274323011,Lò vi sóng cơ không nướng 20L SHARP R-207VN-SL - Hàng chính hãng,Loại lò: Lò vi sóng không nướngDung tích: 20 lítCông suất vi sóng: 700WChất liệu khoang lò: Thép không gỉThương hiệu của: Nhật BảnSản xuất tại: Trung QuốcBảo hành: 12...,1349000,770000,36,0,,1.0,Sharp
212036307,Bếp nướng BBQ Campingmoon MT-19 MT19,"THÔNG TIN SẢN PHẨM:- Thương hiệu: Campingmoon- Xuất xứ: Trung Quốc- Kích thước sử dụng: 16 x 16 x 30 cm- Kích thước đóng gói: 30 x 18 x 2cm- Trọng lượng: 2,47kg- Khả năng chịu tải: 15 kg- Chất liệu: T...",632500,0,0,0,,,CAMPINGMOON
191653890,"Nước tẩy rửa vỉ nướng, lò nướng Simple Green Heavy Duty BBQ & Grill Cleaner, tẩy rửa bếp, làm sạch vết dầu mỡ, thức ăn và bụi than dính trên bề mặt lò nướng, vỉ nướng, chai xịt 710ml","NƯỚC TẨY RỬA VỈ NƯỚNG, LÒ NƯỚNG SIMPLE GREENSIMPLE GREEN Heavy Duty BBQ & Grill Cleaner Đặc tính ưu việt:» Công thức đậm đặc giúp tăng cường khả năng làm sạch cho các bề mặt nấu nướng.» Phục ...",375215,0,0,0,,1.0,Simple Green
145680936,Lò vi sóng Samsung tráng men dòng nướng 23L (MG23T5018CK) - Hàng chính hãng,       - Chiên nướng không dầu ăn với công nghệ Grill Fry   - Tiết kiệm điện năng với chế độ ECO Mode   - Khoang lò tráng men CERAMIC INSIDE   Chế Biến Món Ngọt Tại Nhà   Chế Độ Home Dessert ...,3400000,0,0,0,,,Samsung
