id,reason
275886042,Not JSON response
5015585,Not JSON response
177302100,Not JSON response
277175878,Not JSON response
263975979,Not JSON response
100294049,Not JSON response
178096211,Not JSON response
212975845,Not JSON response
278680965,Not JSON response
274604246,Not JSON response
203435006,Exceeded 30 redirects.
34710461,Exceeded 30 redirects.
56088113,Exceeded 30 redirects.
197211889,Exceeded 30 redirects.
275878993,Exceeded 30 redirects.
17339597,Exceeded 30 redirects.
204644668,Exceeded 30 redirects.
173124885,Exceeded 30 redirects.
130863378,Exceeded 30 redirects.
272968015,Exceeded 30 redirects.
276313604,Exceeded 30 redirects.
173111191,Exceeded 30 redirects.
274761852,Exceeded 30 redirects.
274604253,Exceeded 30 redirects.
166449079,Exceeded 30 redirects.
66968314,Exceeded 30 redirects.
558574,Exceeded 30 redirects.
155646366,Exceeded 30 redirects.
273556187,Exceeded 30 redirects.
144743247,Exceeded 30 redirects.
277865459,Exceeded 30 redirects.
277928626,Exceeded 30 redirects.
277913971,Exceeded 30 redirects.
278437188,Exceeded 30 redirects.
178096060,Exceeded 30 redirects.
178095716,Exceeded 30 redirects.
278441247,Exceeded 30 redirects.
203448790,Exceeded 30 redirects.
199252956,Exceeded 30 redirects.
277999659,Exceeded 30 redirects.
278441265,Exceeded 30 redirects.
277866270,Exceeded 30 redirects.
558554,Exceeded 30 redirects.
272967989,Exceeded 30 redirects.
277913991,Exceeded 30 redirects.
197854898,Exceeded 30 redirects.
43131407,Exceeded 30 redirects.
210153232,Exceeded 30 redirects.
278437202,Exceeded 30 redirects.
277999679,Exceeded 30 redirects.
277928644,Exceeded 30 redirects.
263954193,Exceeded 30 redirects.
206696195,Exceeded 30 redirects.
558436,Exceeded 30 redirects.
172680887,Exceeded 30 redirects.
276521666,Exceeded 30 redirects.
206698059,Exceeded 30 redirects.
278401010,Exceeded 30 redirects.
254903622,Exceeded 30 redirects.
17341827,Exceeded 30 redirects.
48504825,Exceeded 30 redirects.
197855100,Exceeded 30 redirects.
131135721,Exceeded 30 redirects.
161409067,Exceeded 30 redirects.
1321375,Exceeded 30 redirects.
206698326,Exceeded 30 redirects.
558494,Exceeded 30 redirects.
51441906,Exceeded 30 redirects.
8118615,Exceeded 30 redirects.
195896479,Exceeded 30 redirects.
273168144,Exceeded 30 redirects.
17337861,Exceeded 30 redirects.
1460199,Exceeded 30 redirects.
172114175,Exceeded 30 redirects.
153262074,Exceeded 30 redirects.
131135741,Exceeded 30 redirects.
204444408,Exceeded 30 redirects.
145413841,Exceeded 30 redirects.
38617260,Exceeded 30 redirects.
813690,Exceeded 30 redirects.
204444427,Exceeded 30 redirects.
137330866,Exceeded 30 redirects.
116669873,Exceeded 30 redirects.
153262213,Exceeded 30 redirects.
273524455,Exceeded 30 redirects.
8118822,Exceeded 30 redirects.
93882762,Exceeded 30 redirects.
275241846,Not JSON response
276167968,Not JSON response
274724745,Not JSON response
532703,Not JSON response
198803173,Not JSON response
71159596,Not JSON response
191998711,Not JSON response
41314477,Not JSON response
198800934,Not JSON response
1362555,Not JSON response
278005774,Exceeded 30 redirects.
149146221,Exceeded 30 redirects.
187645122,Exceeded 30 redirects.
48606572,Exceeded 30 redirects.
192048459,Exceeded 30 redirects.
34543941,Exceeded 30 redirects.
253096050,Exceeded 30 redirects.
177500866,Exceeded 30 redirects.
403418,Exceeded 30 redirects.
276167941,Exceeded 30 redirects.
7940493,Exceeded 30 redirects.
1535747,Exceeded 30 redirects.
275405952,Exceeded 30 redirects.
274614090,Exceeded 30 redirects.
178316310,Exceeded 30 redirects.
7007801,Exceeded 30 redirects.
276481135,Exceeded 30 redirects.
275880831,Exceeded 30 redirects.
130386484,Exceeded 30 redirects.
117171638,Exceeded 30 redirects.
153262101,Exceeded 30 redirects.
3284587,Exceeded 30 redirects.
25078023,Exceeded 30 redirects.
192004645,Exceeded 30 redirects.
191994449,Exceeded 30 redirects.
1321361,Exceeded 30 redirects.
153262135,Exceeded 30 redirects.
63555697,Exceeded 30 redirects.
192062262,Exceeded 30 redirects.
150688653,Exceeded 30 redirects.
10704633,Exceeded 30 redirects.
74884278,Exceeded 30 redirects.
153262063,Exceeded 30 redirects.
276753583,Exceeded 30 redirects.
131526578,Exceeded 30 redirects.
273583074,Exceeded 30 redirects.
276715718,Exceeded 30 redirects.
34031616,Exceeded 30 redirects.
63549759,Exceeded 30 redirects.
276611134,Exceeded 30 redirects.
273378809,Exceeded 30 redirects.
199608314,Exceeded 30 redirects.
210156101,Exceeded 30 redirects.
278685891,Exceeded 30 redirects.
190690642,Exceeded 30 redirects.
153262018,Exceeded 30 redirects.
273562164,Exceeded 30 redirects.
76080159,Exceeded 30 redirects.
48657049,Exceeded 30 redirects.
403522,Exceeded 30 redirects.
278685871,Exceeded 30 redirects.
272432477,Exceeded 30 redirects.
273493868,Exceeded 30 redirects.
80617205,Exceeded 30 redirects.
171850537,Exceeded 30 redirects.
1321359,Exceeded 30 redirects.
558616,Exceeded 30 redirects.
44039800,Exceeded 30 redirects.
278621327,Exceeded 30 redirects.
21485980,Exceeded 30 redirects.
176289269,Exceeded 30 redirects.
192032382,Exceeded 30 redirects.
273562048,Exceeded 30 redirects.
445730,Exceeded 30 redirects.
278437045,Exceeded 30 redirects.
277859619,Exceeded 30 redirects.
56215955,Exceeded 30 redirects.
277928468,Exceeded 30 redirects.
277913813,Exceeded 30 redirects.
277999479,Exceeded 30 redirects.
37006944,Exceeded 30 redirects.
26441569,Exceeded 30 redirects.
403472,Exceeded 30 redirects.
19347171,Exceeded 30 redirects.
278441109,Exceeded 30 redirects.
403315,Exceeded 30 redirects.
278621677,Exceeded 30 redirects.
7940213,Exceeded 30 redirects.
278649304,Exceeded 30 redirects.
200795528,Exceeded 30 redirects.
120396301,Exceeded 30 redirects.
406870,Exceeded 30 redirects.
558698,Exceeded 30 redirects.
132841584,Exceeded 30 redirects.
59085732,Exceeded 30 redirects.
278649320,Exceeded 30 redirects.
25412523,Exceeded 30 redirects.
193670065,Exceeded 30 redirects.
278685897,Exceeded 30 redirects.
153261948,Exceeded 30 redirects.
249033668,Exceeded 30 redirects.
143403930,Exceeded 30 redirects.
558799,Exceeded 30 redirects.
278399689,Exceeded 30 redirects.
273378776,Exceeded 30 redirects.
169274580,Exceeded 30 redirects.
4920039,Exceeded 30 redirects.
73544851,Exceeded 30 redirects.
21072955,Exceeded 30 redirects.
115123494,Exceeded 30 redirects.
