id,reason
33223863,Not JSON response
11906992,Not JSON response
271250633,Not JSON response
107137543,Not JSON response
274966788,Not JSON response
278141165,Not JSON response
273262921,Not JSON response
273358997,Not JSON response
277812146,Not JSON response
2798485,Not JSON response
185717426,Exceeded 30 redirects.
275063209,Exceeded 30 redirects.
33992104,Exceeded 30 redirects.
273199385,Exceeded 30 redirects.
276230735,Exceeded 30 redirects.
182464244,Exceeded 30 redirects.
208197389,Exceeded 30 redirects.
215871872,Exceeded 30 redirects.
199607803,Exceeded 30 redirects.
249150288,Exceeded 30 redirects.
56048933,Exceeded 30 redirects.
37498780,Exceeded 30 redirects.
277490306,Exceeded 30 redirects.
230081832,Exceeded 30 redirects.
197747237,Exceeded 30 redirects.
277474654,Exceeded 30 redirects.
276450385,Exceeded 30 redirects.
273176621,Exceeded 30 redirects.
207355005,Exceeded 30 redirects.
263293392,Exceeded 30 redirects.
204310170,Exceeded 30 redirects.
201796341,Exceeded 30 redirects.
93882869,Exceeded 30 redirects.
205029310,Exceeded 30 redirects.
160445226,Exceeded 30 redirects.
191659043,Exceeded 30 redirects.
73222183,Exceeded 30 redirects.
293095,Exceeded 30 redirects.
278690033,Exceeded 30 redirects.
26305513,Exceeded 30 redirects.
9983829,Exceeded 30 redirects.
273271459,Exceeded 30 redirects.
276611894,Exceeded 30 redirects.
680867,Exceeded 30 redirects.
272395731,Exceeded 30 redirects.
278141834,Exceeded 30 redirects.
186318183,Exceeded 30 redirects.
184903613,Exceeded 30 redirects.
274044371,Exceeded 30 redirects.
273176682,Exceeded 30 redirects.
273177098,Exceeded 30 redirects.
278448680,Exceeded 30 redirects.
33113191,Exceeded 30 redirects.
26590035,Exceeded 30 redirects.
277446671,Exceeded 30 redirects.
37493358,Exceeded 30 redirects.
273180340,Exceeded 30 redirects.
276179887,Exceeded 30 redirects.
276550973,Exceeded 30 redirects.
38914963,Exceeded 30 redirects.
208105982,Exceeded 30 redirects.
278695934,Exceeded 30 redirects.
275108605,Exceeded 30 redirects.
275603608,Exceeded 30 redirects.
250101232,Exceeded 30 redirects.
15402005,Exceeded 30 redirects.
176147240,Exceeded 30 redirects.
739729,Exceeded 30 redirects.
26441569,Exceeded 30 redirects.
186069947,Exceeded 30 redirects.
44451289,Exceeded 30 redirects.
15405239,Exceeded 30 redirects.
273271935,Exceeded 30 redirects.
6053675,Exceeded 30 redirects.
263957467,Exceeded 30 redirects.
73191419,Exceeded 30 redirects.
276611989,Exceeded 30 redirects.
249902654,Exceeded 30 redirects.
242657480,Exceeded 30 redirects.
194135742,Exceeded 30 redirects.
192146238,Exceeded 30 redirects.
174539208,Exceeded 30 redirects.
278619205,Exceeded 30 redirects.
197366014,Exceeded 30 redirects.
249902410,Exceeded 30 redirects.
272458368,Exceeded 30 redirects.
11906976,Exceeded 30 redirects.
680800,Exceeded 30 redirects.
178593117,Exceeded 30 redirects.
242657535,Exceeded 30 redirects.
59280544,Exceeded 30 redirects.
205632153,Exceeded 30 redirects.
275823825,Exceeded 30 redirects.
105666429,Exceeded 30 redirects.
205731390,Exceeded 30 redirects.
178100280,Exceeded 30 redirects.
274124083,Exceeded 30 redirects.
274851593,Exceeded 30 redirects.
178288736,Exceeded 30 redirects.
277474650,Exceeded 30 redirects.
113252627,Exceeded 30 redirects.
130863173,Exceeded 30 redirects.
1362555,Exceeded 30 redirects.
178101210,Exceeded 30 redirects.
276676805,Exceeded 30 redirects.
205422965,Exceeded 30 redirects.
177640652,Exceeded 30 redirects.
178486920,Exceeded 30 redirects.
43109349,Exceeded 30 redirects.
275975242,Exceeded 30 redirects.
205996285,Exceeded 30 redirects.
91442564,Exceeded 30 redirects.
272467385,Exceeded 30 redirects.
153262225,Exceeded 30 redirects.
33224345,Exceeded 30 redirects.
251470284,Exceeded 30 redirects.
91442647,Exceeded 30 redirects.
178102109,Exceeded 30 redirects.
278690133,Exceeded 30 redirects.
91391214,Exceeded 30 redirects.
277025520,Exceeded 30 redirects.
278618341,Exceeded 30 redirects.
29217729,Exceeded 30 redirects.
91444158,Exceeded 30 redirects.
183290678,Exceeded 30 redirects.
273787211,Exceeded 30 redirects.
273979006,Exceeded 30 redirects.
95259319,Exceeded 30 redirects.
10318408,Exceeded 30 redirects.
276622801,Exceeded 30 redirects.
204450531,Exceeded 30 redirects.
178102158,Exceeded 30 redirects.
177711936,Exceeded 30 redirects.
194140444,Exceeded 30 redirects.
276945295,Exceeded 30 redirects.
178101122,Exceeded 30 redirects.
274990856,Exceeded 30 redirects.
277006712,Exceeded 30 redirects.
449555,Exceeded 30 redirects.
278497744,Exceeded 30 redirects.
278690153,Exceeded 30 redirects.
178303863,Exceeded 30 redirects.
183290524,Exceeded 30 redirects.
194141515,Exceeded 30 redirects.
194033177,Exceeded 30 redirects.
275230797,Exceeded 30 redirects.
204626835,Exceeded 30 redirects.
80617205,Exceeded 30 redirects.
205958148,Exceeded 30 redirects.
91399094,Exceeded 30 redirects.
277873235,Exceeded 30 redirects.
276074072,Exceeded 30 redirects.
261988250,Exceeded 30 redirects.
276349715,Exceeded 30 redirects.
93882988,Exceeded 30 redirects.
276314501,Exceeded 30 redirects.
178102140,Exceeded 30 redirects.
32787240,Exceeded 30 redirects.
67574925,Exceeded 30 redirects.
277006777,Exceeded 30 redirects.
273407672,Exceeded 30 redirects.
273161197,Exceeded 30 redirects.
276135260,Exceeded 30 redirects.
178100861,Exceeded 30 redirects.
277025576,Exceeded 30 redirects.
273790653,Exceeded 30 redirects.
151525721,Exceeded 30 redirects.
24633808,Exceeded 30 redirects.
275597837,Exceeded 30 redirects.
205618098,Exceeded 30 redirects.
118285902,Exceeded 30 redirects.
273792418,Exceeded 30 redirects.
66538511,Exceeded 30 redirects.
191807193,Exceeded 30 redirects.
173771750,Exceeded 30 redirects.
274153335,Exceeded 30 redirects.
278690725,Exceeded 30 redirects.
107985162,Exceeded 30 redirects.
178102446,Exceeded 30 redirects.
276587359,Exceeded 30 redirects.
277914838,Exceeded 30 redirects.
195656193,Exceeded 30 redirects.
34476485,Exceeded 30 redirects.
21860442,Exceeded 30 redirects.
278690563,Exceeded 30 redirects.
276681834,Exceeded 30 redirects.
276448860,Exceeded 30 redirects.
273792384,Exceeded 30 redirects.
278100559,Exceeded 30 redirects.
278025534,Exceeded 30 redirects.
29217848,Exceeded 30 redirects.
270494295,Exceeded 30 redirects.
11906970,Exceeded 30 redirects.
278690625,Exceeded 30 redirects.
273562215,Exceeded 30 redirects.
10161961,Exceeded 30 redirects.
169566026,Exceeded 30 redirects.
205765423,Exceeded 30 redirects.
184133717,Exceeded 30 redirects.
278690176,Exceeded 30 redirects.
273507587,Exceeded 30 redirects.
340367,Exceeded 30 redirects.
275108607,Exceeded 30 redirects.
273020011,Exceeded 30 redirects.
276622242,Exceeded 30 redirects.
275598543,Exceeded 30 redirects.
36855899,Exceeded 30 redirects.
275180087,Exceeded 30 redirects.
270074624,Exceeded 30 redirects.
104648269,Exceeded 30 redirects.
199678804,Exceeded 30 redirects.
208435455,Exceeded 30 redirects.
205692639,Exceeded 30 redirects.
271278235,Exceeded 30 redirects.
184521996,Exceeded 30 redirects.
120396301,Exceeded 30 redirects.
15323506,Exceeded 30 redirects.
178294205,Exceeded 30 redirects.
90102522,Exceeded 30 redirects.
278690592,Exceeded 30 redirects.
214187506,Exceeded 30 redirects.
201282506,Exceeded 30 redirects.
273127578,Exceeded 30 redirects.
273916419,Exceeded 30 redirects.
273958535,Exceeded 30 redirects.
