id,name,short_description,price,discount,discount_rate,review_count,day_ago_created,quantity_sold,brand_name
107137543,Bếp Từ Đơn Elmich ICE-1828OL (2100W) - Hàng Chính Hãng,"Thiết kế đơn giản, thanh lịchBếp Từ Elmich ICE-1828OL có bề mặt bếp làm từ kính cường lực ceramic dày dặn, chống trầy xước và hạn chế bám bẩn, dễ vệ sinh lau chùi sau mỗi lần dùng. Đặc biệt mặt kính ...",1008000,782000,44,174,,662.0,Elmich
36785535,Bếp Từ Đơn Lock&Lock EJI411 (2000W) - Hàng Chính Hãng,"Thiết kế nhỏ gọn, hiện đạiBếp Từ Đơn Lock&Lock EJI411 (2000W) dày chỉ 3.5cm giúp tiết kiệm tối đa không gian bếp. Bề mặt bếp màu đen sáng bóng mang đến vẻ sang trọng và tinh tế cho không gian căn...",1493000,804000,35,803,,2978.0,LocknLock
274966790,Bếp điện từ đơn model KG18IC1 - Hàng chính hãng,"Bếp điện từ Kangaroo KG18IC1 được ưa chuộng tại các gia đình vì tính tiện lợi và nhiều công năng tích hợp. Bếp có công suất 1800W nấu ăn nhanh chóng, điều khiển điện tử hiện đại, kèm 8 chế độ nấu tiện...",867000,583000,40,0,,6.0,Kangaroo
36785535,Bếp Từ Đơn Lock&Lock EJI411 (2000W) - Hàng Chính Hãng,"Thiết kế nhỏ gọn, hiện đạiBếp Từ Đơn Lock&Lock EJI411 (2000W) dày chỉ 3.5cm giúp tiết kiệm tối đa không gian bếp. Bề mặt bếp màu đen sáng bóng mang đến vẻ sang trọng và tinh tế cho không gian căn...",1493000,804000,35,803,,2978.0,LocknLock
225304000,Bếp từ đơn Chefs EH-IH2000A (tặng 1 nồi từ nấu lẩu) - Hàng chính hãng,Bếp từ đơn Chefs EH-IH2000A là chiếc bếp từ được sản xuất và lắp ráp tại Việt Nam trên dây chuyền công nghệ của Đức mang lại cho gian bếp sự tiện nghi sang trọng. Đây cũng là sản phẩm được nhiều gia đ...,1290000,0,0,2,,3.0,Chef's
274966786,Bếp điện từ đơn model KG20IC1 - Hàng chính hãng,"Bếp điện từ Kangaroo KG20IC1 được các gia đình yêu thích vì tính tiện lợi và tích hợp đa dạng công năng. Bếp có công suất 2000W nấu ăn nhanh chóng, điều khiển trượt cảm ứng thông minh kèm 6 chế độ nấu...",1368000,522000,28,0,,3.0,Kangaroo
73850638, Bếp Điện Từ Đơn 2000W FUJIKA FJ-BT1920 Kèm Nồi Lẩu Inox Điều Khiển Cảm Ứng Mặt Kính Cao Cấp-Hàng Chính Hãng ,THÔNG SỐ KỸ THUẬTTên sản phẩm: Bếp từ đơn 2000W Fujika FJ-BT1920 Mặt Kính Cao Cấp Đi Kèm Nồi Lẩu InoxModel: FJ-BT1920Thương hiệu: FUJIKALoại sản phẩm: Bếp từ đơn/bếp điện từLoại nồi dùng: Nồi đáy...,689000,0,0,14,,32.0,FUJIKA
275376744,"Bếp từ đơn cảm ứng TẶNG KÈM NỒI có chức năng hẹn giờ, cài đặt thời gian nấu, truyền nhiệt tốt, tiết kiệm điện - Hàng Chính Hãng","Thông số kỹ thuật Bếp từ đơn cảm ứng TẶNG KÈM NỒI có chức năng hẹn giờ, cài đặt thời gian nấu, truyền nhiệt tốt, tiết kiệm điệnThông tin sản phẩm- Điện áp: 220~240V- Công suất: 2200W- Tr...",395000,155000,28,6,,42.0,Anh Lam Store
273358997,Bếp điện từ Elmich ICE 3879 - Hàng Chính Hãng,"Bếp từ đơn Elmich ICE 3879 được thiết kế thông minh và trang bị các tính năng ưu việtTự động ngắt nguồn điện khi mâm nhiệt quá tải, đảm bảo an toàn sử dụng.Tự động cảnh báo khi sử dụng dụng cụ ...",1137000,663000,37,28,,107.0,Elmich
56049689,Bếp điện từ đơn CANAVAL CA6618 - Hàng nhập khẩu,"Bếp điện từ đơnĐiều khiển cảm ứngNhiều chức năng nấuBo điều khiển ItaliaChíp điều khiển SIMENSMặt kính Ceramic Viền vàng 4 cạnh, in Mirror grey (in gương)Tự động ngắt bếp khi không có nồi.Hệ th...",1485000,0,0,1,,4.0,CANAVAL
112074239,Bếp điện từ đơn công nghiệp KL671,"Bếp từ đơn công nghiệp KL671 là thiết bị nấu nướng chuyên dụng, được thiết kế để đáp ứng nhu cầu của các nhà hàng, quán ăn và cơ sở chế biến thực phẩm quy mô lớn. Với công suất mạnh mẽ, độ bền vượt tr...",2650000,0,0,25,,100.0,Keplercook
274145160,"Bếp từ đơn Midea MIC 221 2200W mặt kính pha lê sang trọng, công nghệ từ trường 3D, mâm nhiệt lớn làm nóng trong 5s, cảm ứng hiện đại, có hẹn giờ, tự ngắt khi bỏ nồi, bảo vệ quá nhiệt (TẶNG NỒI LẨU) - Hàng chính hãng","Bếp từ đơn Midea MIC 221 mặt kính pha lê sang trọng, mâm nhiệt lớn, công nghệ từ trường 3D nấu siêu nhanh, cảm ứng hiện đại, có hẹn giờ (Tặng kèm nồi lẩu)THÔNG TIN SẢN PHẨMModel : MIC221T0AGG (Màu...",1098000,0,0,1,,1.0,Midea
252179453,Bếp điện từ ba bếp Bluestone ICB-6845 - Hàng chính hãng,"Bếp điện từ ba bếp Bluestone ICB-6845Loại bếp: Bếp từChất liệu mặt bếp:Kính Schott chịu lực, nhiệtBảng điều khiển:Cảm ứngLoại nồi nấu:Chỉ sử dụng loại nồi có đế nhiễm từChế độ hẹn giờ:Có hẹn giờ...",15999000,0,0,0,,,Bear
275285397,Bếp từ đơn Neoflam Fika S-IC001-2 (FK-IN) Hàng chính hãng,"Dùng để nấu hàng ngày hoặc các món lẩu nướng tại bàn tiện dụng. Bếp Fika có hình tròn đường kính 28cm vừa với kích cỡ nồi chảo hoặc mẫu bếp chữ nhật 29cm.Không khói, không nóng và tiết kiệm điện. Bếp...",1950000,0,0,0,,4.0,Neoflam
221260738,"Bếp từ đơn Sato BT081 - Mặt kính cường lực cao cấp chống xước, chịu nhiệt lên tới 750 °C độ bền cao và an toàn tuyệt đối - Miễn phí vận chuyển toàn quốc - Hàng chính hãng","Đặc điểm nổi bậtThiết kế đột phá, hiện đại, màu sắc trang nhã.Mặt kính cường lực cao cấp chống xước, chịu nhiệt lên tới 750 °C độ bền cao và an toàn tuyệt đối.Bảng điều khiển phím cảm ứng Tiếng Vi...",1650000,0,0,0,,,SATO
277607849,"Bếp điện từ đơn Sowun SW161S, mặt kính Ceramic chịu được nhiệt độ cao, công suất lớn 2000W","Nấu ăn nhanh, gọn nhẹ, dễ dàng vệ sinh, an toàn cho người sử dụng, hiệu suất sử dụng cao… chính là những ưu điểm khiến bếp từ ngày càng được ưa chuộng. Nắm bắt được những nhu cầu của xã hội hiện đại, ...",765000,85000,10,0,,,Sowun
263580135,Bếp điện từ Elmich ICE-1832,...,1366000,124000,8,4,,19.0,Elmich
272395731,Bếp điện từ Elmich ICE-1831 - Hàng chính hãng,"1. Thiết kế gọn nhẹ - An toàn - Dễ sử dụngBếp từ đơn ICE-1831 có kiểu dáng nhỏ gọn, màu đen sang trọng cùng thiết kế tinh tế, đẹp mắt với các họa tiết được in chìm xuống mặt kính.Thiết kế bo viền nh...",1412000,178000,11,1,,17.0,Elmich
239444723,Bếp từ đơn chính hãng Makano MKT-100004 Hàng chính hãng,"Giới thiệu sản phẩm: Bếp từ đơn chính hãng Makano MKT-100004​.Bếp từ đơn, 1 vùng nấu Makano MKT-100004 là sự hoàn hảo cho căn bếp nhỏ. Sản phẩm được trang bị nhiều chế độ nấu đa dạng, phong phú kèm...",1199000,0,0,0,,,Daikiosan
277607953,"Bếp Điện Từ Đơn Chính Hãng SOWUN SW163S, Mặt Kính Ceramic Chịu Được Nhiệt Độ Cao, Công Suất 2000W","Nấu ăn nhanh, gọn nhẹ, dễ dàng vệ sinh, an toàn cho người sử dụng, hiệu suất sử dụng cao… chính là những ưu điểm khiến bếp từ ngày càng được ưa chuộng. Nắm bắt được những nhu cầu của xã hội hiện đại, ...",800000,90000,10,0,,,Sowun
275230825,Bếp điện từ Povena PVN21 Tặng kèm nồi lẩu inox - Hàng nhập khẩu,Bếp điện từ Povena PVN21 Tặng kèm nồi lẩu inox - Hàng nhập khẩu- Bếp từ đơn hoạt động dựa trên nguyên lý tác động giữa dòng điện và từ trường trong cuộn dây.Cuộn dây dẫn điện trong bếp từ đơn được đ...,525000,0,0,0,,,X LINH CHI STORE
277609196,"Bếp Điện Từ Đơn Chính Hãng SOWUN SW169S, Mặt Kính Ceramic Cao Cấp Chịu Được Nhiệt Độ Cao","Nấu ăn nhanh, gọn nhẹ, dễ dàng vệ sinh, an toàn cho người sử dụng, hiệu suất sử dụng cao… chính là những ưu điểm khiến bếp từ ngày càng được ưa chuộng. Nắm bắt được những nhu cầu của xã hội hiện đại, ...",1350000,0,0,0,,,Sowun
189290230,"Bếp từ đơn SATO màu đen, bảng điều khiển Tiếng Việt, 5 chế độ nấu, công suất 2000W, bếp cảm ứng mặt kính cường lực chống xước, thân bếp nhựa siêu bền ST-BT061 - Miễn phí vận chuyển toàn quốc - Hàng chính hãng (Tặng kèm nồi lẩu Inox)","Thiết kế đột phá, hiện đại, màu sắc trang nhã.Mặt kính cường lực cao cấp chống xước, chịu nhiệt lên tới 750 °C độ bền cao và an toàn tuyệt đối.Bảng điều khiển phím bấm Tiếng Việt, đèn Led hiển thị l...",1500000,0,0,0,,,SATO
214190416,[MUA BẾP TẶNG NỒI] Bếp Từ Đơn Kopper KP01DN - Công Suất 2600W - Hàng Nhập Khẩu,"Bếp từ đơn thế hệ mới của Kopper là một sản phẩm đáng để sở hữu. Với công suất tối đa 2600W, bếp có thể nấu nhanh hơn và tiết kiệm thời gian cho người dùng. Tiếng Việt hoá dễ dàng sử dụng giúp người d...",1800000,0,0,0,,,KOPPER
275376744,"Bếp từ đơn cảm ứng TẶNG KÈM NỒI có chức năng hẹn giờ, cài đặt thời gian nấu, truyền nhiệt tốt, tiết kiệm điện - Hàng Chính Hãng","Thông số kỹ thuật Bếp từ đơn cảm ứng TẶNG KÈM NỒI có chức năng hẹn giờ, cài đặt thời gian nấu, truyền nhiệt tốt, tiết kiệm điệnThông tin sản phẩm- Điện áp: 220~240V- Công suất: 2200W- Tr...",395000,155000,28,6,,42.0,Anh Lam Store
274966790,Bếp điện từ đơn model KG18IC1 - Hàng chính hãng,"Bếp điện từ Kangaroo KG18IC1 được ưa chuộng tại các gia đình vì tính tiện lợi và nhiều công năng tích hợp. Bếp có công suất 1800W nấu ăn nhanh chóng, điều khiển điện tử hiện đại, kèm 8 chế độ nấu tiện...",867000,583000,40,0,,6.0,Kangaroo
186318183,Bếp điện từ Elmich ICE-3874 2100W Hàng Chính Hãng,Thông số kĩ thuậtThương hiệu:ElmichMã sản phẩm:4023874Xuất xứ:Trung QuốcTình trạng:Hàng sẵn khoBảo hành :24 tháng ( 1 đổi 1 trong 12 tháng )Thông số kỹ thuậtChất liệu mặt kính: Ceramic cường l...,1301000,134000,9,15,,111.0,Elmich
273384952,[HỘP QUÀ TẾT] [TẶNG KÈM NỒI LẨU 280x75mm] Bếp từ đơn Nagakawa NAG0718 (2000W) - 5 chương trình nấu - Bảo hành 1 năm - Hàng chính hãng,"Bếp từ đơn Nagakawa NAG0718 sở hữu thiết kế tinh tế, sang trọng bằng mặt kính đen sáng bóng mang đến sự hiện đại cho mọi không gian bếp của bạn.Bảng điều khiển IGBT SIEMENS nhập khẩu ĐứcBảng điều k...",999000,531000,35,0,,,Nagakawa
274966786,Bếp điện từ đơn model KG20IC1 - Hàng chính hãng,"Bếp điện từ Kangaroo KG20IC1 được các gia đình yêu thích vì tính tiện lợi và tích hợp đa dạng công năng. Bếp có công suất 2000W nấu ăn nhanh chóng, điều khiển trượt cảm ứng thông minh kèm 6 chế độ nấu...",1368000,522000,28,0,,3.0,Kangaroo
199607935,"Bếp từ đơn SATO BT061 (Tặng kèm nồi lẩu Inox) Mặt kính cường lực cao cấp chống xước, chịu nhiệt lên tới 750 °C độ bền cao và an toàn tuyệt đối - Miễn phí vận chuyển toàn quốc - Hàng chính hãng","Đặc điểm nổi bậtThiết kế đột phá, hiện đại, màu sắc trang nhã.Mặt kính cường lực cao cấp chống xước, chịu nhiệt lên tới 750 °C độ bền cao và an toàn tuyệt đối.Bảng điều khiển phím bấm Tiếng Việt, ...",1500000,0,0,0,,,SATO
216211241,Bếp điện từ đa năng Nagakawa NAG0716 - Kèm nổi lẩu và vỉ nướng chuyên dụng - Hàng chính hãng,"Thiết kế hiện đại, kiểu dáng tròn độc đáoMang thiết kế đặc biệt, bếp điện từ đơn Nagakawa NAG0716 gây ấn tượng ngay từ ánh nhìn đầu tiên. Sản phẩm mang màu đen nhám sang trọng; hình tròn độc đáo; thi...",3000000,0,0,0,,2.0,Nagakawa
259520281,Bếp đơn điện từ Iruka I-111 (2000W) - Hàng chính hãng,"Bếp Điện Từ IRUKA I-111 với nhiều chức năng mới đa dạng giúp người dùng dễ dàng nấu ăn và thao tác.Mặt Kính Cao Cấp – Hệ Thống Tản Nhiệt TốtMặt kínhBề mặt kính Ceramic cao cấpChống trầy xước, va...",2176000,814000,27,0,,2.0,Iruka
276390102,"Bếp từ ABG Povena PVN-2125 đa dạng chức năng nấu, mặt kính pha lê crystallite cao cấp màn hình led dễ sử dụng TẶNG KÈM NỒI LẨU - Hàng chính hãng","Bếp từ ABG Povena PVN-2125 đa dạng chức năng nấu, mặt kính pha lê crystallite cao cấp màn hình led dễ sử dụng TẶNG KÈM NỒI LẨU - Hàng chính hãngThông số kỹ thuật của bếp từ ABG Povena PVN-21Loại bếp:...",570000,0,0,0,,,ABG
199597275,"Bếp từ đơn SATO BT025 (Tặng kèm nồi lẩu Inox) - Mặt kính cường lực cao cấp chống xước, chịu nhiệt lên tới 750 °C độ bền cao và an toàn tuyệt đối - Miễn phí vận chuyển toàn quốc - Hàng chính hãng","Đặc điểm nổi bậtThiết kế đột phá, hiện đại, màu sắc trang nhã.Mặt kính cường lực Sapphire cao cấp chống xước, chịu nhiệt lên tới 750 °C độ bền cao và an toàn tuyệt đối.Bảng điều khiển phím cảm ứng...",2540000,0,0,0,,,SATO
275918196,BẾP TỪ ĐÔI KOCHER DI-615 - Hàng Chính Hãng,"TÍNH NĂNG SẢN PHẨM:Mặt kính Keramik bo viền AluminumIGBT hãng Siemens GermanyĐiều khiển tổ hợp Slider với 9 mức công suấtChức năng chiên xào với 3 mức nhiệt độ khác nhau, linh hoạtHẹn giờ độc lập cho ...",10900000,0,0,0,,,Kocher
189329860,"Bếp từ đơn SATO màu đen, bảng điều khiển Tiếng Việt, 5 chế độ nấu, công suất 2000W, bếp cảm ứng mặt kính cường lực chống xước, thân bếp nhựa siêu bền ST-BT062 (Tặng kèm nồi lẩu Inox) - Miễn phí vận chuyển toàn quốc - Hàng chính hãng","Thiết kế đột phá, hiện đại, màu sắc trang nhã.Mặt kính cường lực cao cấp chống xước, chịu nhiệt lên tới 750 °C độ bền cao và an toàn tuyệt đối.Bảng điều khiển phím bấm Tiếng Việt, đèn Led hiển thị l...",1500000,0,0,0,,,SATO
274966788,Bếp điện từ đơn model KG20IC3 - Hàng chính hãng,"Bếp điện từ Kangaroo KG20IC3 dẫn đầu về kiểu dáng đẹp mắt, tone trắng hiện đại được các tín đồ thời trang bếp đón nhận. Được điều khiển đồng thời bằng nút xoay cơ và cảm ứng thông minh, kèm thiết kế t...",1441000,549000,28,0,,1.0,Kangaroo
270123136,Bếp Nhà Nam Không Có Lò_SKY,"Bếp Nhà Nam Không Có LòĐã bao giờ bạn được thưởng thức một chiếc bánh ngon đến mức khi về nhà vẫn nhung nhớ hương vị đó, làm bạn hào hứng tìm kiếm , loay hoay thử mọi cách nhưng thành quả không như m...",215000,0,0,0,,,
273188731,Bếp Điện Từ Tomate GH 027IH. Hàng Chính Hãng,"1. CHI TIẾT SẢN PHẨMBếp điện từ GH 027IH Thiết kế mặt bếp sang trọng kích thước 72x43cm02 vùng nấu: 01 vùng từ 22cm & 01 vùng điện 21cmĐiều khiển kỹ thuật số, 9 mức công suất +booster Hệ thống điề...",13200000,0,0,0,,,Tomate
263703117,Bếp Nhà Nam Không Có Lò,"    Bếp Nhà Nam Không Có Lò   Đã bao giờ bạn được thưởng thức một chiếc bánh ngon đến mức khi về nhà vẫn nhung nhớ hương vị đó, làm bạn hào hứng tìm kiếm google, loay hoay thử mọi cách nhưng thành...",215000,0,0,0,,,
10119813,Bếp từ kết hợp hồng ngoại ba bếp nấu PEDINI PDN 3366 - Hàng chính hãng,"Tính Năng Sản PhẩmCông suất : 1400W+1800W+2200WChức năng BOSTER thông minh, tự động nâng công suất lên mức tối đa dù đang ở mức công suất nào   : 1800W+2000W+2400WChế độ nấu hiển thị : Từ 1-9 cấp đ...",13223000,0,0,0,,,PEDINI
278229680,"Bếp từ đôi Sunhouse SHB568HL, Công suất 4000W, Mặt kính Ultra Vitro Ceramic, bo viền 4 cạnh sang trọng, chắc chắn, Chức năng nấu nhanh Booster, Bảng điều khiển Slider Control siêu nhạy, Bảo hành 3 năm tại nhà - Hàng chính hãng",Thông số kỹ thuật:Model: SHB568HLSố vùng nấu: 2Công suất trái: 2000W (Booster)Công suất phải: 2000W (Booster)Điện áp: 220 - 240VAC / 50HzChất liệu mặt kính: Kính Ultra Vitro CeramicĐộ dày mặt kính: 4....,3090000,0,0,0,,,Sunhouse
263255694,Bếp Nhà Nam Không Có Lò,"Đã bao giờ bạn được thưởng thức một chiếc bánh ngon đến mức khi về nhà vẫn nhung nhớ hương vị đó, làm bạn hào hứng tìm kiếm google, loay hoay thử mọi cách nhưng thành quả không như mong đợi. Hay đôi k...",161250,53750,25,7,,115.0,
263494619,Bếp Nhà Nam Không Có Lò,"Bếp Nhà Nam Không Có LòĐã bao giờ bạn được thưởng thức một chiếc bánh ngon đến mức khi về nhà vẫn nhung nhớ hương vị đó, làm bạn hào hứng tìm kiếm qua các trang mạng, loay hoay thử mọi cách như...",215000,0,0,0,,,
277946290,Bếp Từ Đơn Tân Á Đại Thành Rossi RS-1020CE01 Kèm Nồi - Hàng Chính Hãng Bảo Hành 24 Tháng,"Bếp từ đơn Rossi RS-1020CE01 – Tối ưu trải nghiệm nấu nướng hiện đạiRossi RS-1020CE01 là dòng bếp từ đơn cao cấp được tích hợp hàng loạt công nghệ thông minh, giúp bạn nấu ăn nhanh chóng – an toàn – ...",1290000,0,0,0,,,Tân Á Đại Thành
1343773,Bếp Điện Từ 3 Bếp Bosch PID631BB1E (6000W) - Hàng chính hãng,"Thiết kế sang trọngBếp Điện Từ 3 Bếp Bosch PID631BB1E với đường nét sang trọng, được thiết kế chuẩn dáng Châu Âu, bếp có 3 vùng nấu riêng biệt phù hợp với nhiều kích cỡ nồi khác...",18000000,0,0,0,,,Bosch
277942453,Bếp Từ Đơn Tân Á Đại Thành Rossi RS-1020CC01 Kèm Nồi - Hàng Chính Hãng Bảo Hành 24 Tháng,"Bếp từ đơn Rossi RS-1020CC01 – Giải pháp nấu nướng thông minh, an toàn và tiết kiệm cho mọi gia đình Đặc điểm nổi bật: TIẾT KIỆM – AN TOÀN – DỄ DÀNG SỬ DỤNGTẶNG nồi lẩu đi kèm lớn đường kính 30cm...",1039000,151000,13,0,,,Tân Á Đại Thành
275086570,Bếp từ đôi Chefs IH2000- Hàng chính hãng,"Thông tin sản phẩm EH-IH2000ABếp từ đơn EH-IH2000A với thiết kế vành inox chắc chắn, sang trọng, kiểu dáng hiện đại, kích thước nhỏ gọn, phù hợp với nấu nướng cá nhân hay gia đình ít người.TÍNH NĂN...",1512000,0,0,0,,,Chef's
68832220,BẾP ĐÔI ĐIỆN TỪ SUNHOUSE MAMA MMB-88HL - Hàng chính hãng,Thông số kỹ thuật:Model: MMB-88HLSố vùng nấu: 2Công suất trái: 2200W (Booster)Công suất phải: 2200W (Booster)Điện áp: 220 - 240VAC / 50HzChất liệu mặt kính: Kính Ultra Vitro CeramicĐộ dày mặt kính: 4....,4580000,0,0,12,,35.0,Sunhouse
216012769,Bếp từ Teka IBC 7322 S 112510040 - Hàng chính hãng,"  là dòng bếp điện từ cao cấp của thương hiệu thiết bị nhà bếp nổi tiếng Teka, một sản phẩm thiết kế tại Tây Ban Nha, vượt qua nhiều tiêu chuẩn khắt khe của Châu Âu là sự kết hợp hoàn hảo giữa khả năn...",14619000,0,0,0,,,Teka
176801732,Bếp 3 Từ Latino LT-ML203GET - Hàng Chính Hãng,"TÍNH NĂNG SẢN PHẨM:• Bếp ba: 3 Từ• Mặt kính EURO Platinum vát cạnh, bo góc sang trọng• Sử dụng công nghệ Inverter, sôi liu riu tiết kiệm điện năng• Chức năng tạm dừng khi nấu Pause• Chức năng hâm nón...",15180000,0,0,0,,,LATINO
26583996,Bếp từ GS1 - 406 - Hàng Chính Hãng,"Gia đình đông người hay cần nấu nhiều món khác nhau trong khi nguyên liệu đã chuẩn bị sẵn sàng mà vùng nấu thì đã hết, mặc dù Bếp từ thuộc hàng bếp nấu nhanh nhưng để đảm ...",16860000,0,0,0,,,GRASSO
93882991,Bếp 3 vùng nấu điện + từ HANOVER,       Bếp âm   3 vùng nấu điều khiển cảm ứng   10 mức nấu ăn   Nguồn điện 220-240V~50/60Hz   Kích thước mặt 590x520mm   Kích thước âm 560x490mm   ...,5590000,0,0,0,,,Smaragd
4440957,Bếp Điện Từ Canzy CZ-86R - Hàng Chính Hãng,"Chi tiết sản phẩmBếp điện từ Canzy CZ 86R gồm 2 vùng nấu, 1 vùng nấu từ lớn có khả năng đun nấu siêu nhanh và tiết kiệm điện năng với công suất 2000W đạt công suất tối đa khi Booster là 2600W và 1 vù...",14980000,0,0,1,,2.0,Canzy
19290715,Bếp Điện Từ Âm 3 Bếp Saiko SK-6700 (2000W) - Kèm Nồi Lẩu - Hàng chính hãng,"Thiết kế sang trọngBếp Điện Từ Âm 3 Bếp Saiko SK-6700 sở hữu kiểu dáng rất hiện đại, sang trọng phù hợp với mọi không gian bếp, là yếu tố ghi điểm đầu tiên cho người tiêu dùng. Bên cạnh đó, thiết kế ...",8900000,0,0,0,,,Saiko
205989943,BẾP TỪ ĐÔI LORCA TA-1006C - HÀNG CHÍNH HÃNG,"Điện áp 220-240V / 50HzTrái: 2000W, booster 2400WPhải: 2000W, booster 2400WKích thước: 730x420 mmKích thước khoét đá: 675x395 mmQUÀ TẶNG: Bộ 4 nồi Lorca TA-5018...",3749000,0,0,0,,,Lorca
276448857,Bếp điện từ Smartcook ICS-3873 - Hàng chính hãng,"- Thiết kế gọn nhẹ – an toàn – dễ sử dụng Bếp có kiểu dáng nhỏ gọn, màu đen sang trọng cùng thiết kế tinh tế, đẹp mắt với các họa tiết được in chìm xuống mặt kính. Thân bếp siêu mỏng, chỉ 45mm. Phím ...",1130000,160000,12,1,,4.0,Elmich
107137543,Bếp Từ Đơn Elmich ICE-1828OL (2100W) - Hàng Chính Hãng,"Thiết kế đơn giản, thanh lịchBếp Từ Elmich ICE-1828OL có bề mặt bếp làm từ kính cường lực ceramic dày dặn, chống trầy xước và hạn chế bám bẩn, dễ vệ sinh lau chùi sau mỗi lần dùng. Đặc biệt mặt kính ...",1008000,782000,44,174,,662.0,Elmich
33114291,Bếp từ 4 bếp nấu thông minh Bosch PXE675DC1E - Hàng chính hãng,Thông số kỹ thuật bếp từ Bosch PXE675DC1ENội dungThông sốTên sản phẩm Bếp từ Bosch PXE675DC1E Loại sản phẩm Bếp từ BoschHãng sản xuất BoschMã sản phẩm PXE675DC1EMô tả sản phẩm + 4 vùng nấu điện...,19898000,0,0,0,,,Bosch
276529438,Bếp Từ Đơn BlueStone ICB-6603 - 2000W - Hàng Chính Hãng,Bếp Từ Đơn BlueStone ICB-6603 - 2000W• Bếp từ với công suất cao lên đến 2000W và 8 mức công suất đa dạng đem lại hiệu suất nấu nướng cao và tiết kiệm thời gian.• Mặt bếp bằng kính Cry-stal cao cấp lo...,799000,500000,38,0,,2.0,Bluestone
259520281,Bếp đơn điện từ Iruka I-111 (2000W) - Hàng chính hãng,"Bếp Điện Từ IRUKA I-111 với nhiều chức năng mới đa dạng giúp người dùng dễ dàng nấu ăn và thao tác.Mặt Kính Cao Cấp – Hệ Thống Tản Nhiệt TốtMặt kínhBề mặt kính Ceramic cao cấpChống trầy xước, va...",2176000,814000,27,0,,2.0,Iruka
277585743,Bếp điện từ LIFEITE LFT-011 99 mức nhiệt bản quốc tế - Hàng chính hãng,Bếp điện từ Xiaomi LIFEITE LFT-011 99 mức nhiệt có kết nối app bản quốc tế - Bảo hành 1 thángTHÔNG SỐ Thương hiệu : XIAOMI Model : LFT-011 Khối lượng bếp : 1.72kg Tổng khối lượng : 2.1kg Cô...,989000,46000,4,1,,1.0,Xiaomi
273271344,BẾP TỪ ĐÔI KOCHER DIB4-888 - HÀNG CHÍNH HÃNG,TÍNH NĂNG SẢN PHẨMMainboard 100% EGO-Made in GermanyMặt kính Eurokera Cộng Hòa PhápĐiều khiển 9 mức công suấtBooster đến 3000W/ vùng nấuChức năng nổi bật: Rã đông trên bếp từChức năng tự động tắt bếp...,13000000,0,0,0,,,Kocher
36785535,Bếp Từ Đơn Lock&Lock EJI411 (2000W) - Hàng Chính Hãng,"Thiết kế nhỏ gọn, hiện đạiBếp Từ Đơn Lock&Lock EJI411 (2000W) dày chỉ 3.5cm giúp tiết kiệm tối đa không gian bếp. Bề mặt bếp màu đen sáng bóng mang đến vẻ sang trọng và tinh tế cho không gian căn...",1493000,804000,35,803,,2978.0,LocknLock
263580135,Bếp điện từ Elmich ICE-1832,...,1366000,124000,8,4,,19.0,Elmich
147903536,Bếp Từ Đơn Sunhouse SHD6803 (2000W) - Kèm Nồi Lẩu - Hàng Chính Hãng,"Thiết kế nhỏ gọn, vững chãiBếp Từ Đơn Sunhouse SHD6803 có kiểu dáng nhỏ gọn, màu đen sang trọng kèm hoa văn tinh tế. Thân bếp siêu mỏng, dễ dàng di chuyển, bếp có thể sử dụng linh hoạt ở trên bàn b...",1008000,179000,15,489,,3681.0,Sunhouse
197650048,Bếp Điện Từ Đơn Kèm Nồi Lẩu Inox Đạt Tường DTBT-03 - Hàng Chính Hãng,"ĐẶC ĐIỂM NỔI BẬTTruyền nhiệt nhanh, tiết kiệm điện7 chế độ nấu tiện lợiHiển thị mức tiêu hao năng lượng và hiệu điện thếMặt kính ceramic cường lực siêu bền chịu được nhiệt độ tới 760 độ CPhím bấm...",646000,0,0,1,,5.0,Đạt Tường
273199120,Bếp Điện Từ Tomate GH 8G-02IH. Hàng Chính Hãng,"1. CHI TIẾT SẢN PHẨMBếp điện từ GH 8G-02IH gồm 1 vùng nấu từ (induction), và 1 vùng nấu điện (hi-light) kích thước vùng nấu 22 cm.Công suất booster: 3.000 WKích thước bếp: 720x430x60mmMặt kính NEG sản...",13400000,0,0,0,,,Tomate
125893587,Bếp điện từ Electrolux ETD29MKC (2000W) - Hàng chính hãng,"THÔNG SỐ CHI TIẾTThương hiệu Electrolux Model : ETD29KC/ETD29MKCLoại bếp: Bếp điện từChất liệu mặt bếp: Kính chịu lực, chịu nhiệtCông suất: 2000WTự ngắt an toàn: CóHẹn giờ: CóBảng điều khiển: Cảm ứng...",1146000,244000,18,15,,51.0,Electrolux
263580135,Bếp điện từ Elmich ICE-1832,...,1366000,124000,8,4,,19.0,Elmich
113633607,Bếp từ đơn Hafele HSI-21FW (Hàng chính hãng),"Bếp từ đơn Hafele HSI-21FW là sản phẩm có kiểu dáng hiện đại, nhỏ gọn, là sản phẩm phù hợp với mọi nhà. Bếp chỉ chiếm một diện tích nhỏ trong không gian sử dụng của gia đình bạn mang đến sự phù hợp và...",1299000,731000,36,241,,852.0,HAFELE
273199581,Bếp Điện Từ Tomate GH DUO-S2IH. Hàng Chính Hãng,Mặt kính VictroceramicHệ thống điều khiern cảm ứng dạng trượtMàn hình hiển thị LEDChức năng nhận diện nồi9 mức công suấtChức năng nấu nhanhChức năng tạm dừng trong quá trình nấuChắc năng hâmSả...,11040000,0,0,0,,,Tomate
248225691,"Bếp từ Saiko SK2005 (SK-2005) - bếp đơn, 2000W - Hàng chính hãng","Đặc điểm- Kiểu dáng gọn gàng, hiện đại- Có chức năng hẹn giờ, 5 chức năng nấu chín- Sử dụng chíp điều khiển SiemenS IGBT- Mặt bếp được làm bằng chất liệu Ceramic- 6 mức điều khiển nhiệt độ- Có nồi đi ...",1250000,0,0,0,,1.0,Saiko
275510273,Bếp từ đơn GUME GIC LITE-01 Hàng chính hãng,"Model    GIC LITE - 01Công suất tiêu thụ    2000W / 220V - 240V -50/60Hz       Chất liệu    Nhựa, InoxMàu sắc    Màu đenTrọng lượng    1,81kgKích thước sản phẩm    9 x 33 x 44,5cm...",1080000,0,0,0,,,Gume
273358997,Bếp điện từ Elmich ICE 3879 - Hàng Chính Hãng,"Bếp từ đơn Elmich ICE 3879 được thiết kế thông minh và trang bị các tính năng ưu việtTự động ngắt nguồn điện khi mâm nhiệt quá tải, đảm bảo an toàn sử dụng.Tự động cảnh báo khi sử dụng dụng cụ ...",1137000,663000,37,28,,107.0,Elmich
112074239,Bếp điện từ đơn công nghiệp KL671,"Bếp từ đơn công nghiệp KL671 là thiết bị nấu nướng chuyên dụng, được thiết kế để đáp ứng nhu cầu của các nhà hàng, quán ăn và cơ sở chế biến thực phẩm quy mô lớn. Với công suất mạnh mẽ, độ bền vượt tr...",2650000,0,0,25,,100.0,Keplercook
272395731,Bếp điện từ Elmich ICE-1831 - Hàng chính hãng,"1. Thiết kế gọn nhẹ - An toàn - Dễ sử dụngBếp từ đơn ICE-1831 có kiểu dáng nhỏ gọn, màu đen sang trọng cùng thiết kế tinh tế, đẹp mắt với các họa tiết được in chìm xuống mặt kính.Thiết kế bo viền nh...",1412000,178000,11,1,,17.0,Elmich
278525663,"Bếp Điện Từ Mini LocknLock Mini Induction Cooker EJI126IVY 1500W, Hàng Chính Hãng - JoyMall (dùng cho nồi chảo có đường kính từ 17cm đến 20cm)","Bếp Điện Từ Mini LocknLock Mini Induction Cooker EJI126IVY 1500W, Hàng Chính Hãng - JoyMall- Xuất xứ: Trung Quốc- Cấu tạo: Kính ceramic, nhôm, nhựa ABS, nhựa PPĐẶC ĐIỂM SẢN PHẨM:THIẾT KẾ HIỆN ĐẠ...",1113000,477000,30,0,,,LocknLock
248444451,"BẾP ĐIỆN TỪ TAHAWA NHẬT BẢN TH-218 Giúp nấu chín thức ăn mau, tiết kiệm điện năng tối ưu cho gia đình bạn.","BẾP ĐIỆN TỪ TAHAWA NHẬT BẢN TH-218 Giúp nấu chín thức ăn mau, tiết kiệm điện năng tối ưu cho gia đình bạn.Thông số kỹ thuật của bếp điện từ hàng nhập khẩu chính hãng Tahawa TH-218Tên sản phẩm: B...",1122000,0,0,0,,1.0,TAHAWA
199597043,"Bếp từ đơn SATO BT022 - Mặt kính cường lực cao cấp chống xước, chịu nhiệt lên tới 750 °C độ bền cao và an toàn tuyệt đối - Miễn phí vận chuyển toàn quốc - Tặng nồi lẩu inox - Hàng chính hãng"," Đặc điểm nổi bậtThiết kế đột phá, hiện đại, màu sắc trang nhã.Mặt kính cường lực cao cấp chống xước, chịu nhiệt lên tới 750 °C độ bền cao và an toàn tuyệt đối.Bảng điều khiển phím cảm ứng Tiếng V...",2140000,0,0,0,,,SATO
273176378,Bếp từ đơn Funiki HSD8136 - Công suất 2000W - Tặng kèm nồi - Bảo hành 14 tháng - Hàng chính hãng,"ƯU ĐIỂM SẢN PHẨM: - Mặt kính được đánh bóng chống xước, chống va đập và dễ dàng vệ sinh - 10 mức điều chỉnh công suất - Hiệu suất nhiệt lên tới 90% - Chế độ nhiệt độ ổn nhiệt dao động từ 60oC ...",1550000,0,0,0,,,Funiki
186318183,Bếp điện từ Elmich ICE-3874 2100W Hàng Chính Hãng,Thông số kĩ thuậtThương hiệu:ElmichMã sản phẩm:4023874Xuất xứ:Trung QuốcTình trạng:Hàng sẵn khoBảo hành :24 tháng ( 1 đổi 1 trong 12 tháng )Thông số kỹ thuậtChất liệu mặt kính: Ceramic cường l...,1301000,134000,9,15,,111.0,Elmich
186312551,Bếp điện từ Elmich ICE-1832 2100W Hàng Chính Hãng,Thông số kỹ thuậtMàu sắc: ĐenĐiện áp: 220VAC/50-60HzCông suất: 2100WChức năng: Hẹn giờ; Khóa bàn phímMặt kính: Ceramic cường lựcCấu tạo mâm từ: Mâm từ kép đôiTrọng lượng: 3KgKích thước (Dài x Rộng x C...,1499000,0,0,0,,,Elmich
194133770,"Bếp Từ Đơn Elmich ICE-1832 (Công Suất 2100W, Điều Khiển Cảm Ứng, Mặt Kính Ceramic Cường Lực) - Hàng Chính Hãng",...,1490000,0,0,0,,2.0,Elmich
275376744,"Bếp từ đơn cảm ứng TẶNG KÈM NỒI có chức năng hẹn giờ, cài đặt thời gian nấu, truyền nhiệt tốt, tiết kiệm điện - Hàng Chính Hãng","Thông số kỹ thuật Bếp từ đơn cảm ứng TẶNG KÈM NỒI có chức năng hẹn giờ, cài đặt thời gian nấu, truyền nhiệt tốt, tiết kiệm điệnThông tin sản phẩm- Điện áp: 220~240V- Công suất: 2200W- Tr...",395000,155000,28,6,,42.0,Anh Lam Store
36860036,Bếp điện Canzy CZ 817 - Hàng chính hãng,"Đánh giá chi tiếtƯu điểm vượt trội của bếp điện CZ-817So với những dòng bếp khác, thì bếp điện Canzy CZ-817 kiểu dáng sang trọng và hiện đại hơn. Bếp được thiết kế để lắp âm thích hợp với những g...",3660000,0,0,0,,,Canzy
213894897,Bếp điện từ đa năng Nagakawa NAG0717 - Kèm nổi lẩu và vỉ nướng chuyên dụng - Hàng chính hãng,"Thiết kế nhỏ gọn, sang trọngMang thiết kế đặc biệt, bếp điện từ đơn Nagakawa NAG0717 gây ấn tượng ngay từ ánh nhìn đầu tiên. Sản phẩm có màu đen sang trọng, thiết kế tinh tế đến từng đường nét; vẻ đẹ...",1799000,1101000,38,0,,2.0,Nagakawa
271250633,BẾP GAS ĐÔI ZENNE KLS 206 MẶT BẾP INOX - HÀNG NHẬP KHẨU - NGỌN LỬA MẠNH VÀ HỘI TỤ,#bepgasdeban #bepgadeban #bepgas #bepga #bepgadoi #bepgasdoi #bepgadon #bepgasdon #bepgaduong #bepgasduong #bepgatot #bepgastot #bepganhapkhau #bepgasnhapkhau #bepgachinhhang #bepgaschinhhang #bepganh...,1980000,40000,2,0,,2.0,Zenne
7332207,Bếp Từ Đơn SATO STB-201 (Tặng Nồi Lẩu Inox) - Hàng chính hãng,"Thiết kế nhỏ gọn, công suất lớnBếp Từ Đơn Sato SBT 201 có thiết kế nhỏ gọn, linh hoạt với màu đen hoa văn bắt mắt, thích hợp cho những bữa liên hoan ấm cúng của gia đình hoặc nhu cầu nấu ăn hàng ngày...",1650000,0,0,0,,,SATO
277616020,Bếp từ đơn Sowun SW 168S - Hàng chính hãng,"Nấu ăn nhanh, gọn nhẹ, dễ dàng vệ sinh, an toàn cho người sử dụng, hiệu suất sử dụng cao… chính là những ưu điểm khiến bếp từ ngày càng được ưa chuộng. Nắm bắt được những nhu cầu của xã hội hiện đại, ...",1020000,170000,14,0,,,Sowun
259520281,Bếp đơn điện từ Iruka I-111 (2000W) - Hàng chính hãng,"Bếp Điện Từ IRUKA I-111 với nhiều chức năng mới đa dạng giúp người dùng dễ dàng nấu ăn và thao tác.Mặt Kính Cao Cấp – Hệ Thống Tản Nhiệt TốtMặt kínhBề mặt kính Ceramic cao cấpChống trầy xước, va...",2176000,814000,27,0,,2.0,Iruka
68832220,BẾP ĐÔI ĐIỆN TỪ SUNHOUSE MAMA MMB-88HL - Hàng chính hãng,Thông số kỹ thuật:Model: MMB-88HLSố vùng nấu: 2Công suất trái: 2200W (Booster)Công suất phải: 2200W (Booster)Điện áp: 220 - 240VAC / 50HzChất liệu mặt kính: Kính Ultra Vitro CeramicĐộ dày mặt kính: 4....,4580000,0,0,12,,35.0,Sunhouse
199597878,"Bếp từ đơn SATO BT027 (Tặng kèm nồi lẩu Inox) Mặt kính cường lực cao cấp chống xước, chịu nhiệt lên tới 750 °C độ bền cao và an toàn tuyệt đối- Miễn phí vận chuyển toàn quốc - Hàng chính hãng","Đặc điểm nổi bậtThiết kế đột phá, hiện đại, màu sắc trang nhã.Mặt kính cường lực Sapphire cao cấp chống xước, chịu nhiệt lên tới 750 °C độ bền cao và an toàn tuyệt đối.Bảng điều khiển phím cảm ứng...",2540000,0,0,0,,,SATO
12146028,Bếp Từ Đơn SATO STB-201 (Tặng Nồi Lẩu Inox) - Hàng chính hãng,"Thiết kế nhỏ gọn, công suất lớnBếp Từ Đơn Sato SBT-201 có thiết kế nhỏ gọn, linh hoạt với màu đen hoa văn bắt mắt, thích hợp cho những bữa liên hoan ấm cúng của gia đình hoặc nhu cầu nấu ăn hàng ngày...",1650000,0,0,0,,,SATO
274966790,Bếp điện từ đơn model KG18IC1 - Hàng chính hãng,"Bếp điện từ Kangaroo KG18IC1 được ưa chuộng tại các gia đình vì tính tiện lợi và nhiều công năng tích hợp. Bếp có công suất 1800W nấu ăn nhanh chóng, điều khiển điện tử hiện đại, kèm 8 chế độ nấu tiện...",867000,583000,40,0,,6.0,Kangaroo
199601385,"Bếp từ đơn SATO BT043 (Tặng kèm nồi lẩu Inox) - Mặt kính cường lực cao cấp chống xước, chịu nhiệt lên tới 750 °C độ bền cao và an toàn tuyệt đối - Miễn phí vận chuyển toàn quốc - Hàng chính hãng","Đặc điểm nổi bậtThiết kế đột phá, hiện đại, màu sắc trang nhã.Mặt kính cường lực cao cấp chống xước, chịu nhiệt lên tới 750 °C độ bền cao và an toàn tuyệt đối.Bảng điều khiển phím cảm ứng Tiếng Vi...",2590000,0,0,0,,,SATO
6886217,Bếp Từ Đơn SATO STB-201 (Tặng Nồi Lẩu Inox) - Hàng chính hãng,"Thiết kế nhỏ gọn, công suất lớnBếp Từ Đơn Sato STB - 201 có thiết kế nhỏ gọn, linh hoạt với màu đen hoa văn bắt mắt, thích hợp cho những bữa liên hoan ấm cúng của gia đình hoặc nhu cầu nấu ăn hàng ng...",1650000,0,0,0,,,SATO
199601021,"Bếp từ đơn SATO BT042( Tặng nồi lẩu inox) Mặt kính cường lực cao cấp chống xước, chịu nhiệt lên tới 750 °C độ bền cao và an toàn tuyệt đối - Miễn phí vận chuyển toàn quốc - Hàng chính hãng","Đặc điểm nổi bậtThiết kế đột phá, hiện đại, màu sắc trang nhã.Mặt kính cường lực Sapphire cao cấp chống xước, chịu nhiệt lên tới 750 °C độ bền cao và an toàn tuyệt đối.Bảng điều khiển phím cảm ứng...",2770000,0,0,0,,,SATO
113252107,Bếp từ đơn Eurosun EU-T197 - Hàng Chính Hãng - Tặng chảo lẩu,"Bếp từ đơn Eurosun EU-T197THÔNG TIN SẢN PHẨMMặt kính Vitro Ceramic, chịu nhiệt caoĐiều khiển dạng núm cảm biến kỹ thuật số 10 tốc độMàn hình Led hiển thị công suấtTự động tắt khi không c...",1962000,0,0,0,,,Eurosun
274966788,Bếp điện từ đơn model KG20IC3 - Hàng chính hãng,"Bếp điện từ Kangaroo KG20IC3 dẫn đầu về kiểu dáng đẹp mắt, tone trắng hiện đại được các tín đồ thời trang bếp đón nhận. Được điều khiển đồng thời bằng nút xoay cơ và cảm ứng thông minh, kèm thiết kế t...",1441000,549000,28,0,,1.0,Kangaroo
273176984,Bếp từ đơn Funiki HSD8255 - Công suất 2000W - Bảo hành 14 tháng - Hàng chính hãng,"ƯU ĐIỂM SẢN PHẨM: - Kích thước siêu mỏng- Mặt kính được đánh bóng cấp độ A chống xước, chống va đập và dễ dàng vệ sinh- Bảng mạch PCB chất lượng cao với infineon IGPT- Cuộn dây mâm từ bằng đồng n...",1930000,0,0,0,,,Funiki
277438569,Bếp từ đơn công nghiệp Tiross TS8043 (3500W) - Hàng chính hãng," là dòng bếp từ công nghiệp đơn dùng được nồi, chảo có đường kính đế từ 18cm - 35cm. Bếp không kèm nồi. TS8043 sử dụng lõi đồng 100% cùng công nghệ IGBT của Siemens giúp gia nhiệt nhanh, đun nấu nh...",2999000,0,0,0,,,Tiross
274966786,Bếp điện từ đơn model KG20IC1 - Hàng chính hãng,"Bếp điện từ Kangaroo KG20IC1 được các gia đình yêu thích vì tính tiện lợi và tích hợp đa dạng công năng. Bếp có công suất 2000W nấu ăn nhanh chóng, điều khiển trượt cảm ứng thông minh kèm 6 chế độ nấu...",1368000,522000,28,0,,3.0,Kangaroo
278229680,"Bếp từ đôi Sunhouse SHB568HL, Công suất 4000W, Mặt kính Ultra Vitro Ceramic, bo viền 4 cạnh sang trọng, chắc chắn, Chức năng nấu nhanh Booster, Bảng điều khiển Slider Control siêu nhạy, Bảo hành 3 năm tại nhà - Hàng chính hãng",Thông số kỹ thuật:Model: SHB568HLSố vùng nấu: 2Công suất trái: 2000W (Booster)Công suất phải: 2000W (Booster)Điện áp: 220 - 240VAC / 50HzChất liệu mặt kính: Kính Ultra Vitro CeramicĐộ dày mặt kính: 4....,3090000,0,0,0,,,Sunhouse
205989505,BẾP TỪ ĐÔI LORCA TA-1008 VN - HÀNG CHÍNH HÃNG,"Điện áp 220-240V / 50HzTrái: 2000W, booster 2400WPhải: 2000W, booster 2400WKích thước: 730x420 mmKích thước khoét đá: 690x390 mmQUÀ TẶNG: Bộ 4 nồi Lorca TA-5018 + Chảo 20cm Fivestar + Bộ dao...",7330000,0,0,0,,,Lorca
277942453,Bếp Từ Đơn Tân Á Đại Thành Rossi RS-1020CC01 Kèm Nồi - Hàng Chính Hãng Bảo Hành 24 Tháng,"Bếp từ đơn Rossi RS-1020CC01 – Giải pháp nấu nướng thông minh, an toàn và tiết kiệm cho mọi gia đình Đặc điểm nổi bật: TIẾT KIỆM – AN TOÀN – DỄ DÀNG SỬ DỤNGTẶNG nồi lẩu đi kèm lớn đường kính 30cm...",1039000,151000,13,0,,,Tân Á Đại Thành
277946290,Bếp Từ Đơn Tân Á Đại Thành Rossi RS-1020CE01 Kèm Nồi - Hàng Chính Hãng Bảo Hành 24 Tháng,"Bếp từ đơn Rossi RS-1020CE01 – Tối ưu trải nghiệm nấu nướng hiện đạiRossi RS-1020CE01 là dòng bếp từ đơn cao cấp được tích hợp hàng loạt công nghệ thông minh, giúp bạn nấu ăn nhanh chóng – an toàn – ...",1290000,0,0,0,,,Tân Á Đại Thành
15401213,Bếp từ Dann IB323 BK - Hàng chính hãng,+ Đặc tính sản phẩm  - 2 vùng nấu cảm ứng từ  - Bảng điều khiển độc lập từng bếp  - Tự động nhận diện đáy nồi  - 9 mức nấu trên mỗi bếp  - Booster 2 vùng nấu  - Hẹn giờ nấu  - Mặt kính: Kanger ...,7980000,0,0,0,,,Dann
4440957,Bếp Điện Từ Canzy CZ-86R - Hàng Chính Hãng,"Chi tiết sản phẩmBếp điện từ Canzy CZ 86R gồm 2 vùng nấu, 1 vùng nấu từ lớn có khả năng đun nấu siêu nhanh và tiết kiệm điện năng với công suất 2000W đạt công suất tối đa khi Booster là 2600W và 1 vù...",14980000,0,0,1,,2.0,Canzy
93882919,Bếp từ Smaragd STUTTGART,       Bếp âm   2 vùng nấu điều khiển cảm ứng   10 mức nấu ăn   Nguồn điện 220-240V~50/60Hz   Kích thước mặt 750x450mm   Kích thước âm 680x395mm   ...,4200000,0,0,0,,,Smaragd
11906978,Bếp Từ Đôi Arber AB402 - Hàng Chính Hãng,"Thiết kế sang trọng, hiện đạiBếp Từ Đôi Arber AB402 - Hàng Chính Hãng với thiết kế mặt kính cao cấp, sáng bóng, lắp đặp âm bàn, mang đến sự sang trọng cho không gian bếp. Chất liệu có khả năng chống ...",8775000,0,0,0,,,Arber
275086573,Bếp từ đôi Chefs IH20- Hàng chính hãng,"g tin sản phẩm EH-IH20 với thiết kế hiện đại kích thước nhỏ gọn, phù hợp dùng làm bếp lẩu, đun nấu cá nhân, cho gia đình ít người hoặc diện tích bếp nhỏ.Tính năng mặt kínhBếp sử dụng mặt kính ceram...",1415000,0,0,0,,,Chef's
275086583,Bếp từ đôi Chefs IH536- Hàng chính hãng,"Thông tin sản phẩmBếp từ Chef's EH-IH536 EH-IH536 nhập khẩu linh kiện từ hãng LK E.G.O - Germany - lắp ráp tại Việt Nam, bếp có kích thước 810x450x55 với 3 vùng nấu có tổng công suất đến 6800W, nấu ...",15600000,0,0,0,,,Chef's
204627445,Bếp Điện Từ Đơn Pramie PRMY-1105 - Hàng Chính Hãng,"Kích thước, khối lượng: Ngang 32 cm – Dọc 39 cm – Cao 7.7 cm – Nặng 4 kgKích thước lỗ đá: Ngang 36 cm – Dọc 29.5 cmCông suất bếp: 2000WChức năng BOOSTER công suất: 2600  ...",3485000,0,0,0,,,PRAMIE
27535565,Bếp Từ Giovani G-490 TS - Hàng chính hãng ,Bếp Từ Giovani G-490 TS là sản phẩm chính hãng cao cấp được nhập khẩu nguyên chiếc từ Ý. Dòng bếp này tuy chỉ mới ra mắt người dùng nhưng nhận được sự đón nhận vô cùng nhiệt tình. Công nghệ thông minh...,23891000,0,0,0,,,GIOVANI
5028629,Bếp Điện Từ Canzy CZ MIX833 - Hàng Chính Hãng,"TÍNH NĂNG SẢN PHẨMBếp ba: 2 từ + 1 hồng ngoạiỨng dụng công nghệ Inverter thông minh tiết kiệm 30% điện năngCấp độ điều chỉnh 9 cấp độHệ thống Auto Recognize tự nhận diện vùng nấu, tự động ngắt khikhôn...",18735000,0,0,0,,,Canzy
205741871,BẾP TỪ ĐÔI CANZY CZ 922H - HÀNG CHÍNH HÃNG,"• Bếp đôi: 2 vùng từ, sử dụng mặt kính Schott Ceran vát 1 cạnh trước, sử dụng mâm từ E.G.O Germany tiêu chuẩn đạt chất lượng EMC, CE• Sử dụng công nghệ hiện đại G5 Smart Inverter siêu tiết kiệm điện ...",19985000,0,0,0,,,Canzy
205691500,BẾP ĐIỆN TỪ EUROSUN EU-TE887G - HÀNG CHÍNH HÃNG,* Thông tin cơ bảnMã sản phẩm: EU-TE887GMade in GermanyHãng sản xuất: E.G.O. Elektro-Gerätebau GmbH GermanaiLoaị sản phẩm: Bếp TừSố bếp nấu: 1 từ + 1 hồng ngoại * ƯU ĐÃI HẤP DẪN với giá Combo: ...,14140000,0,0,0,,,Eurosun
32395788,Bếp điện từ Faster FS 713HI hàng chính hãng,Bếp 3 lò: 01 lò điện 2 lò từTiết kiệm 30% điện năng tiêu thụTổng công suất: 5300WLò phải: 2200WLò Giữa  1300WLò trái : 1800 WĐiện năng sử dụng: 220-240V/50HZKT mặt kính: 760*430mmKích thước khoét đá :...,12160000,0,0,0,,,Faster 
204430095,Bếp Điện Từ Pramie PRMY-2208 - Hàng Chính Hãng,Bếp kính âm 2 từKích thước: 730×430mmKích thước âm tủ: 680×390mmTổng công suất: 4400WBooster:3000WCác tính năng an toàn của bếp:Bảng điều khiển cảm ứng Slider với 9 mức điều chỉnh siêu mượtChức...,10965000,0,0,0,,,PRAMIE
177633476,Bếp Điện từ Canzy CZ-56RD - Hàng Chính hãng,"THÔNG TIN SẢN PHẨMBếp đôi: 1 vùng từ + 1 vùng hồng ngoại sử dụng mặt kính Platinum Ceramic vát 2 cạnh dài, bo 4 góc sang trọngSử dụng bản mạch mâm từ sản xuất theo công nghệ Châu ÂuĐiều khiển cảm ứ...",7300000,0,0,0,,,Canzy
162478225,"Bếp cồn, cồn khô, cồn thạch. Dùng nấu lẩu, thay bếp gar.","Bếp Cồn Inox được làm từ chất liệu inox bền đẹp, có tuổi thọ lâu hơn so với các loại bếp khác. Ngoài ra sau khi sử dụng có thể lau chùi, vệ sinh một cách dễ dàng, giữ được độ sáng bóng bền lâu cho bếp...",43800,25200,37,0,,,OEM
204627052,Bếp Điện Từ Pramie PRMY-2108 - Hàng Chính Hãng,Bếp kính âm 1 từ và 1 điệnKích thước: 730x430mmKích thước âm tủ: 680x390mmBoster: 3000WCác tính năng an toàn của bếp:Chức năng Booster tăng tốc nhanhĐiều khiển cảm ứng Slider 9 cấp độChức năng ...,10965000,0,0,0,,,PRAMIE
204431144,Bếp Gas Đôi Pramie PRMY-GS210 - Hàng Chính Hãng,Kích thước: 780×460mmKích thướccắt đá: 750×430mmCác tính năng an toàn của bếp:Kiềng gang đúc an toàHệ thống đánh lửa kép bằng pinChế độ Pep hầm tiết kiệm gasMặt kính cường lực bo cạnh sang trọngKh...,5015000,0,0,0,,,PRAMIE
10142476,Bếp Điện Từ KAFF KF-IH68N - Hàng chính hãng,"THÔNG SỐ KỸ THUẬT• Bếp 01 từ 01 điện• Mặt kính Schott Ceran Made in Germany siêu bền, chịu lực chịu sốc nhiệt• Đầu đốt EGO Made in Germany, bo mạch IGBT SIMENS Made in Germany• Công nghệ biến tần INV...",15900000,0,0,0,,,KAFF
276105037,"Bếp từ Toshiba IC-20S1PV, Công suất 2000W, tặng kèm nồi lẩu - Hàng chính hãng","ĐẶC ĐIỂM NỔI BẬT:* Thiết kế mặt bếp đơn giản, nhỏ gọn.* Công suất 2000W nấu nhanh chóng.* Mặt kính bằng kính Hegon (Đức) chịu lực 150kg, chịu nhiệt 600 độ C* Điều khiển cảm ứng bằng tiếng Việt, dễ dàn...",1469000,421000,22,0,,3.0,Toshiba
276553819,Bếp từ đơn Arber AB268A hàng chính hãng,"Tính năng sản phẩmBếp từ đơn AB268AMặt kính ceramic chịu nhiệtMâm từ kép đường kính 20cmMâm từ tự động nhận biết kích cỡ xoong nồi.Chức năng hẹn giờ, chế độ xào rán.Điều khiển công suất / nhiệt ...",1090000,0,0,0,,,Arber
276173592,Dụng cụ bếp hiện đại,Chất liệu: Inox hộpBề mặt: inoxMàu sắc: inoxPhụ kiện: Chưa bao gồm thanh treo bằng nhôm ...,890000,0,0,0,,,GARIS
215842286,Bếp điện từ Bluestone ICB-6619 - Hàng chính hãng,Bếp điện từ Bluestone ICB-6619Chất liệu mặt bếp kính Ceramic cao cấpBộ điều khiển cảm ứng có thanh trượt8 chế độ nấu ăn được cài đặt sẵnHẹn giờ nấuBảo vệ quá nhiệtQuạt tản nhiệt kích ...,1149000,400000,26,0,,,Bluestone
273183254,"[Mẫu mới] Bếp điện từ đơn đặt âm, dương BENNIX 188iH công suất lớn 2200W HÀNG CHÍNH HÃNG","Mô tả sản phẩmBếp Điện Từ Cao Cấp, Bếp Từ Âm Đơn Bennix Thiết Kế Tinh Xảo, Mặt Bếp Ceramic Bền Đẹp, Sáng Bóng, Dễ Vệ Sinh, Công Suất 2200W Đa Chức Năng Nấu, Điều Khiển Cảm Ứng Hiện Đại, Dễ Quan Sát V...",1450000,0,0,0,,,Bennix
11906932,Bếp Từ Đôi Arber AB-383 (Hàng Chính Hãng),"Thiết kế sang trọng, hiện đạiBếp Từ Đôi Arber AB-384 - Hàng Chính Hãng với thiết kế mặt kính cao cấp, sáng bóng, lắp đặp âm bàn, mang đến sự sang trọng cho không gian bếp. Chất liệu có khả năng chống...",8500000,0,0,0,,,Arber
112074239,Bếp điện từ đơn công nghiệp KL671,"Bếp từ đơn công nghiệp KL671 là thiết bị nấu nướng chuyên dụng, được thiết kế để đáp ứng nhu cầu của các nhà hàng, quán ăn và cơ sở chế biến thực phẩm quy mô lớn. Với công suất mạnh mẽ, độ bền vượt tr...",2650000,0,0,25,,100.0,Keplercook
215842079,Bếp điện từ Bluestone ICB-6610 - Hàng chính hãng,"Bếp điện từ Bluestone ICB-6610Thiết kế gọn đẹp, nổi bậtMặt bếp bằng kính Ceramic cao cấp loại ACông suất 2000WĐiều khiển nút bấm cơ, dễ sử dụng và thao tác6 chế độ nấu được cài đặt sẵn...",1299000,0,0,0,,,Bluestone
263455262,Bếp Ga Công Nghiệp Khè 1 Lò Windo / Bếp Khè 1 Họng lửa / Bếp Công Nghiệp - Hàng Chính Hãng,MÔ TẢ CHI TIẾT: -Mô Tả Sản PhẩmTHÔNG SỐ KỸ THUẬT:Tên sản phẩm: Combo Bếp ga công nghiệp Windo lửa khè 1 lò + 1 van ga cao áp Windo + 2m dây ga thái công nghiệp + 2 cổ dê đai thépLoại sản phẩm...,699000,0,0,0,,1.0,WINDO
273186302,Bếp 3 Từ Tomate TOM 03I-8G LUX. Hàng Chính Hãng,"Bếp từ TOM 03I-8G LUX với thiết kế mặt bếp sang trọng (Fine Art Print)  bới công ty SCHOTT AG (CHLB Đức)Mặt kính: SCHOTT CERAN (Đức), là  loại kính gốm ceramic  bền và chống va đập tốt.Vát cạnh sang...",19630000,0,0,0,,,Tomate
278690730,Bếp Từ Công Nghiệp Kocher CI-5000W - Hàng Chính Hãng,THÔNG SỐ KỸ THUẬT:Điện áp: 220-240VKích thước sản phẩm: 472*380*128 (mm) [Rộng x Sâu x Cao]Kích thước mặt kính: 300*300 (mm)Công suất: 5000WTần số: 50-60hzNhiệt độ môi trường hoạt động: 10~40°C...,6000000,0,0,0,,,Kocher
178305712,Bếp Từ Đơn Eurosun EU-T185S - Hàng Chính Hãng ,"Mặt kính cường lực chịu nhiệt cao, chống xướcMàn hình LED hiển thị công suất và nhiệt độĐiều khiển cảm ứng 10 mức gia nhiệtHẹn giờ 0 -24 giờChức năng tự động tắt bếp khi xoong nồi rời vùng nấuKiể...",1650000,0,0,0,,1.0,Eurosun
16565643,Bếp Điện Từ Đơn Steba IK65 Slim (2000W) - Hàng Chính Hãng,Thiết kế phù hợp lắp nổi hoặc lắp âmĐây là một mẫu bếp từ đơn hiện đại nhất khi mà vừa có thể đặt nổi lên trên bàn bếp lại vừa có thể đặt chìm (dạng âm) dưới bàn bếp.Mặc dù có một vùng nấu nhưng diệ...,3190000,0,0,0,,,Steba
273562275,Bếp gas dương Rinnai RV-460(S) mặt bếp inox và kiềng bếp men - Hàng chính hãng.,Bếp gas dương Rinnai RV-460(S) mặt bếp inox và kiềng bếp men - Hàng chính hãng. THÔNG TIN CHI TIẾT SẢN PHẨMBếp gas Rinnai RV-460(S) là mẫu bếp gas đến từ thương hiệu Rinnai - Thương hiệu số 1 Nhật ...,1287000,0,0,0,,,Rinnai
204450794,Bếp Điện Từ Pramie PRTH-2101 - Hàng Chính Hãng,p>Bếp kính âm gồm 1 từ và 1 điệnKích thước mặt bếp: 730x430mmKích thước khoét đá: 708x398mmTổng công suất: 4400WBếp được tích hợp nhiều tính năng ưu việt giúp việc đun nấu nhanh chóng và an toà...,14025000,0,0,0,,,PRAMIE
276555807,Bếp từ đơn Arber AB268A Hàng chính hãng,"Tính năng sản phẩmBếp từ đơn AB268AMặt kính ceramic chịu nhiệtMâm từ kép đường kính 20cmMâm từ tự động nhận biết kích cỡ xoong nồi.Chức năng hẹn giờ, chế độ xào rán.Điều khiển công suất / nhiệt ...",1080000,0,0,0,,,Arber
32787319,Bếp từ đơn Arber AB268- Hàng Chính Hãng,"Mặt kính ceramic chịu nhiệtMâm từ đường kính 22cmMâm từ tự động nhận biết kích cỡ xoong nồi.Chức năng hẹn giời, chế độ xào ráĐiều khiển công suất / nhiệt độBàn phím nhấn siêu nhạy cả khi tay ướt...",1100000,0,0,0,,,Arber
118288110,Bếp Gas Canzy CZ 268 Caro - Hàng Chính Hãng,"TÍNH NĂNG SẢN PHẨM  Bếp Gas âm: 2 lò  Hệ thống chia lửa bằng đồng  mạ crom chất lượng cao  Pép hầm bằng đồng, tiết kiệm Gas Kiềng gang đúc an toàn siêu bền Cảm ứng ngắt gas nhiệt + điện tự động, ...",5600000,0,0,0,,,Canzy
93882901,Bếp từ Smaragd 3 từ DORTMUND,       Bếp âm   3 vùng nấu điều khiển cảm ứng   10 mức nấu ăn   Nguồn điện 220-240V~50/60Hz   Kích thước mặt 590x520mm   Kích thước âm 560x490mm   ...,5590000,0,0,0,,1.0,Smaragd
201792264,Bếp Điện Từ Kaff KF-HGEM919 - Hàng Chính Hãng ,"THÔNG SỐ KỸ THUẬT• Bếp đa điểm 04 từ• Mặt kính Schott Ceran Made in Germany siêu bền, chịu lực chịu sốc nhiệt• Bo mạch EGO Made in Germany• Đầu đốt EGO Made in Germany• Công nghệ biến tần INVERTER ti...",30800000,0,0,0,,,KAFF
177350609,Bếp Gas Canzy CZ 118 - Hàng Chính Hãng,"TÍNH NĂNG SẢN PHẨMBếp gas âm; 2 lòHệ thống chia lửa Horisun chất lượng caoPép hầm bằng đồng, tiết kiệm gasKiềng gang đúc an toàn siêu bềnCảm ứng ngắt gas nhiệt + điện tự động, an toànMặt kính dà...",6225000,0,0,0,,,Canzy
274327410,Bếp ấm của mẹ,"“Bếp Ấm Của Mẹ” không chỉ lưu giữ những món ăn, những câu chuyện về một thời khó quên của lịch sử. Nó còn là tâm nguyện của bà Đỗ Phương Thảo, người con gái Phố Hiến và Kẻ Chợ, với trách nhiệm giữ gìn...",98000,22000,18,1,,18.0,
278690007,Bếp Từ Kocher DI-688SE - Hàng Chính Hãng,TÍNH NĂNG SẢN PHẨM: + Mặt kính Keramik vát cạnh bo viền Aluminum+ IGBT hãng Siemens Germany+ Điều khiển 2 phím Slider với 9 mức công suất+ Chức năng tăng tốc khi đun nấu BOOSTER+ Chức năng chiên ...,10600000,0,0,0,,,Kocher
276313910,Bếp từ đơn Arber AB301A Hàng chính hãng,"Tính năng sản phẩmBếp từ đơn  AB301AMặt kính ceramic chịu nhiệtMâm từ đường kính 20cm Chức năng hẹn giờ, chế độ xào rán.Điều khiển công suất / nhiệt độBàn phím nhấn siêu nhạy cả khi tay ướtTặn...",930000,0,0,0,,,Arber
802051,Dao Bếp KN01-BCI Benchusch,"Thiết kế hiện đạiDao Bếp KN01-BCI Benchusch có thiết kế hiện đại và đạt chuẩn về chiều dài, độ dày và bản dao to. Dao bếp phù hợp với hầu hết các mục đích sử dụng khác nhau như thái rau, gọt hoa quả,...",629000,501000,44,43,,146.0,Benchusch
70892222,BẾP ĐIỆN TỪ KAFF KF-314ID - Hàng Chính Hãng,"THÔNG SỐ KĨ THUẬT+ Bếp 02 từ – Xuất Xứ: Made In Malaysia+ Mặt kính Germany Index siêu bền, chịu lực, chịu sốc nhiệt, có khả năng chống trầy xước cao+ Đầu đốt EGO Made in Germany+ Chức năng Boo...",11000000,0,0,0,,,KAFF
177633759,Bếp Điện Từ Canzy CZ-56R - Hàng Chính Hãng,"THÔNG TIN SẢN PHẨMBếp đôi: 2 vùng từ, sử dụng mặt kính Platinum Ceramic vát 2 cạnh dài, bo 4 góc sang trọngSử dụng bản mạch mâm từ sản xuất theo công nghệ Châu ÂuĐiều khiển cảm ứng trượt Slider 9 m...",7985000,0,0,0,,,Canzy
278689983,Bếp Từ Kocher DI-332PRO - Hàng Chính Hãng,"TÍNH NĂNG SẢN PHẨM:Mặt kính Keramik vát 4 cạnh, bo viền Aluminum. Điều khiển 2 phím Slider với 9 mức công suất. Hẹn giờ độc lập cho 2 vùng nấu, thời gian lên tới 120 phút.Vùng nấu thông minh tự nh...",13200000,0,0,0,,,Kocher
177727960,Bếp Điện Từ Canzy CZ 67GHP - Hàng Chính Hãng,"THÔNG TIN SẢN PHẨMBếp ba: 2 vùng từ + 1 hồng ngoại, sử dụng mặt kính Vitro Ceramic vát 4 cạnh bo góc sang trọngSử dụng bản mạch mâm từ Tích hợp công nghệ hiện đại Smart Inverter siêu tiết kiệm điện...",15984000,0,0,0,,,Canzy
275585012,BẾP TỪ ĐƠN LORCA TA-1017 PLUS. Hàng Chính Hãng,"Bếp từ đơn Mặt kính Kanger chịu nhiệtĐiều khiển bằng bàn phím cảm ứng,hiển thị thời gian điện tửCông suất 2000W Tiết kiệm 25% điện năngChức năng khóa trẻ em Chức năng hẹn giờ tắtTHÔNG SỐ KỸ THUẬT...",1800000,0,0,0,,,Lorca
178100780,Bếp Điện từ Faster FS 713I Plus - Hàng Chính Hãng,"Bếp 03 lò: 03 lò từTính năng hẹn giờ, khóa trẻ em, chống trànTiết kiệm 30% điện năng tiêu thụTổng công suất: 5500WLò trái: 2000W; booster 2300WLò giữa: 1500W; booster 1800WLò phải: 2000W; booste...",12400000,0,0,0,,,Faster 
204450202,Bếp Điện Từ Pramie PRTH-2022 - Hàng Chính Hãng,Bếp kính âm 2 từKích thước: 750×450mmKích thước âm tủ: 680×382mmTổng công suất: 4400WBooster:3000WCác tính năng an toàn của bếp:Mặt kính: K+Bảng điều khiển cảm ứng Slider với 9 mức điều chỉnh s...,9265000,0,0,0,,,PRAMIE
32926419,Bếp điện từ Bauer BE-32SES- Hàng chính hãng,"Bếp điện từ Malaysia Bauer BE32SES sử dụng mặt kính Vitro Ceramic(Kanger) với ưu điểm sáng bóng, chịu lực, chịu nhiệt và có độ chống trầy xước cao, giúp tăng độ bền và thẩm mỹ cho bếp cũng như dễ dàng...",7750000,0,0,0,,,Bauer
273168660,Tủ bếp Powry Japan 1260L," *** Mô tả sản phẩm: + Sản phẩm đạt chất lượng an toàn sức khoẻ theo tiêu chuẩn Nhật Bản theo tiêu chuẩn E1.(Tiêu chuẩn E1 là lượng keo Formaldehyde chỉ chiếm 0.005%. Không gây mùi khó chịu, đâu...",3124000,0,0,0,,2.0,SATO
1321375,Bếp Nướng Landmann CK350 - Đen,"Thiết kế đơn giản, hiện đạiBếp Nướng Landmann CK350 có kiểu dáng hiện đại với gam màu đen đơn giản mà không kém phần sang trọng. Rất thích hợp dùng cho nhà hàng, khách sạn, nhà có sân trời, phục vụ c...",1849000,0,0,0,,,Landmann
177652695,Bếp Điện Từ Canzy CZ 970 Plus - Hàng Chính Hãng,"THÔNG TIN SẢN PHẨMBếp ba: 2 vùng từ + 1 vùng hồng ngoại, sử dụng mặt kính Schott Ceran vát 2 cạnh bo góc sử dụng mâm từ, mâm nhiệt E.G.O Germany tiêu chuẩn đạt chất lượng EMC, CESử dụng công nghệ hi...",19025000,0,0,0,,,Canzy
178102334,Bếp Điện Từ Faster FS 788HI - Hàng Chính Hãng,Bếp 2 lò: 01 lò điện 2 vòng và 01 lò từTiết kiệm 30% điện năng tiêu thụTổng công Suất:4600WLò trái: 800W- 2300WLò phải: booster 2300WĐiện năng sử dụng: 220-240V/50HZkích thước mặt kính: 710*410m...,10000000,0,0,0,,,Faster 
264021963,Bếp Điện Từ Kaff KF-HID7348II - Hàng chính hãng, • Bếp 02 từ• Mặt kính Schott Ceran Made in Germany• Bo mạch EGO Made in Germany• Đầu đốt EGO Made in Germany• Công nghệ biến tần INVERTER tiết kiệm 40% điện năng• Bàn phím điều khiển dạng ẩn• Chức nă...,18800000,0,0,0,,,KAFF
205729553,BẾP ĐIỆN TỪ CANZY CZ 970 PLUS - HÀNG CHÍNH HÃNG,"• Bếp ba: 2 vùng từ + 1 vùng hồng ngoại, sử dụng mặt kính Schott Ceran vát 2 cạnh bo góc Sử dụng mâm từ, mâm nhiệt E.G.O Germany tiêu chuẩn đạt chất lượng EMC, CE• Sử dụng công nghệ hiện đại B4 Smart...",19025000,0,0,0,,,Canzy
12467228,Bếp Điện Từ Arber AB - 221S - Hàng chính hãng,Đặc điểm nổi bậtGiữa một thị trường đa dạng các thương hiệu bếp điện từ như hiện nay thì việc lựa chọn một thương hiệu bếp điện từ có giá thành hợp lý m&agra...,8190000,0,0,0,,,Arber
205744373,BẾP ĐIỆN TỪ CANZY CZ 907GIM - HÀNG CHÍNH HÃNG,"• Bếp đôi: 1 vùng từ + 1 vùng hồng ngoại, sử dụng mặt kính Schott Ceran vát 4 cạnh bo góc sang trọng• Sử dụng mâm từ E.G.O Germany tiêu chuẩn chất lượng EMC, CE• Sử dụng công nghệ Adasil siêu tiết k...",15985000,0,0,0,,,Canzy
275108609,Bếp Từ Eurosun EU-T185S - Hàng chính hãng,"Thông tin sản phẩm EU-T185S EU-T185S là dòng bếp đơn phổ biến đáp ứng được nhu cầu nấu nướng và có thể di chuyển linh hoạt. Tốc độ lên nhiệt nhanh, bền khỏe là những ưu điểm nổi bật được yêu ...",1395000,0,0,0,,,Eurosun
275592321,[CỬA HÀNG CHÍNH HÃNG] Bếp từ công nghiệp đơn 30KW xào trực tiếp Fushimavina," CHÀO MỪNG QUÝ KHÁCH ĐẾN FUSHIMA CHÍNH HÃNG! Fushimavina chuyên cung cấp các thiết bị lạnh công nghiệp cho các mô hình kinh doanh nhà hàng, khách sạn, quán cafe, tiệm trà sữa, quầy bar, căng tin, trườ...",47300000,0,0,0,,,Fushimavina 
276611912,BẾP TỪ KOCHER DI-339PRO - Hàng Chính Hãng,"Đặc điểm mặt kính:+ Mặt kính Keramik vát cạnh, bo viền Aluminum+ Thiết kế mặt kính liền nguyên khối, bo viền Aluminum sang trọng, tinh tế..+ Khó bám bẩn, dể dàng vệ sinh sau khi sử dụng.Chức năng ...",14000000,0,0,0,,,Kocher
178102628,Bếp Điện Từ Faster FS 298HI - Hàng Chính Hãng,Bếp 02 lò: 01 lò điện 2 vòng và 01 lò từTiết kiệm 30% điện năng tiêu thụTổng công suất: 4000WLò trái: 2000WLò phải: 2000WĐiện năng sử dụng: 220-240V/50HzKích thước mặt kính: 710x410 mmKích thướ...,8790000,0,0,0,,,Faster 
177650070,Bếp Điện Từ Canzy CZ 595LUXURY - Hàng Chính Hãng,"THÔNG TIN SẢN PHẨMBếp ba: 3 vùng từ, sử dụng mặt kính Schott Ceran vát 2 cạnh bo góc sử dụng mâm từ E.G.O Germany tiêu chuẩn đạt chất lượng EMC, CESử dụng công nghệ hiện đại B4 Smart Inverter siêu t...",17670000,0,0,0,,,Canzy
205767721,BẾP ĐIỆN TỪ CANZY CZ MIX833 - HÀNG CHÍNH HÃNG,"• Bếp đôi: 2 từ + 1 hồng ngoại, sử dụng mặt kính Schott Ceran vát 4 cạnh bo góc sang trọng• Sử dụng bản mạch mâm từ Made in Spain• Sử dụng công nghệ hiện đại Smart Inverter siêu tiết kiệm điện năng ...",18735000,0,0,0,,,Canzy
276448854,Bếp điện từ đơn Elmich ICE 8878PG - Hàng chính hãng,  ...,1615000,834000,34,1,,3.0,Elmich
118114742,Bếp Điện Từ Canzy CZ-TL67GB - Hàng Chính Hãng,TÍNH NĂNG SẢN PHẨMBếp ba: 2 từ + 1 hồng ngoạiCông nghệ biến tần Inverter tiết kiệm 30% điện năngTính năng nấu cơm thông minhTính năng tạm dừng khi nấu PauseTính năng rã đông: 50-60oCTính năng ủ ...,15985000,0,0,0,,,Canzy
126233873,Bếp từ Dann DS-IB888 SP - Hàng chính hãng,BẾP TỪ DANN DS-IB888SP ĐIỀU KHIỂN CẢM ỨNG TRƯỢT HAI VÙNG NẤU TỪ+ Bếp từ DANN DS-IB888SP Select Control: điểu khiển cảm ứng dạng trượt Sliding control hiện đại+ Hai vùng nấu cảm ứng điện từ với chức ...,19980000,0,0,0,,,Dann
118288201,Bếp Gas Canzy CZ EB688 - Hàng Chính Hãng,"TÍNH NĂNG SẢN PHẨMBếp Gas âm: 2 lòHệ thống chia lửa bằng Inox chịu nhiệt và hợp kimHệ thống lửa xoáy tối ưu nhiệt lượng tỏa ra ngoàiPép hầm bằng đồng, tiết kiệm gasKiềng gang đúc an toàn siêu bền...",4350000,0,0,0,,,Canzy
275599121,[CỬA HÀNG CHÍNH HÃNG] Bếp từ công nghiệp đơn 12KW liền chảo Viner," CHÀO MỪNG QUÝ KHÁCH ĐẾN VINER CHÍNH HÃNG! Viner chuyên cung cấp các thiết bị lạnh công nghiệp cho các mô hình kinh doanh nhà hàng, khách sạn, quán cafe, tiệm trà sữa, quầy bar, căng tin, trường học, ...",31900000,0,0,0,,,VinER
276074107,Bếp từ Koreno Thái Lan KN-865 công suất 2200W Inverter kèm nồi lẩu hàng chính hãng bảo hành 12 tháng,Bếp từ Koreno Thái Lan KN-865 công suất 2200W Inverter kèm nồi lẩuSản phẩm: Bếp điện từ đơn Koreno Thái Lan KN-865Model: KN-865Thương hiệu: Koreno Thái LanCông suất siêu lớn: 2200WĐiện áp: 220V ~...,1150000,0,0,0,,,KORENO
177620775,Bếp Điện Từ Canzy CZ-54MG - Hàng Chính Hãng ,"THÔNG TIN SẢN PHẨMBếp đôi: 1 vùng từ + 1 vùng hồng ngoại sử dụng mặt kính Platinum Ceramic vát 4 cạnh bo viền nhôm sáng bóng, bo 4 góc sang trọng Sử dụng bản mạch mâm từ sản xuất theo công nghệ Châu...",9735000,0,0,0,,,Canzy
204430652,Bếp Điện Từ Pramie PRMY-2205 - Hàng Chính Hãng,Bếp kính âm 2 từKích thước mặt kính: 730×430mmKích thước âm tủ: 680×390mmTổng công suất: 4400WBooster: 3000WCác tính năng an toàn của bếp:Sử dụng kính cường lực SCHOTT Ceran của GermanyBảng điề...,13515000,0,0,0,,,PRAMIE
273643820,"Bếp Nướng Cồn Inox Cao Cấp, Bếp Nướng Lẩu Du Lịch Thanh Gạt Nhẹ Nhàng ","Bếp Cồn Inox được làm từ chất liệu inox bền đẹp, có tuổi thọ lâu hơn so với các loại bếp khác. Ngoài ra sau khi sử dụng có thể lau chùi, vệ sinh một cách dễ dàng, giữ được độ sáng bóng bền lâu cho bếp...",43800,25200,37,0,,,fofaHome
206001773,BẾP TỪ ĐƠN LORCA TA-1017 PLUS - HÀNG CHÍNH HÃNG,Điện áp 220-240V / 50HzTổng công suất 2000WKích thước: 370X290 MM...,1800000,0,0,0,,,Lorca
204430491,Bếp Từ Đơn Pramie PRMY-1108 - Hàng Chính Hãng,Kich thước mặt kính: 390*320mmKích thước âm tủ: 365*300mmCông suất bếp: 2000WChức năng BOOSTER công suất: 2600W  ...,3485000,0,0,0,,,PRAMIE
275230503,Bếp Gas Công Nghiệp Hầm WINDO - 200C | Bếp chuyên hầm | Tiết kiệm gas- Hàng Chính Hãng, BẾP GAS CÔNG NGHIỆP HẦM WINDO - 200C  MÔ TẢ CHI TIẾT:️ Thương hiệu: WINDO️ Hệ thống đánh lửa: Manegto️ Số vòng chia lửa: 2 vòng lửa️ Chất liệu bếp: Gang đúc nguyên khối️ Kích thước (mm): D 520...,549000,0,0,0,,,WINDO
7208947,Bếp Điện Từ KAFF KF-IC3801 - Hàng chính hãng,"Chất liệu cao cấp, bền bỉBếp Điện Từ KAFF KF-IC3801 được trang bị bo mạch chủ IGBT cao cấp sản xuất tại Siemen và có mặt kính Crystal không những siêu bền, có khả năng chịu lực, chịu sốc nhiệt cao mà...",10800000,0,0,1,,3.0,KAFF
273971741,Bếp Từ Đơn Medion MD 18490 Hàng chính hãng,"Mô tả Liên HệChuẩn bị một bữa ăn với bếp điện truyền thống thường mất rất nhiều thời gian. Hãy biến việc nấu nướng lại trở thành thú vui với Bếp Từ Đơn Medion MD 18490. Nhờ cảm ứng từ, bế...",2090000,0,0,0,,,Medion
272638843,"Bếp Điện Từ Toshiba IC-20S2PV - Cảm ứng, tặng Nồi Lẩu Inox cao cấp, 4 chế độ nấu - Hàng chính hãng, bảo hành 12 tháng","Thiết kế nhỏ gọn, sang trọng, nổi bật, thuận tiện để đặt ở những không gian bếp hạn chế hay bàn ăn.Chịu lực (150kg) | Chịu nhiệt (600°C)Điều khiển cảm ứng, trực tiếpMâm nhiệt cao cấp, hiệu su...",1369000,321000,19,0,,,Toshiba
273187132,Bếp 4 Từ Tomate TOM 04IP. Hàng Chính Hãng,"1. CHI TIẾT SẢN PHẨMThiết kế mặt bếp sang trọng kích thước 77cm x 51cm04 vùng nấu từ kích thước 2x21cm + 2x15cmĐiều khiển kỹ thuật số, 9 mức công suất +booster Hệ thống điều khiển cảm ứng “Touch”Tinh ...",18800000,0,0,0,,,Tomate
275841032,Bếp từ đơn MiFa VA11 cống suất 3000W Đun Liu Riu - Hàng Chính Hãng,BẾP CHẠY PHIÊN BẢN MỚI: Nhấn giữ 3s để mở nguồn THÔNG SỐ KỸ THUẬTKích thước mặt kính                    380x310mmKích thước khoét đá  355x285mm(thích hợp để nổi và cả đặt âm)Trọng lượng  4.5kgTổng ...,1900000,0,0,0,,,MiFa
23053656,Bếp Điện Từ Philips HD4911 + Nồi Lẩu - Hàng nhập khẩu,"Mô tả sản phẩm5 chế độ nấu tự độngBếp có các chế độ nấu là chiên, nấu lẩu, đun nước, hấp, nướng, bạn chọn một trong các chế độ này để chế biến món ăn giúp bữa ăn của gia đình bạn thêm phong phú, hấ...",1679000,0,0,13,,48.0,Philips
2588079,Bếp từ Kaff KF-073II - Hàng chính hãng,"Thông số kỹ thuật+ Bếp 02 từ+ Mặt kính crystal siêu bền, chịu lực chịu sốc nhiệt+ 09 dải công suất+ Điều khiển cảm ứng độc lập dạng ẩn trực tiếp trên mặt bếp+ Bo mạch IGBT Siemen+ Chế độ hẹn giờ...",7100000,0,0,0,,,KAFF
67806696,Bếp Từ Canzy CZ 1077 - Hàng chính hãng,"Bếp từ đơn: 1 từCấp độ điều chỉnh 9 cấp độChức năng nấu súpChức năng hấpChức năng đun nước pha cafeChức năng chiên ránChức năng nẩuChức năng hâm sữa,Chức năng nấu cơmChức năng nướngTự nhận diện vùng n...",2215000,0,0,0,,,Canzy
273020849,Bếp Từ Đôi Faster FS 223DI. Hàng Chính Hãng,Bếp Domino : 02 lò từTiết kiệm 30% điện năng tiêu thụTổng công suất: 3800WLò trên: 1800W booster 2000WLò dưới: 1200W booster 1800WĐiện năng sử dụng: 140V-270V/50HzKT mặt kính: 510x300mmKT khoé...,7560000,0,0,0,,,Faster 
276610999,BẾP TỪ KAFF KF-IH201II. Hàng Chính Hãng,"• Bếp 02 từ.• Mặt kính Schott Ceran Made in Germany siêu bền, chịu lực chịu sốc nhiệt• Bo mạch EGO Made in Germany• Đầu đốt EGO Made in Germany• Công nghệ biến tần INVERTER tiết kiệm 40% điện năng...",16500000,0,0,0,,,KAFF
278689946,Bếp Từ Kocher DI-338SE - Hàng Chính Hãng,Thông số kỹ thuật:Bếp từ 2 vùng nấuMặt kính Keramik vát 4 cạnhĐiều khiển 2 phím SliderXuất xứ: Hàn QuốcBảo hành: 2 nămĐiện áp 220V/50HzTrái 2000W/Booster 2200WPhải 2000W/Booster 2200WKích th...,13400000,0,0,0,,,Kocher
278689877,Bếp Từ Kocher DI-330PLUS - Hàng Chính Hãng,THÔNG SỐ KỸ THUẬT:– Điện áp 220V/50Hz– Trái 2000W/Booster 2300W– Phải 2000W/Booster 2300W– Kích thước (dài x rộng x cao): 750x430x60mm– Kích thước khoét lỗ: 695x395mmTÍNH NĂNG SẢN PHẨM:Mặt kính...,11700000,0,0,0,,,Kocher
67806742,Bếp Điện Từ Canzy CZ 1088IH - hàng chính hãng,"TÍNH NĂNG SẢN PHẨMBếp đơn âm: 1 hồng ngoạiCấp độ điều chỉnh 9 cấp độChức năng hâm sữaChức năng đun nướcChức năng nướngChức năng lẩuChức năng hấpChức năng chiênTự nhận diện vùng nấu, tự động tắt bếp kh...",2985000,0,0,0,,,Canzy
275591967,[CỬA HÀNG CHÍNH HÃNG] Bếp từ công nghiệp đơn 20KW xào trực tiếp Fushimavina," CHÀO MỪNG QUÝ KHÁCH ĐẾN FUSHIMA CHÍNH HÃNG! Fushimavina chuyên cung cấp các thiết bị lạnh công nghiệp cho các mô hình kinh doanh nhà hàng, khách sạn, quán cafe, tiệm trà sữa, quầy bar, căng tin, trườ...",36300000,0,0,0,,,Fushimavina 
275737258,[CỬA HÀNG CHÍNH HÃNG] Bếp từ công nghiệp đơn 12KW Fushimavina (Loại liền chảo)," CHÀO MỪNG QUÝ KHÁCH ĐẾN FUSHIMA CHÍNH HÃNG! Fushimavina chuyên cung cấp các thiết bị lạnh công nghiệp cho các mô hình kinh doanh nhà hàng, khách sạn, quán cafe, tiệm trà sữa, quầy bar, căng tin, trườ...",31900000,0,0,0,,,Fushimavina 
11906938,Bếp Từ Đôi Arber AB390 -  Hàng Chính Hãng,"Thiết kế sang trọng, hiện đạiBếp Từ Đôi Arber AB390 - Hàng Chính Hãng với thiết kế mặt kính cao cấp, sáng bóng, lắp đặp âm bàn, mang đến sự sang trọng cho không gian bếp. Chất liệu có khả năng chống ...",3590000,0,0,0,,,Arber
278690220,Bếp Từ kocher DI-222 Hàng Chính Hãng,"TÍNH NĂNG SẢN PHẨM: + Mặt kính Keramik vát cạnh cao cấp.+ IGBT TRINNO chất lượng cao, đáp ứng ổn định nhu cầu sử dụng hằng ngày.+ Điều khiển 2 phím Slider với 9 mức công suất.+ Chức năng tăng tốc ...",8300000,0,0,0,,,Kocher
25078023,Bếp nướng than hoa vuông,"Bếp nướng than hoa vuông cao cấp cho gia đình bạn thưởng thức những món nướng thơm ngon và nóng hổi một cách dễ dàng, nhanh chóng và tiện lợi.Sản phẩm có thể tháo lắp và gắn các bộ phận của bếp với n...",98000,0,0,2,,11.0,OEM
118109271,Bếp Điện Từ Canzy CZ-65B - Hàng Chính Hãng,Loại sản phẩm: Bếp điệnMặt bếp: Vittro ceramicChế độ hẹn giờChế độ cảm ứng chống trànHệ thống khoá an toànChức năng BoosterBộ điều nhiệt cho mọi bếpChức năng tự nhận diện vùng nấuNguồn điện: 2...,9750000,0,0,0,,,Canzy
275737338,[CỬA HÀNG CHÍNH HÃNG] Bếp từ công nghiệp đơn 15KW Fushimavina (Loại liền chảo)," CHÀO MỪNG QUÝ KHÁCH ĐẾN FUSHIMA CHÍNH HÃNG! Fushimavina chuyên cung cấp các thiết bị lạnh công nghiệp cho các mô hình kinh doanh nhà hàng, khách sạn, quán cafe, tiệm trà sữa, quầy bar, căng tin, trườ...",34650000,0,0,0,,,Fushimavina 
134282926,Bếp Cồn Inox Nấu Lẩu Bếp Cồn Inox Bếp Cồn Đốt Cồn Nhanh Tiết Kiệm,       An Toàn:Không gây nổ như bếp Gas   Tiết Kiệm:Thời gian đốt 1 kg cồn khoảng: (5h nếu lửa tối đa suốt quá trình cháy – 20h nếu để lửa nhỏ nhất ngay từ đầu nhưng nước vẫn được đun sôi – tương...,43800,25200,37,0,,,OEM
3580841,Bếp Điện Từ Faster FS 712HI - Hàng Chính Hãng,"Chi tiết sản phẩmThiết kế thanh lịch, sang trọng: Bếp điện từ nhập khẩu Malaysia FS 712HI là dòng bếp điện từ đôi với 2 vùng nấu riêng biệt: Vùng nấu điện (hồng ngoại) và vùng nấu từ, thiết kế thanh ...",11120000,0,0,0,,,Faster 
93882882,Bếp từ Cata ISB 603 BK,       THÔNG SỐ KỸ THUẬT   Vùng điều khiển đặt trước vùng nấu   Sửa lỗi nhanh ( quick-fix System)   Độ rộng khe gió 5mm   Loại bảng điều khiển: Cảm ứng dạng nhiệt   Chế độ chống trào   Hiển ...,11350000,0,0,0,,,CATA
67805386,Bếp Điện Từ CANZY CZ200GS - Hàng chính hãng,"TÍNH NĂNG SẢN PHẨMBếp đôi: 1 từ + 1 hồng ngoạiỨng dụng công nghệ Inverter thông minh tiết kiệm 30% điện năngCấp độ điều chỉnh 9 cấp độChức năng trống tràn, tự động ngắt, tự nhận diện vùng nấuHẹn giờ, ...",6750000,0,0,0,,,Canzy
273187526,Bếp 3 Từ Tomate TOM 03IR. Hàng Chính Hãng,"1. CHI TIẾT SẢN PHẨMBếp điện từ TOM 03IR có thiết kế mặt bếp sang trọng, bề mặt bếp rộng rãi, kích thước bếp 810×450 mmGồm 03 vùng nấu: 02 vùng từ & 01 vùng điện 02 vòng nấuMặt kính: SCHOTT CERAN ...",19480000,0,0,0,,,Tomate
166532900,Bếp Cồn Inox Nấu Lẩu Bếp Cồn Inox Bếp Cồn Đốt Cồn Nhanh Tiết Kiệm,       An Toàn:Không gây nổ như bếp Gas   Tiết Kiệm:Thời gian đốt 1 kg cồn khoảng: (5h nếu lửa tối đa suốt quá trình cháy – 20h nếu để lửa nhỏ nhất ngay từ đầu nhưng nước vẫn được đun sôi – tương...,43800,25200,37,0,,,OEM
177628070,Bếp Điện Từ Canzy CZ-54M - Hàng Chính Hãng,"THÔNG TIN SẢN PHẨMBếp đôi: 2 vùng từ sử dụng mặt kính Platinum Ceramic vát 4 cạnh bo viền nhôm sáng bóng, bo 4 góc sang trọngSử dụng bản mạch mâm từ sản xuất theo công nghệ Châu ÂUĐiều khiển cảm ứn...",9735000,0,0,0,,,Canzy
