id,reason
277013133,Not JSON response
152212945,Not JSON response
198536347,Not JSON response
278000186,Not JSON response
241945309,Not JSON response
241945103,Not JSON response
274960151,Not JSON response
278437650,Not JSON response
277867317,Not JSON response
278441592,Not JSON response
277914453,Exceeded 30 redirects.
277929102,Exceeded 30 redirects.
277400045,Exceeded 30 redirects.
176289428,Exceeded 30 redirects.
187345103,Exceeded 30 redirects.
25169572,Exceeded 30 redirects.
1037608,Exceeded 30 redirects.
274907726,Exceeded 30 redirects.
274890165,Exceeded 30 redirects.
72825272,Exceeded 30 redirects.
66680683,Exceeded 30 redirects.
275583053,Exceeded 30 redirects.
39999000,Exceeded 30 redirects.
274370396,Exceeded 30 redirects.
76542609,Exceeded 30 redirects.
3766693,Exceeded 30 redirects.
44354865,Exceeded 30 redirects.
221044081,Exceeded 30 redirects.
251737876,Exceeded 30 redirects.
275805516,Exceeded 30 redirects.
186348905,Exceeded 30 redirects.
109850762,Exceeded 30 redirects.
692360,Exceeded 30 redirects.
199668778,Exceeded 30 redirects.
168214030,Exceeded 30 redirects.
276976169,Exceeded 30 redirects.
67935659,Exceeded 30 redirects.
278421208,Exceeded 30 redirects.
258369189,Exceeded 30 redirects.
277474648,Exceeded 30 redirects.
152205690,Exceeded 30 redirects.
278575610,Exceeded 30 redirects.
147371767,Exceeded 30 redirects.
277543636,Exceeded 30 redirects.
276165351,Exceeded 30 redirects.
75556466,Exceeded 30 redirects.
274410226,Exceeded 30 redirects.
22526353,Exceeded 30 redirects.
241945103,Exceeded 30 redirects.
198498754,Exceeded 30 redirects.
274971650,Exceeded 30 redirects.
204317993,Exceeded 30 redirects.
197340495,Exceeded 30 redirects.
276236338,Exceeded 30 redirects.
277984241,Exceeded 30 redirects.
202496756,Exceeded 30 redirects.
160583633,Exceeded 30 redirects.
278523299,Exceeded 30 redirects.
276272040,Exceeded 30 redirects.
87652175,Exceeded 30 redirects.
274442920,Exceeded 30 redirects.
57489540,Exceeded 30 redirects.
276070153,Exceeded 30 redirects.
275213080,Exceeded 30 redirects.
123576904,Exceeded 30 redirects.
2137937,Exceeded 30 redirects.
276270480,Exceeded 30 redirects.
278522913,Exceeded 30 redirects.
186163967,Exceeded 30 redirects.
381695,Exceeded 30 redirects.
54373494,Exceeded 30 redirects.
276547126,Exceeded 30 redirects.
50461038,Exceeded 30 redirects.
10401204,Exceeded 30 redirects.
69752215,Exceeded 30 redirects.
135832419,Exceeded 30 redirects.
278523094,Exceeded 30 redirects.
278508331,Exceeded 30 redirects.
138856411,Exceeded 30 redirects.
135578543,Exceeded 30 redirects.
201292915,Exceeded 30 redirects.
276344918,Exceeded 30 redirects.
10368980,Exceeded 30 redirects.
271163161,Exceeded 30 redirects.
273606859,Exceeded 30 redirects.
205611353,Exceeded 30 redirects.
275248833,Exceeded 30 redirects.
448834,Exceeded 30 redirects.
242106272,Exceeded 30 redirects.
274039483,Exceeded 30 redirects.
202496628,Exceeded 30 redirects.
185655287,Exceeded 30 redirects.
516046,Exceeded 30 redirects.
269879646,Exceeded 30 redirects.
274907697,Exceeded 30 redirects.
57486060,Exceeded 30 redirects.
277427836,Exceeded 30 redirects.
201809741,Exceeded 30 redirects.
225384911,Exceeded 30 redirects.
276179891,Exceeded 30 redirects.
121337079,Exceeded 30 redirects.
247345691,Exceeded 30 redirects.
172436841,Exceeded 30 redirects.
205609726,Exceeded 30 redirects.
273151374,Exceeded 30 redirects.
273281179,Exceeded 30 redirects.
242105939,Exceeded 30 redirects.
276236701,Exceeded 30 redirects.
262681048,Exceeded 30 redirects.
212470652,Exceeded 30 redirects.
74854324,Exceeded 30 redirects.
276192020,Exceeded 30 redirects.
195960052,Exceeded 30 redirects.
200654155,Exceeded 30 redirects.
273730276,Exceeded 30 redirects.
80932540,Exceeded 30 redirects.
273133644,Exceeded 30 redirects.
277427849,Exceeded 30 redirects.
10367036,Exceeded 30 redirects.
225210042,Exceeded 30 redirects.
275185613,Exceeded 30 redirects.
186163950,Exceeded 30 redirects.
37691387,Exceeded 30 redirects.
273447004,Exceeded 30 redirects.
276192550,Exceeded 30 redirects.
275248414,Exceeded 30 redirects.
273549576,Exceeded 30 redirects.
32034746,Exceeded 30 redirects.
275403194,Exceeded 30 redirects.
276315982,Exceeded 30 redirects.
212470658,Exceeded 30 redirects.
75443000,Exceeded 30 redirects.
278422268,Exceeded 30 redirects.
219456567,Exceeded 30 redirects.
122162184,Exceeded 30 redirects.
272396835,Exceeded 30 redirects.
174286319,Exceeded 30 redirects.
10368752,Exceeded 30 redirects.
225928277,Exceeded 30 redirects.
278421294,Exceeded 30 redirects.
248544975,Exceeded 30 redirects.
186309308,Exceeded 30 redirects.
275872198,Exceeded 30 redirects.
278421301,Exceeded 30 redirects.
278638491,Exceeded 30 redirects.
273891276,Exceeded 30 redirects.
103265905,Exceeded 30 redirects.
274035808,Exceeded 30 redirects.
275185484,Exceeded 30 redirects.
252640202,Exceeded 30 redirects.
201817213,Exceeded 30 redirects.
448833,Exceeded 30 redirects.
226889836,Exceeded 30 redirects.
230083494,Exceeded 30 redirects.
186163971,Exceeded 30 redirects.
66106543,Exceeded 30 redirects.
55144260,Exceeded 30 redirects.
242105417,Exceeded 30 redirects.
631876,Exceeded 30 redirects.
225926519,Exceeded 30 redirects.
188043436,Exceeded 30 redirects.
229722645,Exceeded 30 redirects.
10369273,Exceeded 30 redirects.
107475220,Exceeded 30 redirects.
278603893,Exceeded 30 redirects.
273498519,Exceeded 30 redirects.
199049610,Exceeded 30 redirects.
186163993,Exceeded 30 redirects.
226918981,Exceeded 30 redirects.
275580060,Exceeded 30 redirects.
277263747,Exceeded 30 redirects.
276976836,Not JSON response
276602530,Not JSON response
275183707,Not JSON response
173665552,Not JSON response
229722989,Not JSON response
956637,Not JSON response
217263884,Not JSON response
275190814,Not JSON response
10369519,Not JSON response
126949292,Not JSON response
276319526,Exceeded 30 redirects.
631885,Exceeded 30 redirects.
273915412,Exceeded 30 redirects.
276643058,Exceeded 30 redirects.
73089414,Exceeded 30 redirects.
278668647,Exceeded 30 redirects.
273156593,Exceeded 30 redirects.
276236135,Exceeded 30 redirects.
273453672,Exceeded 30 redirects.
262837111,Exceeded 30 redirects.
229722694,Exceeded 30 redirects.
52810315,Exceeded 30 redirects.
174228907,Exceeded 30 redirects.
161241974,Exceeded 30 redirects.
229722726,Exceeded 30 redirects.
226760879,Exceeded 30 redirects.
277451253,Exceeded 30 redirects.
229700783,Exceeded 30 redirects.
631873,Exceeded 30 redirects.
278430048,Exceeded 30 redirects.
273156596,Exceeded 30 redirects.
275190386,Exceeded 30 redirects.
229725183,Exceeded 30 redirects.
186163987,Exceeded 30 redirects.
273398506,Exceeded 30 redirects.
229724438,Exceeded 30 redirects.
275872281,Exceeded 30 redirects.
277839545,Exceeded 30 redirects.
76277429,Exceeded 30 redirects.
277372232,Exceeded 30 redirects.
195989828,Exceeded 30 redirects.
225935513,Exceeded 30 redirects.
252630132,Exceeded 30 redirects.
274035718,Exceeded 30 redirects.
229722881,Exceeded 30 redirects.
273156583,Exceeded 30 redirects.
29287561,Exceeded 30 redirects.
73856569,Exceeded 30 redirects.
229722583,Exceeded 30 redirects.
70781161,Exceeded 30 redirects.
55480617,Exceeded 30 redirects.
275885510,Exceeded 30 redirects.
225384853,Exceeded 30 redirects.
161943988,Exceeded 30 redirects.
87652126,Exceeded 30 redirects.
229701872,Exceeded 30 redirects.
189641775,Exceeded 30 redirects.
229702082,Exceeded 30 redirects.
217263861,Exceeded 30 redirects.
186163956,Exceeded 30 redirects.
252905858,Exceeded 30 redirects.
