id,name,short_description,price,discount,discount_rate,review_count,day_ago_created,quantity_sold,brand_name
66512832,Máy Hút Bụi Lock&Lock ENV336BLK (400W) - Hàng Chính Hãng,"Hệ thống Pro-cycloneMáy Hút Bụi Lock&Lock ENV336BLK (400W) có công suất hút mạnh với hệ thống ly tâm đặc biệt. Hút sạch mọi bụi bẩn, bọ, côn trùng.Điều khiển tốc độ tùy chỉnhĐiều khiển công ...",2263000,1158000,34,1286,,4351.0,LocknLock
275015814,Máy Hút Bụi 2 Chiều Vừa Thổi Vừa Hút Cầm Tay - Hàng nhập khẩu,"Máy hút bụi 2 chiều Vacuum  cao cấp nó vừa hút và thổi bụi siêu mạnh, công suất máy lên đến 1000W giúp cho nó vệ sinh nhà cửa, ô tô một cách nhanh chóng. Đây là một trong những dòng máy hút bụi cầm ta...",480000,0,0,4,,11.0,Nhà của Mẹ
187345103,"Máy hút bụi không dây Lock&lock ENV356GRY đa năng cầm tay 3 trong 1 (lau sàn, hút bụi, hút bụi giường nệm), động cơ BLDC (350W) - Hàng chính hãng","Động cơ không chổi than mạnh mẽMáy hút bụi không dây Lock&lock ENV356GRY đa năng cầm tay 3 trong 1 được trang bị động cơ không chổi than mạnh mẽ 350W, với lực hút lớn 28 kPa giúp hút bụi tối ưu ...",6347000,4048000,39,67,,117.0,LocknLock
1037610,Máy Hút Bụi Philips FC9350 (1800W) - Đen - Hàng chính hãng,"Thiết kế tiện dụng, sang trọng Máy Hút Bụi Philips FC9350 (1800W)  với thân máy mang màu đen, kiểu dáng nhỏ gọn sẽ giúp cho không gian căn bếp nhà bạn thêm sang trọng, hiện đại. Thết bị có thể được c...",2111000,1198000,36,33,,212.0,Philips
31276266,Máy Hút Bụi Mini Cầm Tay DEERMA - Hàng Chính Hãng,Máy Hút Bụi Mini Cầm Tay DEERMA - Hàng Chính Hãng Quan trọng: Bắt đầu từ ngày 06/09/2023 sản phẩm máy hút bụi Deerma DX118C update bản mới 2023 nâng cấp công suất từ 400w lên 600w lực hút từ 12kpa ...,499000,0,0,390,,2604.0,Deerma
184973099,"Máy Hút Bụi Cầm Tay Không Dây VinBuy Lực Hút Mạnh Mẽ 16000PA Chức Năng Hút Bụi Khô Và Ướt - Máy Hút Bụi Ô Tô, Máy Hút Bụi Gia Đình - Hàng Chính Hãng","Máy Hút Bụi Cầm Tay Không Dây VinBuy Lực hút mạnh mẽ - Máy Hút Bụi Ô Tô, Máy Hút Bụi Gia Đình - Hàng Chính Hãng ...",435000,365000,46,460,,3172.0,VinBuy
66512832,Máy Hút Bụi Lock&Lock ENV336BLK (400W) - Hàng Chính Hãng,"Hệ thống Pro-cycloneMáy Hút Bụi Lock&Lock ENV336BLK (400W) có công suất hút mạnh với hệ thống ly tâm đặc biệt. Hút sạch mọi bụi bẩn, bọ, côn trùng.Điều khiển tốc độ tùy chỉnhĐiều khiển công ...",2263000,1158000,34,1286,,4351.0,LocknLock
1037610,Máy Hút Bụi Philips FC9350 (1800W) - Đen - Hàng chính hãng,"Thiết kế tiện dụng, sang trọng Máy Hút Bụi Philips FC9350 (1800W)  với thân máy mang màu đen, kiểu dáng nhỏ gọn sẽ giúp cho không gian căn bếp nhà bạn thêm sang trọng, hiện đại. Thết bị có thể được c...",2111000,1198000,36,33,,212.0,Philips
155110765,Máy hút bụi DEERMA DX810 - Hàng chính hãng,THÔNG SỐ KỸ THUẬTThương hiệuDeermaModelDX810Độ ồn≤82dBChất liệuABS/ PCTrọng lượng1.55kg (dạng tay cầm)2.2kg (dạng cây đứng)Điện áp220V – 50HzCông suất600WĐộ d...,799000,0,0,1,,8.0,Deerma
88962147,Máy Hút Bụi Có Hộc Chứa Philips XB2023/01 (1800W) - Hàng Chính Hãng,"Thiết kế nhỏ gọn, thanh lịchMáy Hút Bụi Có Hộc Chứa Philips XB2023/01 có thiết kế nhỏ gọn hiện đại, dễ dàng tháo lắp, di chuyển và sử dụng, phù hợp với căn hộ, khu chung cư hay hộ gia đình. Máy hút b...",1780000,969000,35,37,,130.0,Philips
276930788,"Máy Hút, Thổi Bụi Cầm Tay Mini Bản Cao Cấp, Máy Hút Bụi Giường Nệm, Ô Tô, Máy Tính - Hàng Nhập Khẩu","Máy Hút, Thổi Bụi Cầm Tay Mini Bản Cao Cấp là thiết bị lý tưởng cho việc vệ sinh giường nệm, ô tô và máy tính.Đặc điểm nổi bật:Cầm tay tiện lợi, dễ sử dụngThiết kế mini gọn nhẹĐược trang bị chức ...",275000,0,0,2,,14.0,DORON
58981749,"Máy hút bụi khô và ướt HiClean HC30 (thùng inox chống gỉ, dung tích 30L) - Hàng chính hãng","Sản phẩm máy hút bụi công nghiệp HiClean có thiết kế nổi bật, hiện đại, nhưng dễ sử dụng vô cùng. Máy hút bụi HiClean có động cơ mạnh mẽ, máy chạy ổn, độ bền và tuổi thọ cao. Đặc điểm máy hút bụi cô...",2250000,0,0,19,,61.0,HiClean
203462430,Máy hút bụi công nghiệp Tiross TS9301 - Dung tích 32 lít - Sản xuất tại Malaysia - 3 Chức năng Hút khô - ướt - thổi bụi - Hàng chính hãng,"Máy hút bụi Tiross TS9301 có dung tích 32 lít, công suất 1600W là dòng máy hút bụi công nghiệp, hút bụi khô, hút nước, thổi hơi mạnh mẽ. Sản phẩm sản xuất tại Malaysia.Huy Linh phân phối và bảo hành c...",2146000,0,0,1,,1.0,Tiross
155065478,"Máy Hút Bụi Cầm Tay Không Dây 9000Pa, Hút Bụi Ô Tô, Giường Nệm, Sofa, Laptop - HÀNG CHÍNH HÃNG","THÔNG TIN SẢN PHẨM - Tên sản phẩm: Máy Hút Bụi Cầm Tay Không Dây 9000Pa, Hút Bụi Ô Tô, Giường Nệm, Sofa, Laptop- Vật liệu: ABS- Trọng lượng:400g- Màu:Đen- Kích thước:16,5*14,5*4cm- Tốc độ định m...",279000,0,0,126,,529.0,DORON
106732070,"Máy hút bụi SUMIKA K30, Màu Vàng, 30L, 1800W, hút nước, hút bụi, thổi bụi, dây điện dài 10m, thùng chứa inox không gỉ - Hàng chính hãng","- Chức năng máy hút bụi công nghiệp Sumika K30: hút khô / hút nước và thổi các bụi bẩn công nghiệp.- Sử dụng thích hợp cho nhà hàng, khách sạn, công ty, nhà xưởng, dịch vụ vệ - Thiết kế công nghiệp, b...",1890000,0,0,0,,,Sumika
273549576,Máy hút bụi không dây Elmich VCE-3927 - Hàng Chính Hãng,...,3807000,2093000,35,2,,11.0,Elmich
273606859,Máy hút bụi không dây Elmich VCE-3928 - Hàng Chính Hãng,"1. Thiết kế hiện đại, khỏe khoắn, di chuyển bằng tay, dễ dàng di chuyển. Điều khiển bằng phím bấm điện tử hiện đại, dễ dàng thao tác, điều khiển chỉ bằng một phím nhấn2. Công suất vượt trội 450w với c...",4487000,3013000,40,1,,9.0,Elmich
88962147,Máy Hút Bụi Có Hộc Chứa Philips XB2023/01 (1800W) - Hàng Chính Hãng,"Thiết kế nhỏ gọn, thanh lịchMáy Hút Bụi Có Hộc Chứa Philips XB2023/01 có thiết kế nhỏ gọn hiện đại, dễ dàng tháo lắp, di chuyển và sử dụng, phù hợp với căn hộ, khu chung cư hay hộ gia đình. Máy hút b...",1780000,969000,35,37,,130.0,Philips
58962653,"Máy hút bụi khô và ướt HiClean HC30P (thùng nhựa ABS cao cấp, dung tích 30L) - Hàng chính hãng","Sản phẩm máy hút bụi công nghiệp HiClean có thiết kế nổi bật, hiện đại, nhưng dễ sử dụng vô cùng. Máy hút bụi HiClean có động cơ mạnh mẽ, máy chạy ổn, độ bền và tuổi thọ cao. Đặc điểm máy hút bụi cô...",1890000,0,0,0,,,HiClean
184973099,"Máy Hút Bụi Cầm Tay Không Dây VinBuy Lực Hút Mạnh Mẽ 16000PA Chức Năng Hút Bụi Khô Và Ướt - Máy Hút Bụi Ô Tô, Máy Hút Bụi Gia Đình - Hàng Chính Hãng","Máy Hút Bụi Cầm Tay Không Dây VinBuy Lực hút mạnh mẽ - Máy Hút Bụi Ô Tô, Máy Hút Bụi Gia Đình - Hàng Chính Hãng ...",435000,365000,46,460,,3172.0,VinBuy
197821221,"Máy hút bụi cầm tay mini, Máy hút bụi không dây đa năng lực hút siêu mạnh sử dụng hút bụi ô tô, giường nệm, bàn phím máy tính - Hàng chính hãng MINIIN ","Máy hút bụi cầm tay mini, Máy hút bụi không dây đa năng lực hút siêu mạnh sử dụng hút bụi ô tô, giường nệm, bàn phím máy tính - Chính hãng MINIIN [Tên sản phẩm]: Máy hút bụi cầm tay[Màu sản phẩm]: đ...",599000,0,0,0,,1.0,MINIIN
274192060,Máy Hút Bụi Cầm Tay Không Dây Cao Cấp hàng nhập khẩu,"Tên sản phẩm]: Máy hút bụi cầm tay [Màu sản phẩm]: đen [Trọng lượng đóng gói]: 0,720kg [Kích thước đóng gói]: 355mm * 105mm * 125mm [Điện áp làm việc]: Bộ sạc pin nhôm AC 100V-240V [Không gian thực]: ...",300000,0,0,1,,15.0,247 RACING
162540621,Máy Hút Bụi Cầm Tay 2 Chiều Hàng Nhập Khẩu Cao Cấp (giao mầu ngẫu nhiên ),"Máy Hút Bụi Cầm Tay 2 Chiều Hàng Nhập Khẩu Cao Cấp (giao mầu ngẫu nhiên ) + Có 2 tính năng ưu việt : Hút và thổi bụi 2 chiều.+ Thiết kế nhỏ gọn, dễ thao tác.+ Có đầu hút sàn, hút khe đa năng.+ M...",501000,0,0,18,,54.0,MINIIN
248978163,"Máy hút bụi công nghiệp TAHAWA TH-151 Máy hút bụi cầm tay Máy thích hợp sử dụng cho môi trường nhỏ và vừa như nhà riêng, văn phòng nhỏ.","Máy hút bụi công nghiệp TAHAWA TH-151 Máy hút bụi cầm tay Máy thích hợp sử dụng cho môi trường nhỏ và vừa như nhà riêng, văn phòng nhỏ.THÔNG TIN KỸ THUẬTModel: TH-151- Điện áp: 220V - 2...",3450000,0,0,0,,1.0,TAHAWA
273730992,"Máy hút bụi cầm tay TAHAWA TH-I7- Lực hút: 22000Pa- Pin: 2200mAh - Máy hút bụi đa năng, có nhiều đầu hút  - Bảo hành chính hãng 24 tháng, 1 đổi 1 trong 30 ngày. Hàng nhập khẩu chính hãng","Máy hút bụi cầm tay TAHAWA TH-I7 máy hút bụi cầm tay đa năng với 3 đầu hút khác nhau, hoạt động êm ái, pin tháo rời tiện lợi, dễ dàng tháo lắp, công nghệ 6 lốc xoáy hình nón tân tiến, động cơ mạnh mẽ...",8190000,0,0,0,,,TAHAWA
273176467,Máy Hút Bụi Không Dây Kachi Mk364 pin 3600mAh - Hàng chính hãng,Máy Hút Bụi Không Dây Kachi Mk364 pin 3600mAhBộ lọc HEPA lọc bụi mịnKhông dây thoải mái di chuyển khắp phòng không bị vướng hay lo không có chỗ cắm điệnBảo hành 18 tháng motorPin bảo hà...,399000,0,0,1,,6.0,Kachi
248976522,"Máy hút bụi công nghiệp TAHAWA TH-301D Máy hút bụi cầm tay Chức năng hút khô và nước thích hợp cho nhiều môi trường như nhà xưởng, văn phòng vừa và nhỏ hoặc nhà riêng.","Máy hút bụi công nghiệp TAHAWA TH-301D Máy hút bụi cầm tay Chức năng hút khô và nước thích hợp cho nhiều môi trường như nhà xưởng, văn phòng vừa và nhỏ hoặc nhà riêng.THÔNG SỐ KỸ THU...",4900000,0,0,0,,,TAHAWA
277006949,"Máy hút bụi đa năng 2IN1 SOKANY SK13043 CÓ DÂY, công suất 2000W lực hút siêu mạnh, siêu sạch, đánh bay mọi bụi bẩn - HÀNG CHÍNH HÃNG - DELIYA",THÔNG SỐ KỸ THUẬT CỦA MÁY HÚT BỤI ĐA NĂNG 2IN1 SOKANY:- Thương hiệu: SOKANY- Công suất: 2000W- Điện áp: 220 - 240V- Tần số: 50/60Hz- Chất liệu: Nhựa- Chiều dài dây nguồn: 5m TÍNH NĂNG ƯU VIỆT ...,807000,0,0,0,,,DELIYA
185411406,Máy Hút Bụi Cầm Tay Không Dây Sạc Pin Đa Năng Damas D610W - Hàng Nhập Khẩu,...,579000,321000,36,36,,144.0,Damas
273363958,Máy Hút Thổi Bụi Không Dây MK367 kèm phụ kiện hút bụi - Hàng chính hãng,"Máy thổi bụi không dây Kachi MK367 - Giải pháp toàn diện cho mọi nhu cầu dọn dẹpMáy thổi bụi không dây Kachi MK367 là sản phẩm mới nhất của thương hiệu Kachi, được thiết kế với nhiều t...",499000,0,0,6,,27.0,Kachi
176696128,"Máy Hút Bụi Cầm Tay Chính Hãng Hàng Nhập Khẩu Công Suất Cao-Nhỏ Gọn, Tiện Lợi - Hút Bụi Ô Tô, Giường Sofa, Bàn Làm Việc ",  DELI TOOLS OFFICIAL STORE   THÔNG TIN SẢN PHẨM:   - Hãng sản xuất: Deli   - Mã sản phẩm: DL8080 / DL8081   - Kích thước 390x120x75mm   Máy hút bụi DL8080 không dây sạc pin:   - Công suất: 55W...,220000,0,0,3,,14.0,Deli
277446697,Máy hút bụi Tiross TS9304 - Hàng chính hãng,"- Máy hút bụi gia đình Tiross TS9304 sở hữu trọng lượng nhẹ và kích thước nhỏ, bạn có thể dễ dàng cuộn lại và xách máy hút bụi đến mọi nơi trong nhà khi lau dọn.Máy trang bị 2 bánh xe bằng nhựa giúp ...",1399000,0,0,0,,,Tiross
127428748,Máy hút bụi INGCO VC14122 hàng chính hãng,"Điện thế: 220V-240V~50/60Hz. Công suất: 800W Mô tơ dây đồng. Bình chứa kim loại Dung tích:12L. Lưu lượng khí:1.7m3/phút Áp suất hút:16KPa. Ống ruột gà 1.5m 3 đoạn ống nối, 1 bàn chải nhựa, 1 bộ bàn ch...",1320000,0,0,0,,,iNGCO
510520,Máy Hút Bụi Công Nghiệp Tiross TS9301 (1600W) - Xanh Trắng - Hàng chính hãng,"Thiết kế tinh tế, tiện dụngMáy Hút Bụi Công Nghiệp Tiross TS9301 - Xanh Trắng được thiết kế với động cơ mạnh mẽ lên đến 1600Whoạt động êm ái, bền bỉ và mạnh mẽ tạo nên sự vững chắc và an ...",1799000,0,0,1,,2.0,Tiross
277521567,"Máy Hút Bụi Giường Nệm Diệt Khuẩn UV, Công Suất 1400W - Hút Sạch Mọi Bụi Bẩn - HÀNG CHÍNH HÃNG MINIIN",I. THÔNG SỐ KỸ THUẬT MÁY HÚT BỤI GIƯỜNG NỆM :- Model: SK-13029- Đèn UV: 9W- Công suất: 1400W- Công suất hút: 20.000PA- Chiều dài dây nguồn: 4m- Tốc độ rung: 8000RPM- Tiếng ồn < 73dBA- Dung ...,699000,0,0,0,,1.0,MINIIN
14506318,Combo máy hút bụi xe và nhà đa năng GREENHOME - Màu Vàng Cam - Hàng Chính Hãng,"MÁY HÚT BỤI XE GHC 207- Thiết kế với nhiều loại đầu hút khác nhau giúp cho việc hút bụi trở lên thật dễ dàng; với đầu nối dài nó có thể len lỏi vào mọi ngõ ngách trên xe, thổi bay mọi loại bụi bẩn.-...",1150000,0,0,0,,10.0,Greenhome
261833899,Máy hút bụi SAMONO SW-VC06 -Hàng chính hãng,"Máy hút bụi SAMONO SW-VC06Thiết kế gọn nhẹ, không dây Dễ dàng hút sạch bụi bẩnDung lượng pin : 2000 mAhThời gian hút bụi lên đến 25 phútCông suất mạnh mẽ giúp hút sạch bụi bẩn, tóc, giấy vụn,Có ...",659000,0,0,0,,,Samono
277839453,Máy Hút Bụi Tacklife V5 Hàng chính hãng," Thiết kế thông minh - Hiệu quả vượt trội• Bạn đang tìm kiếm một chiếc máy hút bụi nhỏ gọn nhưng đầy sức mạnh? Tacklife V5 chính là lựa chọn hoàn hảo! Với thiết kế tiện lợi, bạn dễ dàng làm sạch mọi ...",850000,0,0,0,,,TACKLIFE
275583053,Máy Hút Bụi Cầm Tay Không Dây 9baby - Hàng Chính Hãng,"Máy Hút Bụi Cầm Tay Không Dây 9baby - Chính Hãng là sản phẩm hiện đại, không chỉ hút bụi cho gia đình và xe hơi mà còn được thiết kế sang trọng, tinh tế kết hợp với sức hút mạnh mẽ, đem lại sự trải...",375000,75000,17,2,,10.0,9Baby
1037608,Máy Hút Bụi Philips FC9351 (1900W) - Đỏ - Hàng chính hãng,"Thiết kế tiện dụng, sang trọng Máy Hút Bụi Philips FC9351 với thân máy mang màu đỏ, kiểu dáng nhỏ gọn sẽ giúp cho không gian căn bếp nhà bạn thêm sang trọng, hiện đại. Sản phẩm mang kiểu dáng của máy...",2736000,913000,25,78,,256.0,Philips
275015814,Máy Hút Bụi 2 Chiều Vừa Thổi Vừa Hút Cầm Tay - Hàng nhập khẩu,"Máy hút bụi 2 chiều Vacuum  cao cấp nó vừa hút và thổi bụi siêu mạnh, công suất máy lên đến 1000W giúp cho nó vệ sinh nhà cửa, ô tô một cách nhanh chóng. Đây là một trong những dòng máy hút bụi cầm ta...",480000,0,0,4,,11.0,Nhà của Mẹ
274954184,"Máy hút bụi cầm tay xe hơi đo áp suất, có tích hợp khả năng bơm xe - hàng chính hãng",Thông số kỹ thuật:Điện áp: DC-12V.Công xuất: 96W.Tốc độ: 3000r/min.Hút chân không: 40000 mbar.Kích thước: 40*35*25cmMáy hút bụi oto đa năng 4 trong 1là sự kết hợp vô cùng thông minh với công ng...,350000,0,0,0,,11.0,Nhà của Mẹ
183702150,"Máy Hút Bụi Gia Đình Tiross TS9304 - Hàng Chính Hãng - Màu ngẫu nhiên đỏ, xanh",Máy hút bụi Tiross TS9304 là dòng máy hút bụi gia đình được sản xuất tại Malaysia với công suất hoạt động 1200-1600W sử dụng hộc chứa bụi tiện lợi- Máy hút bụi Tiross TS9304 với công suất 1200 - 1600W...,1660000,0,0,0,,,Tiross
185225505,"Máy Hút Bụi Không Dây DR79 - Pin 4000 mAh, Lực Hút 9000 Pa - Máy Hút Bụi Giường Nệm, Ô Tô, Máy Tính/PC - Hàng Chính Hãng","1. THÔNG SỐ KỸ THUẬT- Tên sản phẩm: Máy Hút Bụi Không Dây DR79- Vật liệu: ABS- Trọng lượng:615g- Màu: Đen, Trắng- Kích thước: 244*72*157mm- Tốc độ định mức: 50000 vòng/phút- Công suất đầu vào ...",298000,0,0,0,,4.0,DORON the best service
207710216,"Bàn hút bụi, bàn hút nước, đầu hút ghế, hút khe Máy hút bụi HiClean - Hàng Chính Hãng","Phụ kiện máy hút bụi HiClean gồm: Bàn hút bụi, bàn hút nước, đầu hút ghế, hút khe Máy hút bụi HiClean. Sử dụng chung cho các mẫu máy hút bụi HiClean: HC15, HC30, HC40CE, HC70, HC70W, HC70A, HC80, HC90...",90000,0,0,0,,9.0,HiClean
168214024,Máy hút bụi Zelmer ZVC3502N - Hàng chính hãng,"Sản phẩm đạt tiêu chuẩn ECOMáy hút bụi Zelmer Antek ZVC3502N được sản xuất theo công nghệ tiên tiến, đạt tiêu chuẩn ECO – thân thiện với môi trường, giúp bạn có được sản phẩm an toàn và tiện dụng.Bộ...",2960000,0,0,0,,,Zelmer
277417214,"Máy Hút Bụi Cầm Tay Cao Cấp, Thiết kế Không Dây, Tặng Kèm Đầu Hút, Lực hút 20000PA Siêu Mạnh Hàng Nhập Khẩu",Máy hút bụi xe ô tô - Máy hút bụi mini cầm tay công suất 120W Cắm tẩu Cực Khỏe THÔNG SỐ SẢN PHẨM: Máy hút bụi xe ô tô - Máy hút bụi mini cầm tay- Công suất: 120w- Độ chân không:20000kpa- Xếp hạng...,399000,0,0,1,,3.0,FTAKY
277026508,"Máy hút bụi đa năng 2IN1 SOKANY SK13043 CÓ DÂY, công suất 2000W lực hút siêu mạnh, siêu sạch, đánh bay mọi bụi bẩn - HÀNG CHÍNH HÃNG",THÔNG SỐ KỸ THUẬT CỦA MÁY HÚT BỤI ĐA NĂNG 2IN1 SOKANY:- Thương hiệu: SOKANY- Công suất: 2000W- Điện áp: 220 - 240V- Tần số: 50/60Hz- Chất liệu: Nhựa- Chiều dài dây nguồn: 5m TÍNH NĂNG ƯU VIỆT ...,807000,0,0,0,,, SOKANY
277320175,"Máy Hút Bụi Cầm Tay, Không Dây Sạc Pin Công Suất 120W Lực Hút Mạnh","        Máy Hút Bụi Cầm Tay, Không Dây Sạc Pin Công Suất 120W Lực Hút Mạnh     ==================================     Thông Tin Sản Phẩm     » Tên sản phẩm: Máy hút bụi cầm tay mini     » Phân...",175000,0,0,0,,,TIEN ANH HOUSE
278239662,Máy hút bụi giường nệm có tia UV diệt khuẩn- Hàng chính hãng,"Máy Hút Bụi Diệt Khuẩn là giải pháp tuyệt vời cho không gian sống sạch sẽ và an toàn, giúp bảo vệ sức khỏe gia đình bạn. Với công nghệ UV-C diệt khuẩn và khả năng lọc sâu, máy không chỉ làm sạch bụi m...",455000,0,0,0,,,Nhà của Mẹ
273938325,"Máy Hút Bụi Samsung VC18M3110VB/SV - Hộp chứa bụi 2lit , Công suất 1800W - Hàng chính hãng","Kiểu Dáng: Hút bụi gia đìnhLoại Sản Phẩm: Hộc Chứa BụiDung Tích: 2 LítBộ Lọc: EPA11Dây Điện Tự Thu Hồi: CóPhụ Kiện: Máy có đầu hút sàn, đầu hút khe kết hợp bàn chảiKích Thước (mm):...",1669000,621000,27,0,,1.0,Samsung
187345103,"Máy hút bụi không dây Lock&lock ENV356GRY đa năng cầm tay 3 trong 1 (lau sàn, hút bụi, hút bụi giường nệm), động cơ BLDC (350W) - Hàng chính hãng","Động cơ không chổi than mạnh mẽMáy hút bụi không dây Lock&lock ENV356GRY đa năng cầm tay 3 trong 1 được trang bị động cơ không chổi than mạnh mẽ 350W, với lực hút lớn 28 kPa giúp hút bụi tối ưu ...",6347000,4048000,39,67,,117.0,LocknLock
241945103,MÁY HÚT BỤI 1200W TOLSEN 79608 - HÀNG CHÍNH HÃNG,"Thương hiệu Tolsen chuyên thiết kế, sản xuất, lắp ráp, cung cấp các thiết bị và dụng cụ công nghiệp dân dụng cỡ lớn và các loại dụng cụ cầm tay đa năng chuyên nghiệp nổi tiếng về chất lượng và hậu mãi...",2086800,0,0,0,,,Tolsen
241945309,MÁY HÚT BỤI 2000W TOLSEN 79609 - HÀNG CHÍNH HÃNG,"Thương hiệu Tolsen chuyên thiết kế, sản xuất, lắp ráp, cung cấp các thiết bị và dụng cụ công nghiệp dân dụng cỡ lớn và các loại dụng cụ cầm tay đa năng chuyên nghiệp nổi tiếng về chất lượng và hậu mãi...",6554400,0,0,0,,,Tolsen
275631609,MÁY HÚT BỤI CẦM TAY SEVERIN HV7144 Hàng chính hãng,"Hãng sản xuất: SeverinNước sản xuất: ChinaNguồn điện: 100-240v – 50/60HzPin: Li-ion 7.4 (2000mAh)Công suất: 14.8W/hMàu sắc: Trắng,xámBảo hành:12 thángTHÔNG TIN CHI TIẾT:– Máy hút bụi không dây S´POWER...",1690000,0,0,1,,1.0,Severin
277400073,"Máy hút bụi giường nệm cầm tay không dây, Máy hút bụi mini lực hút 10000PA kèm lõi lọc HEPA hút bụi diệt khuẩn hiệu quả","    Thông Tin Sản Phẩm   - Tên sản phẩm: Máy hút bụi giường nệm, máy hút bụi mini không dây sạc pin có tia UV khử khuẩn, hút ẩm không khí, chăn ga, ghế sofa      Mô tả sản phẩm : Máy hút bụi giư...",295000,0,0,0,,2.0,TIEN ANH HOUSE
274960151,Máy hút bụi 2 chiều vừa thổi vừa hút cầm tay- Hàng chính hãng,"Máy hút bụi 2 chiều Vacuum  cao cấp nó vừa hút và thổi bụi siêu mạnh, công suất máy lên đến 1000W giúp cho nó vệ sinh nhà cửa, ô tô một cách nhanh chóng. Đây là một trong những dòng máy hút bụi cầm ta...",510000,0,0,0,,1.0,Nhà của Mẹ
157449477,Máy hút bụi gia đình Philips công suất lớn 1500W có hộc chứa XB2023 /81 - Hàng nhập khẩu,Máy hút bụi Philips XB2023/81 công suất tối đa 1800W – BH 12 thángCông nghệ PowerCyclone 4 duy trì được hiệu suất cao trong thời gian dàiCông nghệ PowerCyclone 4 tăng nhanh luồng khí trong khoang ...,2555000,0,0,1,,1.0,Philips
66512832,Máy Hút Bụi Lock&Lock ENV336BLK (400W) - Hàng Chính Hãng,"Hệ thống Pro-cycloneMáy Hút Bụi Lock&Lock ENV336BLK (400W) có công suất hút mạnh với hệ thống ly tâm đặc biệt. Hút sạch mọi bụi bẩn, bọ, côn trùng.Điều khiển tốc độ tùy chỉnhĐiều khiển công ...",2263000,1158000,34,1286,,4351.0,LocknLock
177134832,"Máy Hút Bụi Cầm Tay Không Dây Đa Năng, Lực Hút 9000Pa, Pin 4000 mAh, Máy Hút Bụi Giường Nệm, Ô Tô, Máy Tính - HÀNG CHÍNH HÃNG","1. THÔNG TIN SẢN PHẨM- Tên sản phẩm: Máy Hút Bụi Cầm Tay Không Dây Đa Năng- Vật liệu: ABS- Trọng lượng:615g- Màu: Đen, Trắng- Kích thước: 244*72*157mm- Tốc độ định mức: 50000 vòng/phút- Công s...",299000,0,0,27,,118.0,DORON
197821059,"Máy hút bụi cầm tay không dây sử dụng pin sạc, chuyên dụng hút bụi vệ sinh giường nệm, chăn ga, ghế sofa, Máy hút bụi giường nệm diệt khuẩn UV - Hàng chính hãng MINIIN ","Máy hút bụi cầm tay không dây sử dụng pin sạc, chuyên dụng hút bụi vệ sinh giường nệm, chăn ga, ghế sofa, Máy hút bụi giường nệm diệt khuẩn UV - Chính hãng MINIIN 1. Thông Số Kỹ Thuật» Chất liệu: A...",199000,0,0,3,,11.0,MINIIN
87649567,"Máy hút bụi khô và ướt HiClean HC15P (dung tích 15L, 1500W) - Hàng chính hãng",HiClean là thương hiệu chuyên sản xuất các thiết bị vệ sinh và luôn đứng đầu trong danh sách những thương hiệu có chất lượng sản phẩm tốt nhất trên thị trường . Khách hàng có thể dễ dàng tìm thấy ở đ...,1803000,0,0,11,,37.0,HiClean
216206792,"Máy Hút Bụi Cầm Tay Không Dây Damas DA113C - Lực Hút Mạnh Mẽ 16000PA - Đa Năng Hút Bụi Khô Và Ướt - Máy Hút Bụi Ô Tô, Hút Bụi Gia Đình - Hàng Chính Hãng",...,409000,291000,42,43,,117.0,Damas
84320511,"Máy hút bụi cầm tay công nghệ lốc xoáy 2 chiều Vo.temm (600W) - Hàng chính hãng: Hút mạnh, chạy êm, bảo hành 1 năm",Giới thiệu sản phẩm Máy hút bụi cầm tay công nghệ lốc xoáy 2 chiều V (600W) GDP0006Máy hút bụi cầm tay công nghệ lốc xoáy 2 chiều V (600W) GDP0006 được trang bị 3 loại đầu hút khác nhau và các phần...,1500000,0,0,11,,34.0,Votemm
185411406,Máy Hút Bụi Cầm Tay Không Dây Sạc Pin Đa Năng Damas D610W - Hàng Nhập Khẩu,...,579000,321000,36,36,,144.0,Damas
161017652,Máy Hút Bụi Cầm Tay Không Dây Sử Dụng Pin Sạc DAMAS Vacuum Cleaner D610W - Hàng Chính Hãng," ĐẶC ĐIỂM NỔI BẬT:Máy Hút Bụi Cầm Tay Không Dây Sạc Pin DAMAS D610W là một trong những sản phẩm hữu ích trong gia đình bạn. Với công suất lớn 120W và lực hút mạnh mẽ lên đến 16000Pa, sản phẩm này có ...",579000,371000,39,427,,2064.0,Damas
273549576,Máy hút bụi không dây Elmich VCE-3927 - Hàng Chính Hãng,...,3807000,2093000,35,2,,11.0,Elmich
271486237,"Máy hút bụi khô và ướt HiClean SP30, công suất 1500W, thùng nhựa ABS, dung tích 30L - Hàng Chính Hãng","Máy hút bụi gia đình HiClean SP30, công suất 1500W, thùng nhựa ABS, dung tích 30L - Hàng Chính HãngKhách hàng có thể dễ dàng tìm thấy ở đây rất nhiều loại máy vệ sinh chuyên nghiệp khác nhau như máy ...",1650000,0,0,1,,2.0,HiClean
3258789,Máy hút bụi nhà Green Home GHA 102 - Hàng Chính Hãng,"Buồng hút bụi công nghệ lốc xoáy nén bụi triệt đểDung tích: 1.4 lítNhỏ gọn, dễ di chuyểnĐộ ồn: < 70 DBMáy hút bụi cầm nhà cao cấp GREEN HOME GHA 585GREEN HOME GHA 585 là chiếc máy hút bụi cầm...",938000,0,0,11,,217.0,Greenhome
88962147,Máy Hút Bụi Có Hộc Chứa Philips XB2023/01 (1800W) - Hàng Chính Hãng,"Thiết kế nhỏ gọn, thanh lịchMáy Hút Bụi Có Hộc Chứa Philips XB2023/01 có thiết kế nhỏ gọn hiện đại, dễ dàng tháo lắp, di chuyển và sử dụng, phù hợp với căn hộ, khu chung cư hay hộ gia đình. Máy hút b...",1780000,969000,35,37,,130.0,Philips
269137918,"Máy hút bụi thương hiệu Philips XB2023/81, Serial 2000, công suất 1500W - Hàng Chính Hãng","Máy hút bụi thương hiệu Philips XB2023/81, Serial 2000, công suất 1500W - Hàng Chính HãngPhilips là thương hiệu thuộc Tập đoàn Điện tử Hoàng gia Philips được thành lập năm 1891 tại Amsterdam - Hà Lan...",2456000,0,0,0,,,Philips
184973099,"Máy Hút Bụi Cầm Tay Không Dây VinBuy Lực Hút Mạnh Mẽ 16000PA Chức Năng Hút Bụi Khô Và Ướt - Máy Hút Bụi Ô Tô, Máy Hút Bụi Gia Đình - Hàng Chính Hãng","Máy Hút Bụi Cầm Tay Không Dây VinBuy Lực hút mạnh mẽ - Máy Hút Bụi Ô Tô, Máy Hút Bụi Gia Đình - Hàng Chính Hãng ...",435000,365000,46,460,,3172.0,VinBuy
248982535,"Máy hút bụi công nghiệp TAHAWA TH-LC702 Máy hút bụi cầm tay Chức năng hút mạnh mẽ, thích hợp cho các diện tích sàn lớn như nhà xưởng, công ty hay văn phòng.","Máy hút bụi công nghiệp TAHAWA TH-LC702 Máy hút bụi cầm tay Chức năng hút mạnh mẽ, thích hợp cho các diện tích sàn lớn như nhà xưởng, công ty hay văn phòng.THÔNG TIN KỸ THUẬT- Điện áp...",11900000,0,0,0,,,TAHAWA
273606859,Máy hút bụi không dây Elmich VCE-3928 - Hàng Chính Hãng,"1. Thiết kế hiện đại, khỏe khoắn, di chuyển bằng tay, dễ dàng di chuyển. Điều khiển bằng phím bấm điện tử hiện đại, dễ dàng thao tác, điều khiển chỉ bằng một phím nhấn2. Công suất vượt trội 450w với c...",4487000,3013000,40,1,,9.0,Elmich
1037610,Máy Hút Bụi Philips FC9350 (1800W) - Đen - Hàng chính hãng,"Thiết kế tiện dụng, sang trọng Máy Hút Bụi Philips FC9350 (1800W)  với thân máy mang màu đen, kiểu dáng nhỏ gọn sẽ giúp cho không gian căn bếp nhà bạn thêm sang trọng, hiện đại. Thết bị có thể được c...",2111000,1198000,36,33,,212.0,Philips
198111139,"Máy Hút Bụi Có Dây Bosch BGLS42035, 2000W, 10A, 10m, túi chứa bụi 4 lít [Hàng chính hãng]","  Điểm đặc biệt   Thiết kế gọn nhẹ, linh hoạt   Ống hút nối dài cho phép làm sạch mọi vị trí   Làm sạch dễ dàng với động cơ mạnh mẽ công suất 2000W   Túi chứa bụi dung tích lớn   Hệ thống lọc kh...",4800000,0,0,0,,1.0,Bosch
155163055,"Máy Hút Gia Đình Cao Cấp, Máy Hút Bụi Cầm Tay Không Dây Tiện Lợi, Hút Bụi Xe Ô Tô, Laptop, Giường Nệm - Lực Hút 9000PA- Hàng Chính Hãng","THÔNG TIN SẢN PHẨM - Tên sản phẩm: Máy Hút Bụi Cầm Tay Không Dây 9000Pa, Hút Bụi Ô Tô, Giường Nệm, Sofa, Laptop- Vật liệu: ABS- Trọng lượng:400g- Màu:Đen- Kích thước:16,5*14,5*4cm- Tốc độ định m...",265000,0,0,13,,65.0,DORON
50722604,Máy hút bụi cầm tay mini Deerma DX118C dung tích bình chứa bụi 1.2L - Hàng chính hãng,"Máy hút bụi mini cầm tay Deerma Vacuum Cleaner DX118C sở hữu trọng lượng nhẹ, kiểu dáng nhỏ gọn, dễ dàng để bạn cất giữ cũng như đem theo trên xe ô tô để sử dụng bất cứ lúc nào.Được thiết kế để đem đ...",590000,0,0,1,,21.0,Deerma
23411036,Máy Hút Bụi DEERMA DX700 ( hàng nhập khẩu ),    Thông số:Chất liệu bàn chải sàn: ABS Công suất định mức: 600W Điện áp làm việc: 220 VTần số làm việc: 50Hz Công suất hộp bụi: 800 ml Hút: 15 kPa trở lên Tiếng ồn: 75d...,835000,23500,3,33,,103.0,Deerma
274960151,Máy hút bụi 2 chiều vừa thổi vừa hút cầm tay- Hàng chính hãng,"Máy hút bụi 2 chiều Vacuum  cao cấp nó vừa hút và thổi bụi siêu mạnh, công suất máy lên đến 1000W giúp cho nó vệ sinh nhà cửa, ô tô một cách nhanh chóng. Đây là một trong những dòng máy hút bụi cầm ta...",510000,0,0,0,,1.0,Nhà của Mẹ
277438567,Máy Hút Bụi Trên Giường Tiross TS9302 (350W) - Hàng chính hãng,"Thiết kế thông minh 2 trong 1 và được làm từ chất liệu cao cấpMáy Hút Bụi Trên Giường Tiross TS9302 (350W) được làm từ chất liệu cao cấp, có độ bền cao cùng khả năng chịu lực tốt, không bị biến d...",1899000,0,0,0,,,Tiross
273176467,Máy Hút Bụi Không Dây Kachi Mk364 pin 3600mAh - Hàng chính hãng,Máy Hút Bụi Không Dây Kachi Mk364 pin 3600mAhBộ lọc HEPA lọc bụi mịnKhông dây thoải mái di chuyển khắp phòng không bị vướng hay lo không có chỗ cắm điệnBảo hành 18 tháng motorPin bảo hà...,399000,0,0,1,,6.0,Kachi
22364669,Máy Hút Bụi Philips FC9350 (1800W) - Đen - Hàng nhập khẩu,"Thiết kế tiện dụng, sang trọng Máy Hút Bụi Philips FC9350 (1800W)  với thân máy mang màu đen, kiểu dáng nhỏ gọn sẽ giúp cho không gian căn bếp nhà bạn thêm sang trọng, hiện đại. Thết bị có thể được c...",3100000,0,0,0,,,Philips
185411406,Máy Hút Bụi Cầm Tay Không Dây Sạc Pin Đa Năng Damas D610W - Hàng Nhập Khẩu,...,579000,321000,36,36,,144.0,Damas
58477448,Máy hút bụi giường Tiross TS9305 (400W) - Hàng chính hãng,"Máy hút bụi giường Tiross TS9305 có thiết kế cầm tay nhỏ xinh, thân máy làm từ nhựa cao cấp có độ bền và chắc chắn cao, chịu được va đập, riêng bộ phận bàn hút được làm từ nhựa dẻo giúp bảo vệ các lo...",2362000,0,0,0,,,Tiross
273363958,Máy Hút Thổi Bụi Không Dây MK367 kèm phụ kiện hút bụi - Hàng chính hãng,"Máy thổi bụi không dây Kachi MK367 - Giải pháp toàn diện cho mọi nhu cầu dọn dẹpMáy thổi bụi không dây Kachi MK367 là sản phẩm mới nhất của thương hiệu Kachi, được thiết kế với nhiều t...",499000,0,0,6,,27.0,Kachi
109219377,Máy hút bụi Deerma DX700S ( hàng nhập khẩu ),"[Bản quốc tế] Máy hút bụi cầm tay Xiaomi DEERMA DX700SMáy hút bụi cầm tay Xiaomi DEERMA DX700S được thiết kế nhỏ gọn, dễ cầm nắm và di chuyển, ứng dụng công nghệ lốc xoáy - Pro Cyclone, Công suất hoạ...",799000,36000,4,21,,68.0,Deerma
275015814,Máy Hút Bụi 2 Chiều Vừa Thổi Vừa Hút Cầm Tay - Hàng nhập khẩu,"Máy hút bụi 2 chiều Vacuum  cao cấp nó vừa hút và thổi bụi siêu mạnh, công suất máy lên đến 1000W giúp cho nó vệ sinh nhà cửa, ô tô một cách nhanh chóng. Đây là một trong những dòng máy hút bụi cầm ta...",480000,0,0,4,,11.0,Nhà của Mẹ
188636243,MÁY HÚT BỤI 2000W (2.0~2.3 M3/MIN) INGCO VC20258 - HÀNG CHÍNH HÃNG,"Máy hút bụi INGCO VC20258 mang kiểu dáng sang chảnh giúp bạn làm việc tự tin hơn trong quá trình hút bụi, được kết hợp màu sắc đẹp mắt, đáp ứng sở thích của nhiều người. Máy khá nhỏ gọn, bền bỉ phù hợ...",2496000,0,0,0,,,iNGCO
922171,Máy Hút Bụi Trên Giường Tiross TS9302 (350W) - Hàng chính hãng,"Thiết kế thông minh 2 trong 1 và được làm từ chất liệu cao cấpMáy Hút Bụi Trên Giường Tiross TS9302 (350W) được làm từ chất liệu cao cấp, có độ bền cao cùng khả năng chịu lực tốt, không bị biến dạng ...",2268000,0,0,0,,,Tiross
275515311,Bàn hút bụi chuyển đổi khô và ướt dành cho máy hút bụi đa năng WD hàng chính hãng,"MÔ TẢ SẢN PHẨM:-Bàn hút bụi chuyển đổi khô và ướt đi kèm lưỡi hút nước và đầu lông chổi, dễ dàng thay đổi chế độ để hút theo nhu cầu sử dụng-Thiết kế gọn nhẹ, có nút chuyển đổi tiện lợi-Phù hợp với...",631000,19000,3,0,,1.0,Karcher
278638314,"Máy hút bụi Philips dạng hộp XB2023, công suất 1800W, hút khỏe chạy êm, bảo hành 2 năm| HÀNG CHÍNH HÃNG","  - Máy hút bụi Philips XB2023/01 có thiết kế nhỏ gọn hiện đại, dễ dàng tháo lắp, di chuyển và sử dụng, phù hợp với căn hộ, khu chung cư hay hộ gia đình. Máy hút bụi cầm tay Philips được trang bị đầu...",2749000,0,0,0,,,Philips
15087172,Máy hút bụi Electrolux EC41-2DB - Hàng Chính Hãng,"Thiết kế tinh tế, gọn nhẹMáy hút bụi Electrolux EC41-2DB có màu xanh đen tinh tế, sang trọng, kích cỡ gọn nhẹ cùng thiết kế bánh xe giúp di chuyển linh hoạt, nhanh chóng. Các bánh xe quay có kích t...",3490000,0,0,0,,,Electrolux
269028083,"Máy hút bụi thương hiệu cao cấp Philips XB2023/81, Serial 2000, công suất 1500W - Hàng Nhập Khẩu","Máy hút bụi thương hiệu cao cấp Philips XB2023/81, Serial 2000, công suất 1500W - Hàng Nhập KhẩuPhilips là thương hiệu thuộc Tập đoàn Điện tử Hoàng gia Philips được thành lập năm 1891 tại Amsterdam -...",2456000,0,0,0,,,Philips
198536330,Máy Hút Bụi Trên Giường Tiross TS9302 (350W) - Hàng chính hãng,"Thiết kế thông minh 2 trong 1 và được làm từ chất liệu cao cấpMáy Hút Bụi Trên Giường Tiross TS9302 (350W) được làm từ chất liệu cao cấp, có độ bền cao cùng khả năng chịu lực tốt, không bị biến dạng ...",2268000,0,0,0,,,Tiross
183702597,Máy Hút Bụi Trên Giường Tiross TS9302 (350W) - Hàng chính hãng,"Máy hút bụi Tiross TS9302 có thiết kế chuyên dụng để hút bụi ở trên giường, nệm, chăn, ga, gối, sofa, giúp bạn có thể tiêu diệt hết các loại côn trùng gây hại cho da và sức khỏeThiết kế thông minh 2 t...",2268000,0,0,0,,,Tiross
1037608,Máy Hút Bụi Philips FC9351 (1900W) - Đỏ - Hàng chính hãng,"Thiết kế tiện dụng, sang trọng Máy Hút Bụi Philips FC9351 với thân máy mang màu đỏ, kiểu dáng nhỏ gọn sẽ giúp cho không gian căn bếp nhà bạn thêm sang trọng, hiện đại. Sản phẩm mang kiểu dáng của máy...",2736000,913000,25,78,,256.0,Philips
275583053,Máy Hút Bụi Cầm Tay Không Dây 9baby - Hàng Chính Hãng,"Máy Hút Bụi Cầm Tay Không Dây 9baby - Chính Hãng là sản phẩm hiện đại, không chỉ hút bụi cho gia đình và xe hơi mà còn được thiết kế sang trọng, tinh tế kết hợp với sức hút mạnh mẽ, đem lại sự trải...",375000,75000,17,2,,10.0,9Baby
274954184,"Máy hút bụi cầm tay xe hơi đo áp suất, có tích hợp khả năng bơm xe - hàng chính hãng",Thông số kỹ thuật:Điện áp: DC-12V.Công xuất: 96W.Tốc độ: 3000r/min.Hút chân không: 40000 mbar.Kích thước: 40*35*25cmMáy hút bụi oto đa năng 4 trong 1là sự kết hợp vô cùng thông minh với công ng...,350000,0,0,0,,11.0,Nhà của Mẹ
58481479,Máy Hút Bụi Gia Đình Tiross TS9304 (1200-1600 W) - Hàng Chính Hãng,"Máy Hút Bụi Gia Đình TS9304 - Hàng Chính Hãng với điện áp: 220-240 VCông suất: 1200-1600 WDung tích chứa 1,8 lítPhụ kiện đi kèm: ống hút, ống kéo dài, màng lọc hộp bụi, chổi hút, bàn hútDây điện ...",1660000,0,0,0,,,Tiross
277417540,"Máy Hút Bụi Thông Minh Cầm Tay Không Dây FTAKY Lực Hút Mạnh Mẽ 20000PA Chức Năng Hút Bụi Khô Và Ướt - Máy Hút Bụi Ô Tô, Máy Hút Bụi Gia Đình - Hàng Chính Hãng",Máy hút bụi xe ô tô - Máy hút bụi mini cầm tay công suất 120W Cắm tẩu Cực Khỏe THÔNG SỐ SẢN PHẨM: Máy hút bụi xe ô tô - Máy hút bụi mini cầm tay- Công suất: 120w- Độ chân không:20000kpa- Xếp hạng...,449000,0,0,0,,1.0,FTAKY
275267749,"Máy hút bụi cầm tay không dây thông minh cao cấp 4in1 JETZT XS26, hàng chính hãng",Máy hút bụi cầm tay không dây JETZT XS26 Máy hút bụi cầm tay không dây – Dụng cụ vệ sinh nhà cửa hiện đại gia đình - Tặng đầu hút giường nệmMáy hút bụi cầm tay không dây là một thiết bị dọn dẹp hiệ...,2807000,723000,20,1,,4.0,JETZT
274415100,"HÀNG CHÍNH HÃNG - Máy hút bụi không túi Serial 2000, thương hiệu Hà Lan cao cấp Philips - XB2022/81. Bảo hành 2 năm, công suất 1500W","Giới thiệu máy hút bụi không túi XB2022/81, Serial 2000, công suất 1500W, tích hợp hệ thống lọc Super Clean Air. XB2022/81 là dòng nâng cấp của mã XB2023/81.Công suất hút cao với động cơ mạnh mẽ- Làm ...",2989000,0,0,0,,,Philips
202525832,Máy hút bụi Philips FC9351 - Hàng chính hãng,Đặc điểm sản phẩmModel:FC9351Nhà sản xuất:PhilipsXuất xứ:Trung QuốcThời gian bảo hành:24 ThángĐịa điểm bảo hành:Nguyễn KimKiểu máy hút bụi:Dạng hộpCông suất:1900 WCông suất hút:370 ...,3649000,0,0,0,,,Philips
221320708,Máy hút bụi Philips FC9351/01 - Hàng chính hãng,"Máy hút bụi Philips FC9351/01Thiết kế nhỏ gọn, hiện đạiCông nghệ PowerCyclone 5 Bộ lọc EPA10 cung cấp không khí trong lànhThiết kế ngăn chứa bụi tiên tiến, không xử dụng túi đựng bụiCác khớp nối ...",3430000,0,0,0,,,Philips
155761086,"Máy Hút Bụi Cầm Tay Không Dây Morphy Richards MR3936 70W, Lực Hút Lớn 5500Pa - HÀNG NHẬP KHẨU","Máy Hút Bụi Cầm Tay Không Dây Morphy Richards MR3936 70W, Lực Hút Lớn 5500Pa - HÀNG NHẬP KHẨUCác loại máy hút bụi thông thường không thể làm sạch các vị trí nhỏ trên xe ô tô bởi kích thước khá lớn. T...",1587000,0,0,0,,,morphy richards
262976237,Bộ Lọc Máy Hút Bụi DAMAS DA113C - Hàng chính hãng,Lưu ý: Bộ lọc chỉ có thể sử dụng cho máy hút bụi cầm tay không dây DAMAS DA113C và DA113CG...,79000,71000,47,1,,850.0,Damas
68258241,Máy hút bụi cầm tay Deerma DX115C (600W) - Hàng Chính Hãng,Máy hút bụi cầm tay Xiaomi Deerma DX115CNhà cửa bụi bặm không sạch sẽ luôn làm bạn rất khó chịu và lo lắng cho sức khỏe của các thành viên trong gia đình. Do bận rộn với công vi...,499000,0,0,4,,54.0,Deerma
274907676,Máy hút bụi Philips XC2011/01 - Hàng Chính Hãng,THÔNG TIN CHI TIẾTVệ sinh sàn nhà sạch sẽ chỉ trong một lần với Máy hút bụi không dây Series 2000 của Philips. Đầu hút gắn đèn LED của chúng tôi sẽ phát hiện bụi bẩn đang ẩn nấp và thu gom bằng công n...,5099000,0,0,0,,,Philips
19702495,Máy Hút Bụi Bosch BGL72294 - Hàng Chính Hãng,"Thiết kế bắt mắtMáy hút bụi Bosch BGL72294 có thiết kế nhỏ gọn tiết kiệm không gian cho người sử dụng, kiểu dáng bắt mắt với màu sắc trẻ trung, hiện đại, là giải pháp hữu dụng trong gia đình bạn.Côn...",6190000,0,0,0,,,Bosch
273363958,Máy Hút Thổi Bụi Không Dây MK367 kèm phụ kiện hút bụi - Hàng chính hãng,"Máy thổi bụi không dây Kachi MK367 - Giải pháp toàn diện cho mọi nhu cầu dọn dẹpMáy thổi bụi không dây Kachi MK367 là sản phẩm mới nhất của thương hiệu Kachi, được thiết kế với nhiều t...",499000,0,0,6,,27.0,Kachi
117929505,"Máy hút bụi mini không dây cầm tay nhỏ nhắn tiện dụng Deli - Lực hút ổn đinh - Phù hợp vệ sinh bàn phím, laptop, góc học tập, nhà bếp, ô tô - Trắng / Xanh dương - Hàng chính hãng -18883","TÍNH NĂNG SẢN PHẨM:️Thích hợp để loại bỏ bụi trên bề mặt thiết bị gia dụng, máy tính xách tay, bàn phím máy tính, đồ đạc và ghế xe hơi, v.v.️Hoạt động với 2 * pin AAChỉ cần ấn nhẹ công tắc phía dư...",219000,175200,44,57,,271.0,Deli
271356420,"Máy hút bụi gia đình HiClean SP15, công suất 1500W, thùng nhựa ABS, dung tích 15L - Hàng Chính Hãng","Máy hút bụi gia đình HiClean SP15, công suất 1500W, thùng nhựa ABS chống oxy hóa, dung tích 15LKhách hàng có thể dễ dàng tìm thấy ở đây rất nhiều loại máy vệ sinh chuyên nghiệp khác nhau như máy hút ...",1550000,0,0,0,,1.0,HiClean
277613189,"Máy hút bụi Deerma DX120C lực hút 16Kpa, Công suất 600W động cơ không chổi than {New 2025} - Hàng chính hãng","Máy hút bụi Deerma DX120c lực hút 16Kpa, Công suất 600W động cơ không chổi than {New 2025}Đặc điểm nổi bật:Thiết kế hiện đại, có thể tháo rời ống nối để sử dụng như máy hút bụi cầm tay nhỏ gọn.Động...",749000,0,0,2,,14.0,Deerma
19549537,Máy Hút Bụi Jed Force Ariete MOD.2753 (700W) - Hàng Chính Hãng,"Thiết kế gọn gàng, cứng cápMáy Hút Bụi Jed Force Ariete MOD.2753 sở hữu kiểu dáng nhỏ, gọn gàng và trọng lượng nhẹ giúp bạn sử dụng dễ dàng hơn, thuận tiện trong việc di chuyển và bảo quản. Sở hữu ng...",1379000,721000,34,0,,,Ariete 
271286572,Máy hút bụi lau nhà Airdog GT810 -  Bảo hành chính hãng 12 tháng - Hàng nhập khẩu,Review máy hút bụi lau nhà Airdog GT810 ĐIỂM NỔI BẬT VỀ SẢN PHẨM+ Thiết kế màn hình Led tinh tế và hiện đại+ Động cơ không chổi than cao cấp+ Đầu lau sàn tích hợp phần chổi lăn được thiết kế m...,7500000,1500000,17,0,,,AIRDOG
269895067,"HÀNG NHẬP KHẨU - Máy hút bụi không túi Philips XB2023/81, Serial 2000, công suất 1500W","Giới thiệu máy hút bụi không túi Philips XB2023/81, Serial 2000, công suất 1500W- Máy hút bụi không túi Philips XB2023/81 thuộc dòng 2000 là máy hút bụi có sức hút mạnh. Nhờ có công nghệ PowerCyclone ...",2555000,0,0,0,,,Philips
250336326,Máy hút bụi cầm tay có dây SOKANY công suất 2000W - Hàng chính hãng,I. THÔNG SỐ KỸ THUẬT CỦA MÁY HÚT BỤI CẦM TAY SOKANY LOẠI CÓ DÂY:II. CÁC TÍNH NĂNG ƯU VIỆT CỦA MÁY HÚT BỤI CẦM TAY SOKANY LOẠI CÓ DÂY:- Hút sạch mọi bụi bẩn trong không khí đồng thời tách bụi bẩn và...,922000,0,0,4,,30.0, SOKANY
272271113,"Máy hút bụi gia đình HiClean SP15, công suất 1500W, thùng nhựa ABS, dung tích 15L - Hàng Chính Hãng","Máy hút bụi gia đình HiClean SP15, công suất 1500W, thùng nhựa ABS chống oxy hóa, dung tích 15LKhách hàng có thể dễ dàng tìm thấy ở đây rất nhiều loại máy vệ sinh chuyên nghiệp khác nhau như máy hút ...",1990000,0,0,0,,,HiClean
67864486,"Máy Hút Bụi Công Nghiệp Mini Yili 12 Lít, Có Thể Sử Dụng Trong Gia Đình, (Hút Khô - Ướt -Thổi Bụi Đa Năng) - Hàng Chính Hãng","Máy Hút Bụi Công Nghiệp Mini Yili 12 Lít, Có Thể Sử Dụng Trong Gia Đình, Nhà Xưởng, Văn Phòng (Hút Khô - Ướt -Thổi Bụi Đa Năng) - Hàng Chính Hãng Giờ đây, những bụi bẩn, mảnh vụn, tóc hay các sợi l...",920000,0,0,0,,22.0,Yili
273472466,"Máy Hút Bụi Mini Cầm Tay Deerma DX115C Công Suất 600W, Lực Hút Mạnh 16000Pa - Hàng Nhập Khẩu",Máy hút bụi cầm tay Deerma DX115C BẢN 2023 600WLưu ý: Sản phẩm Máy hút bụi Cầm Tay Deerma DX115C  LÀ PHIÊN BẢN MỚI 2023 CÔNG SUẤT 600W LỰC HÚT 15KPA.Phiên bản cũ 400w lực hút 12kpa ngưng bán thay bằ...,505000,0,0,1,,9.0,Deerma
15444258,Máy hút bụi dùng pin (12V) CL106FDZW ( không kèm pin sạc) - Hàng chính hãng,"Việc làm sạch nhà cửa trở nên dễ dàng hơn bao giờ hết với máy hút bụi dùng pin có trọng lượng siêu nhẹ với thời gian sử dụng liên tục lên đến 40 phút và khả năng chứa bụi lớn (600ml), di chuyển dễ dàn...",1027000,0,0,0,,,Makita
4387411,"Máy hút bụi GREEN HOME GHA 585 - Hàng chính hãng - Máy hút bụi cầm tay công suất 400W cho lực hút siêu mạnh, công nghệ buồng hút lốc xoáy mạnh mẽ, túi lọc tiên tiến, dẽ dàng thay thế.","- Chức năng hút bụi siêu sạch, siêu mạnh.- Buồng hút bụi công nghệ lốc xoáy, li tâm nén bụi triệt để- Dung tích: 1.4 lít- Nhỏ gọn, dễ di chuyển- Độ ổn: < 70 DBMáy hút bụi cầm tay cao cấp GREEN HOME...",1098000,0,0,0,,4.0,Greenhome
273459670,Máy Hút Bụi Mini Cầm Tay Deerma DX118C Công Suất  cao Lực Hút Mạnh - Hàng Nhập Khẩu,"Máy sử dụng nguồn điện xoay chiều 220V~50Hz.Máy đi kèm với 3 đầu hút bụi: đầu hút sàn, đầu hút góc và đầu hút mềm.Đầu hút sàn sử dụng hút bụi, rác nhỏ, lông thú nuôên bề mặt phẳng như sàn gạch, sàn ...",525000,0,0,0,,,Deerma
276252209,"Máy hút bụi giường nệm diệt khuẩn UV công suất cao 400W SOKANY SK-13032, có màn hình led, loại có dây lực hút mạnh - HÀNG CHÍNH HÃNG - DELIYA","Máy hút bụi giường nệm diệt khuẩn UV công suất cao 400W SOKANY SK-13032, có màn hình led, loại có dây lực hút mạnh [BẢO HÀNH 12 THÁNG - ĐỔI TRẢ TRONG 15 NGÀY ĐẦU]  I. THÔNG SỐ KỸ THUẬT HÚT BỤI GIƯỜ...",1100000,0,0,0,,1.0,DELIYA
646599,Máy Hút Bụi Makita VC1310LX1 (1050W) - Xanh Đen - Hàng chính hãng,"   Máy Hút Bụi Makita VC1310LX1 (1050W) - Xanh Đen  được trang bị mô-tơ có công suất hoạt động mạnh mẽ lên đến 1050W, có thể hút 2m3 khí mỗi phút, giúp máy hút bụi cực mạnh,         nhanh chóng.   T...",9199000,0,0,0,,,Makita
2166843,Máy Hút Bụi Karcher VC 3 Plus - Hàng chính hãng,"Thiết kế nổi bậtMáy hút bụi Karcher VC 3 Plus có kiểu dáng gọn nhẹ và nổi bật với tone màu vàng đen quen thuộc của hãng, là một thiết bị đáp ứng hoàn hảo cho các nhu cầu hút bụi các hộ gia đình hiện...",3690000,0,0,0,,1.0,Karcher
277682016,"Máy hút bụi cầm tay đa năng, tiện lợi JETZT S20, hàng chính hãng",Máy hút bụi JETZT S20 cầm tay có dây lực hút mạnh 20.000PA TÍNH NĂNG SẢN PHẨMĐộng cơ BOOST 600W mạnh mẽ nhất trong phân khúc sản phẩm máy hút bụiHiệu suất chưa từng có công suất hút tối đa 20.000P...,1090000,0,0,0,,2.0,JETZT
73227917,Máy Hút Bụi Bosch HMH.BGLS42035 (4.0 Lít - 2000W) - Hàng Chính Hãng,"Thiết kế gọn nhẹ, linh hoạtMáy Hút Bụi Bosch HMH.BGLS42035 sở hữu thiết kế hiện đại, màu sắc mạnh mẽ, sang trọng. Phần thân máy nhỏ gọn, kết hợp với bánh xe lớn hỗ trợ người dùng di chuyển nhẹ nhàng,...",4990000,0,0,0,,,Bosch
192184583,MÁY HÚT BỤI NƯỚC 1400W (1.9M3/PHÚT) INGCO VC14301- HÀNG CHÍNH HÃNG,"INGCO Tools đã có đại lí chính hãng ở thị trường Việt Nam, mục tiêu phát triển của thương hiệu này là mang tới cho người tiêu dùng những máy móc và đồ nghề giá rẻ nhưng vẫn đảm bảo chất lượ Qua quá tr...",2350656,0,0,0,,,iNGCO
90514315,"Máy Hút Bụi ABG WL092-20L-2 Công Suất 1400W  Máy Được Sử Dụng Thích Hợp Cho Gia Đình  Nhà Hàng, Khách Sạn, Công Ty, Nhà Xưởng, Dịch Vụ Vệ Sinh, Trạm Rửa Xe ÔTô Chuyên Dụng – Hàng Chính Hãng.","Máy Hút Bụi ABG WL092-20L-2 ( Hút Khô Và Ướt) Loại 20 Lít Công Suất 1400W  Thích Hợp Cho Gia Đình  Nhà Hàng, Khách Sạn, Công Ty, Nhà Xưởng, Dịch Vụ Vệ Sinh, Trạm Rửa Xe ÔTô Chuyên Dụng – Hàng Chính Hã...",1890000,0,0,0,,,ABG
130438173,Máy hút bụi Samsung VCC8836V36/XSV - Hàng chính hãng, Máy hút bụi Samsung sở hữu bộ lọc HEPA H13 có khả năng lọc bụi mịn và các tác nhân gây dị ứng mang lại không khí trong lành. Công suất hoạt động 2200W cùng lực hút cực mạnh 430W với công nghệ hút...,2800000,0,0,0,,3.0,Samsung
174626523,Máy hút bụi Samsung dạng hộp VC18M3110VB | 1800W | 2lít | Turbine Không Xoắn Tóc | Dễ Dàng Tháo Lắp | Hàng chính hãng,  THÔNG TIN SẢN PHẨM:   - Turbine Không Xoắn Tóc duy trì lực hút mạnh mẽ   - Hộp bụi lớn chứa lên đến 2 lít bụi bẩn   - Dễ dàng tháo lắp và vệ sinh hộp chứa bụi   THÔNG TIN CHI TIẾT:   - Lực Hút...,1900000,0,0,0,,,Samsung
2137935,Máy Hút Bụi Panasonic MC-YL637SN49 - Hàng chính hãng,"Thiết kế gọn gàngMáy hút bụi Panasonic MCYL637SN49 có thiết kế nhỏ gọn, dễ dàng di chuyển, là công cụ hỗ trợ đắc lực cho gia đình với khả năng làm sạch bụi ấn tượng.Công suất 2300W mạnh mẽMáy hú...",4699000,0,0,0,,1.0,Panasonic
270906060,"Máy hút bụi cầm tay không dây JETZT XS23, hàng chính hãng","THÔNG SỐ KỸ THUẬT CỦA JETZT XS23:  Mã sản phẩm: XS23Điện áp định mức: 14.8VCông suất định mức: 120WKhối lượng tịnh: 1,35kgĐiện áp sạc: 100-240V-50/60HzPin: Li-ion 2200mAhThời gian sạc: 4 ~ 5 ...",1189000,765000,39,2,,21.0,JETZT
152209455,Máy hút bụi  Philips FC9351/01 - Hàng chính hãng,Động cơ 1900 W tạo sức hút mạnhĐộng cơ 1900 W tạo sức hút mạnh giúp làm sạch nhanh chóng và kỹ lưỡng.Công nghệ PowerCyclone 5 tách bụi ra khỏi không khíCông nghệ PowerCyclone 5 độc quyền tăng tốc k...,3430000,0,0,0,,,Philips
276409020,Máy Hút Bụi Mini Để Bàn Deli - Máy Hút Bụi Cầm Tay Dạng Vuông Tiện Dụng Hút Vụn Tẩy Bút Chì - Không Dây Nhỏ Gọn,"TÍNH NĂNG SẢN PHẨM:️Thích hợp để loại bỏ bụi trên bề mặt thiết bị gia dụng, máy tính xách tay, bàn phím máy tính, đồ đạc và ghế xe hơi, v.v.️Hoạt động với pin AAA️Chỉ cần ấn nhẹ công tắc phía dưới,...",157000,134600,46,1,,3.0,Deli
277474644,Máy hút bụi khô và ướt không dây Tiross TS9306 - Hàng chính hãng,"Máy hút bụi khô và ướt không dây TIROSS TS9306 được thiết kế hoàn toàn mới, sang trọng và hiện đại cho ngôi nhà của bạn.- Có thể đánh bay các vết bẩn trên sàn, vết bẩn khó lau, những vũng nước bẩn...",11900000,0,0,0,,,Tiross
278575482,Máy hút bụi 2 chức năng Stanley SL19128PA – 9L – 15Kpa - HÀNG CHÍNH HÃNG,"Máy hút bụi gia dụng Stanley SL19128PA là sản phẩm lý tưởng cho nhu cầu vệ sinh, dọn dẹp trong gia đình. Máy được thiết kế với thùng chứa bụi làm bằng nhựa cao cấp 9 lít. Công suất lực hút lên đến 15-...",1420000,0,0,0,,,Stanley
272946408,Máy hút bụi cầm tay Rhino VC101 mini gia đình tiện lợi - Hàng chính hãng,"Máy hút bụi cầm tay Rhino VC101 mini gia đình tiện lợiMáy hút bụi bé, có thể để trong ô tô1. Mô tả sản phẩmTrong cuộc sống sinh hoạt hàng ngày không thể tránh khỏi các bụi bẩn,rác thải li ti khiến ch...",315000,64000,17,0,,1.0,Rhino Store
253101186,Máy hút bụi cầm tay không dây EUFY HomeVac S11 Lite - T2503,Loại bỏ bụi bẩn hàng ngàyCông suất hút 75AW ấn tượng là quá đủ để loại bỏ mớ hỗn độn hàng ngày của bạn.Thời gian sử dụng caoLàm sạch toàn bộ ngôi nhà của bạn với tối đa 35 phút hút bụi ở chế độ t...,5500000,0,0,0,,,ANKER
120294862,"Máy hút bụi mini để để bàn tiện lợi Nusign - Phù hợp vệ sinh laptop, góc học tập - Hàng chính hãng - 1 chiếc - NS198","TÍNH NĂNG SẢN PHẨM: Máy hút bụi mini để bàn NUSIGN NS198 Máy hút bụi nhỏ bền nhẹ cho văn phòng của bạnLực hút mạnh, có thể hút các bụi bẩn như vụn tẩy, vụn chì trên bề mặt giấy, bàn làm việc của bạnSử...",127800,52200,29,0,,3.0,NUSIGN 
276236484,"Máy hút bụi gia đình SOKANY SK3381 đa năng công suất cao 2000W lực hút mạnh, công nghệ giảm tiếng ồn [BẢO HÀNH 12 THÁNG] - HÀNG CHÍNH HÃNG - DELIYA","Máy hút bụi gia đình SOKANY SK3381 đa năng công suất cao 2000W lực hút mạnh, công nghệ giảm tiếng ồn* ĐỔI MỚI TRONG 7 NGÀY KHÔNG MẤT PHÍ, BẢO HÀNH 1 NĂM NẾU HÀNG CÓ LỖI  * SẢN PHẨM ĐƯỢC KIỂM TRA CH...",1169000,0,0,0,,,DELIYA
277452903,"Qrachic - máy hút bụi cầm tay không dây gia đình thông mình dùng pin hai chế độ hút công nghệ hút xoáy cyclonic dùng vệ sinh nhà cửa, xe hơi đa năng không tiếng ồn máy chạy êm hàng chính hãng",   ...,495000,495000,50,0,,1.0,QRACHIC
271287073,Máy hút bụi lau sàn Airdog GT810 -  Bảo hành chính hãng 12 tháng,Review máy hút bụi lau nhà Airdog GT810  ĐIỂM NỔI BẬT VỀ SẢN PHẨM+ Thiết kế màn hình Led tinh tế và hiện đại+ Động cơ không chổi than cao cấp+ Đầu lau sàn tích hợp phần chổi lăn được thiết ...,9000000,0,0,0,,,AIRDOG
3275833,Máy hút bụi xe Green Home GHC 207 - Hàng Chính Hãng,"- Thiết kế với nhiều loại đầu hút khác nhau giúp cho việc hút bụi trở lên thật dễ dàng; với đầu nối dài nó có thể len lỏi vào mọi ngõ ngách trên xe, thổi bay mọi loại bụi bẩn.- Đặc biệt với dây dẫn dà...",499000,0,0,3,,70.0,Greenhome
277563772,"Máy hút bụi cầm tay không dây đa năng Jetzt XS30, lực hút vượt trội 30.000PA - Hàng chính hãng","Máy hút bụi cầm tay không dây đa năng Jetzt XS30, lực hút vượt trội 30.000PA THÔNG SỐ KỸ THUẬTTên sản phẩm: Máy hút bụi cầm tay không dây đa năng XS30 Công suất: 150WTrọng lượng máy: 2.2kgNguồn ...",2168000,1231000,36,0,,,JETZT
15087171,Máy hút bụi Electrolux EC41-6CR - Hàng Chính Hãng,"Dễ dàng làm sạch mọi nơi trong căn nhà của bạnMáy hút bụi Electrolux EC41-6CR các bánh xe quay có kích thước lớn trên máy hút bụi sẽ giúp máy dễ dàng di chuyển, điều đó giúp việc làm sạch mọi nơi tro...",5200000,0,0,0,,,Electrolux
104109163,"Máy hút bụi cầm tay Votemm Hàn Quốc (600W) - Hàng chính hãng 2 chiều hút thổi bụi, chạy êm, bảo hành 1 năm",Giới thiệu sản phẩm Máy hút bụi cầm tay công nghệ lốc xoáy 2 chiều VO.TEMM (600W)Máy hút bụi cầm tay công nghệ lốc xoáy 2 chiều V (600W) GDP0006 được trang bị 3 loại đầu hút khác nhau và các phần r...,1500000,0,0,0,,,Votemm
273176467,Máy Hút Bụi Không Dây Kachi Mk364 pin 3600mAh - Hàng chính hãng,Máy Hút Bụi Không Dây Kachi Mk364 pin 3600mAhBộ lọc HEPA lọc bụi mịnKhông dây thoải mái di chuyển khắp phòng không bị vướng hay lo không có chỗ cắm điệnBảo hành 18 tháng motorPin bảo hà...,399000,0,0,1,,6.0,Kachi
198498660,MÁY HÚT BỤI 2000W TOLSEN 79609 - HÀNG CHÍNH HÃNG,"Thương hiệu Tolsen chuyên thiết kế, sản xuất, lắp ráp, cung cấp các thiết bị và dụng cụ công nghiệp dân dụng cỡ lớn và các loại dụng cụ cầm tay đa năng chuyên nghiệp nổi tiếng về chất lượng và hậu mãi...",7900464,0,0,0,,,Tolsen
278371192,Máy hút bụi Bosch BWD421PRO Serie 4 Hàng chính hãng,"Bán kính hoạt động lên tới 12 m, kết hợp 5 mức hiệu suất hút bụi linh hoạt lựa chọn cho người dùngHút bụi đồng thời giặt thảm, giường nệm hiệu quả chỉ với một thiết bịTrang bị đa dạng loại đầu hút p...",8800000,0,0,0,,,Bosch
135727441,Máy hút bụi cầm tay không dây Morphy Richards MR3936 - HÀNG NHẬP KHẨU,Máy hút bụi cầm tay không dây Morphy Richards MR3936 - HÀNG NHẬP KHẨU Các loại máy hút bụi thông thường không thể làm sạch các vị trí nhỏ trên xe ô tô bởi kích thước khá lớn. Tuy nhiên Máy hút bụi ô...,1587000,0,0,0,,2.0,morphy richards
241945309,MÁY HÚT BỤI 2000W TOLSEN 79609 - HÀNG CHÍNH HÃNG,"Thương hiệu Tolsen chuyên thiết kế, sản xuất, lắp ráp, cung cấp các thiết bị và dụng cụ công nghiệp dân dụng cỡ lớn và các loại dụng cụ cầm tay đa năng chuyên nghiệp nổi tiếng về chất lượng và hậu mãi...",6554400,0,0,0,,,Tolsen
66492602,"Máy Hút Bụi Gia Đình YILI YLC-6280 Dung Tích 8 Lít, Công Suất 700W – Hàng Chính Hãng","Máy Hút Bụi Gia Đình YILI YLC-6280 Dung Tích 8 Lít, Công Suất 700W – Hàng Chính HãngMô tả sản phẩm Máy hút bụi công nghiệp YILI YLC-6280 8L Thông tin sản phẩm Máy hút bụi công nghiệp YILI YLC-6280 ...",1820000,0,0,0,,,Yili
276191281,"Máy hút bụi cầm tay SOKANY SK-13004, hút bụi gia đình công suất CAO 3600W, lực hút mạnh 30000PA hút sạch mọi bụi bẩn - HÀNG CHÍNH HÃNG","Máy hút bụi cầm tay SOKANY SK-13004, hút bụi gia đình công suất CAO 3600W, lực hút mạnh 30.000PA hút sạch mọi bụi bẩn - HÀNG CHÍNH HÃNG [BẢO HÀNH CHÍNH HÃNG 12 THÁNG - ĐỔI TRẢ TRONG 15 NGÀY ĐẦU]  1...",1673000,0,0,8,,33.0, SOKANY
276271506,"Máy hút bụi cầm tay SOKANY SK-13004 công suất cao 3600W, lực hút mạnh 30.000Pa, hút sạch mọi bụi bẩn, có thể điều chỉnh - HÀNG CHÍNH HÃNG - DELIYA","Máy hút bụi cầm tay SOKANY SK-13004 công suất cao 3600W, lực hút mạnh 30.000Pa, hút sạch mọi bụi bẩn, có thể điều chỉnh  [BẢO HÀNH 12 THÁNG - ĐỔI TRẢ TRONG 15 NGÀY ĐẦU]  I. THÔNG SỐ KỸ THUẬT C...",1673000,0,0,0,,,DELIYA
511594,Máy Hút Bụi Salon Ô Tô Mini Hando Coido 6038W,"Máy Hút Bụi Salon Ô Tô Mini Hando Coido 6038W   Máy Hút Bụi Salon Ô Tô Mini Hando Coido 6038W được trang bị nhiều đầu hút khác nhau, giúp hút sạch mọi bụi bẩn trong xe ô tô, cho xe luôn sạch và thoán...",439000,0,0,0,,2.0,Hando
278626764,"Máy hút bụi Philips dạng hộp FC9350, công suất 1800W, bảo hành 2 năm | Hàng chính hãng"," Máy hút bụi Philips FC9350/01 – Nhỏ gọn, mạnh mẽ, lọc sạch 99.95% bụi  Thiết kế sang trọng – tiện lợiThân máy màu xanh hiện đại, nhỏ gọn, dễ di chuyển.Ống hút kim loại 2 đoạn có thể thu gọn, h...",3309000,0,0,0,,,Philips
57486062,Máy hút bụi không dây Electrolux PQ91-3EM - Hàng chính hãng,Chức năng sạc Grab & GoTrượt từ vị trí sạc pin để sử dụng và quay trở lại vị trí sạc vô cùng đơn giản. Chỉ cần nắm lấy tay cầm và di chuyển.Tiết kiệm điện năng sử dụ...,5159000,2540000,33,0,,2.0,Electrolux
250960362,"Máy Hút Bụi Philips FC9351/01, 1900W - Hộp chứa 1.5Lit, Công nghệ PowerCyclone 5, Hàng Chính Hãng",       Thông số kỹ thuật Máy hút bụi dạng hộp Philips FC9351   Công suất hoạt động: 1900W   Công suất hút bụi: 370W   Dung tích khoang chứa: Hộp chứa - 1.5 lít   Bộ lọc: Allergy H13 (cấp HEPA ...,3500000,0,0,0,,,Philips
248939001,"Máy Hút Bụi Công Nghiệp Hàng Nhập khẩu Tahawa TH-602J vệ sinh và làm sạch trong các khu công nghiệp lớn, cơ sở sản xuất, nhà xưởng, khu tái chế","Máy hút bụi công nghiệp TAHAWA TH-602J Máy hút bụi cầm tay Sản phẩm được sản xuất trên dây chuyền công nghệ Nhật hiện đại. Với công suất lớn, hút bụi mạnh mẽ, thùng chứa cực khủng.THÔNG SỐ KỸ THUẬ...",6600000,0,0,0,,,TAHAWA
274410269,Máy hút bụi gia đình thương hiệu cao cấp Philips XB2022/81 - Hàng Chính Hãng,Máy hút bụi gia đình thương hiệu cao cấp Philips XB2022/81 - Hàng Chính Hãng Philips là thương hiệu thuộc Tập đoàn Điện tử Hoàng gia Philips được thành lập năm 1891 tại Amsterdam - Hà Lan. Đây là cô...,2989000,0,0,0,,,Philips
273712295,"[Tổng Hợp] Máy hút bụi cầm tay Media, Máy hút bụi chăn ga gối đệm, ghế sofa bán chạy-Hàng chính hãng","Máy hút bụi diệt khuẩn giường nệm Mi là một sản phẩm hiệu quả với khả năng hút bụi mạnh mẽ và khử trùng giường nệm. Được thiết kế để đáp ứng nhu cầu vệ sinh trong gia đình, máy này không chỉ hút bụi m...",1080000,0,0,0,,,Mecool
229723021,MÁY HÚT BỤI (2.0 M³/PHÚT )1050W MAKITA VC1310LX1 - HÀNG CHÍNH HÃNG,"Thành lập năm 1915 là công ty sửa chữa và kinh doanh các động cơ điện, Công ty Makita đã phát triển thành nhà sản xuất dụng cụ điện cầm tay hàng đầu Nhật Bản cũng như trên thế giới.Công ty Makita thi...",10011813,0,0,0,,,Makita
150815943,"Máy hút bụi Airbot iRoom 2.0 phiên bản 19000 Pa, động cơ không chổi than, hút giường nệm và dây ống hút cầm tay, Hàng Chính Hãng",Máy hút bụi Airbot iRoom 2.0 được ra đời là phiên bản cải tiến về lực hút cũng như sự nâng cấp thêm về các phụ kiện đầu hút.Nhằm mang đến trải nghiệm cho người tiêu dùng những chức năng tiện ích hơn....,2990000,0,0,0,,14.0,airbot
15445190,"Máy hút bụi dùng pin (12v) CL107FDZW (Không kèm pin, sạc) chính hãng","Máy hút bụi dùng pin kích thước nhỏ gọn và trọng lượng cực nhẹ nhưng lực hút lớn với lưu lượng hút lên tới 5.0kPa mang lại hiệu quả cao trong việc lau dọn bụi bẩn, mảnh vỡ hay lông vật nuôi… ở mọi ngó...",1374000,0,0,0,,1.0,Makita
15418134,Máy hút bụi dùng pin (12v) CL106FDSYW (kèm pin và sạc ) chính hãng,"Việc làm sạch nhà cửa trở nên dễ dàng hơn bao giờ hết với máy hút bụi dùng pin có trọng lượng siêu nhẹ với thời gian sử dụng liên tục lên đến 40 phút và khả năng chứa bụi lớn (600ml), di chuyển dễ dàn...",2567000,0,0,0,,2.0,Makita
275658664,Máy hút bụi dạng hộp Samsung VC18M21M0VN/SV-N - Hàng Chính Hãng,"        Thông tin sản phẩm Máy hút bụi Samsung thiết kế với màu sắc trang nhã phù hợp với nhiều không gian nội thất, công suất lớn 1800W giúp hút sạch bụi bẩn nhanh chóng Lưu ý: sản phẩm chỉ hút đ...",1700000,0,0,0,,,Samsung
20161873,Máy hút bụi (ướt & khô) VC3210LX1 Makita hàng chính hãng,"Công dụng: để hút các loại bụi bẩn cứng đầu nhất, trả lại cho bề mặt trạng thái sạch sẽ ban đầu. Ngoài ra, máy còn có thể sử dụng nđể hút nước. Tổng dung tích bình chứa cực lớn lên đến 59L với khoa...",11376000,0,0,0,,1.0,Makita
43926404,"Máy hút bụi công nghiệp dạng nhỏ Sumika K20, Màu Vàng, 20L, 1600W, Có thể hút nước, Motor Ametek của Mỹ, Tầng lọc HEPA, Dây điện dài 10m, Thùng chứa Thép không gỉ - Hàng Chính Hãng","Công suất và dung tích lớn.Sumika K20 với dung tích thùng chứa lên đến 20L, hỗ trợ bạn mạnh mẽ trong việc dọn vệ sinh cho những khu vực có diện tích lớn. Thùng chứa được làm từ thép không gỉ có thể c...",1844000,0,0,137,,510.0,Sumika
277188065,Máy hút bụi ô tô không dây cao cấp -hút bụi ô tô- hút bụi gia đình (xanh phối đen),"    Máy hút bụi là một trong những phát minh tốt nhất của con người, đây là một thiết bị gia dụng rất hữu ích trong việc vệ sinh, làm sạch bụi bẩn, đảm bảo cho ngôi nhà của bạn luôn sạch sẽ.     ...",425000,0,0,0,,1.0,TIEN ANH HOUSE
252632000,Máy hút Bụi Không Dây Bosch BHN20L Hàng Chính Hãng,"Trọng lượng nhẹ, tiện dụng và linh hoạt. Đảm bảo làm sạch ở mọi ngóc ngáchCông suất hút mạnh mẽ, hiệu quả cao nhờ công nghệ AirFlowCông nghệ pin Lithium-ion cho hiệu suất làm việc cao và thời gian s...",2790000,0,0,1,,5.0,Bosch
275176840,Máy hút bụi dạng hộp Samsung VC18M2120SB/SV - Hàng chính hãng,Loại máy: Máy hút bụi dạng hộpCông suất hoạt động: 1800WCông suất hút: 360WLoại khoang chứa: Hộp chứaDung tích: 1.5 lítĐộ ồn cao nhất: 87 dBBộ lọc: Bộ lọc thôCác...,1649000,341000,17,0,,1.0,Samsung
273079264,Máy Hút Bụi Công Nghiệp Jetman 25L+30L+40L (Bảo hành 1 năm),QUÝ KHÁCH LƯU ÝMÁY HÚT BỤI JETMAN 25L =1750KMÁY HÚT BỤI JETMAN 30L =1850K(Nhắn tin hoặc gọi điện theo SDT trên ảnh cho shop để lấy mã FREESHIP và Viết phiếu bảo hành 1 năm.----------------------------...,1750000,0,0,1,,5.0,Jetman
275267963,"Máy hút bụi cầm tay không dây đa năng công nghệ mới 4in1 JETZT XS35, hàng chính hãng",MÁY HÚT BỤI CẦM TAY KHÔNG DÂY ĐA NĂNG JETZT XS35THÔNG TIN SẢN PHẨM Model: XS35 Lực hút: 30.500PA Công suất tiêu thụ: 150W Trọng lượng máy: 2.4kgDung tích bầu đựng bụi: 0.7L Nguồn điện vào: 100...,4255000,1045000,20,0,,1.0,JETZT
201308583,"Máy hút bụi giường nệm diệt khuẩn UV TSUKI TS-HC01, dây dài 3,5 mét, lực hút 10.000 Pa - Hàng chính hãng","Máy hút bụi giường nệm diệt khuẩn UV TSUKI TS-HC01, dây dài 3,5 mét, lực hút 10.000 PaĐể đảm bảo sức khoẻ an toàn cho mọi thành viên trong gia đình bạn chắc chắn không thể bỏ qua sản phẩm MÁY HÚT BỤI...",858000,0,0,0,,1.0,TSUKI
250960366,"Máy Hút Bụi Philips FC9350/01, 1800W - Hộp Chứa 1.5Lit, Công nghệ PowerCyclone 5, Hàng Chính Hãng",       Thông số kỹ thuật Máy hút bụi dạng hộp Philips FC9350   Công suất hoạt động: 1800W   Công suất hút bụi: 350W   Dung tích khoang chứa: Hộp chứa - 1.5 lít   Bộ lọc: Allergy H13 (cấp HEPA ...,3100000,0,0,0,,,Philips
274916729,MÁY HÚT BỤI  DV3 DEKTON -HÀNG CHÍNH HÃNG," Trong cuộc sống hiện đại, máy hút bụi đã trở thành một phần quan trọng của cuộc sống hàng ngày, đặc biệt là trong việc bảo quản sạch sẽ và vệ sinh trong gia đình. Để đáp ứng nhu cầu ngày càng cao củ...",1687500,0,0,0,,,Dekton
275088296,Máy hút bụi JETZT S10 cầm tay có dây hàng chính hãng,"Máy hút bụi JETZT S10 cầm tay có dây lực hút mạnh 20.500PA TÍNH NĂNG SẢN PHẨMĐộng cơ BOOST 600W mạnh mẽ nhất trong phân khúc sản phẩm máy hút bụiHiệu suất chưa từng có, công suất hút tối đa 20500P...",799000,451000,36,2,,6.0,JETZT
248936295,"Máy hút bụi công nghiệp cao cấp hàng nhập khẩu Tahawa Nhật Bản TH-803J - Lực hút cực sạch, hút cả khô và ướt dành cho các cơ sở kinh doanh dịch vụ nhà hàng, khách sạn, khu nghĩ dưỡng du lịch"," Máy hút bụi công nghiệp cao cấp hàng nhập khẩu Tahawa Nhật Bản TH-803J - Lực hút cực sạch, hút cả khô và ướt dành cho các cơ sở kinh doanh dịch vụ nhà hàng, khách sạn, khu nghĩ dưỡng du lịchThông ti...",10600000,0,0,0,,,TAHAWA
494168,Máy Hút Bụi PanasonicPAHB-MC-YL631RN46 (1700W) - Đen - Hàng Chính Hãng,"Động cơ và kiểu dáng có thiết kế mạnh mẽ Máy Hút Bụi Panasonic PAHB-MC-YL631RN46 – Đen thiết kế với động cơ hoạt động êm ái, bền bỉ và mạnh mẽ tạo nên sự vững chắc và an toàn cho quá trình làm việc. ...",3399000,0,0,1,,2.0,Panasonic
3271633,Máy hút bụi cầm tay Green Home GHA 585 - Hàng Chính Hãng,"Buồng hút bụi công nghệ lốc xoáy nén bụi triệt đểDung tích: 1.4 lítNhỏ gọn, dễ di chuyểnĐộ ồn: < 70 dBMáy hút bụi cầm tay cao cấp GREEN HOME GHA 585GREEN HOME GHA 585 là chiếc máy hút bụi cầm...",1098000,0,0,7,,63.0,Greenhome
276939482,"Máy Hút Bụi Cầm Tay Không Dây Công Suất 120W Wireless Vacuum Cleaner, Phù Hợp Để Trong Ô Tô, Văn Phòng, Phòng Ngủ Hút tóc, lông chó mèo, bụi bẩn - Hàng chính hãng",Máy Hút Bụi Cầm Tay Không Dây RST-88 Công Suất 120W - WIRELESS VACUUM CLEANERCông suất: 120w / 7500PA Điện áp đầu vào: DC12VDòng điện đầu vào: 8VCông nghệ hút air-clean siêu sạch / Lõi lọc HEPANg...,259000,41000,14,0,,,Aurora
59263000,"Máy Hút Bụi Không Dây Đa Năng DEERMA CM1900 Diệt 99,9% Vi Khuẩn Bằng Tia UV Siêu Thông Minh - Hàng Chính Hãng","MÁY HÚT BỤI GIƯỜNG NỆM KHÔNG DÂY ĐA NĂNG XIAOMI DEERMA CM1900 là phiên bản nâng cấp của CM1300 , với thiết kế tương đồng nhau , thay đổi lớn nhất là nay đã được trang bị 1 viên pin 2200mAh thoải mái s...",1590000,0,0,1,,1.0,Deerma
253045464,Máy hút bụi giường nệm có dây REKKY cầm tay hiện đại kết hợp ánh sáng UV diệt khuẩn- Hàng chính hãng,"Máy hút bụi giường nệm REKKY công nghệ diệt khuẩn thông minh bằng tia UV với hệ thống lọc đa tầng RE002WLỖI 1 ĐỔI 1 MIỄN PHÍ TẠI NHÀ, BẢO HÀNH 12 THÁNG  THÔNG SỐ KỸ THUẬT CỦA MÁY HÚT BỤI GIƯỜNG NỆM...",808000,0,0,1,,5.0,REKKY
274722478,Máy hút bụi không dây X-force Flex 9.60 TY2039WO - Tím - Hàng Chính Hãng - - Công suất: 250W  - Đầu hút: 100AW  - Thời lượng pin: 45 phút,"THÔNG TIN SẢN PHẨMMáy húi bụi không dây X-force Flex 9.60 TY2039WO - Tím - Công suất: 250W- Đầu hút: 100AW- Thời lượng pin: 45 phút - Hộp chứa bụi: 0,4 L- Đầu máy hút bụi cực nhẹ nhỏ hơn 1,2kg...",11990000,0,0,0,,,Tefal
276252039,Máy hút bụi giường nệm diệt khuẩn UV công suất cao 1400W SOKANY SK-13029 loại có dây lực hút mạnh - HÀNG CHÍNH HÃNG - DELIYA,Máy hút bụi giường nệm diệt khuẩn UV công suất cao 300W SOKANY SK-13029 loại có dây lực hút mạnh - HÀNG CHÍNH HÃNG [BẢO HÀNH 12 THÁNG - ĐỔI TRẢ TRONG 15 NGÀY ĐẦU]  I. THÔNG SỐ KỸ THUẬT HÚT BỤI GIƯỜ...,871000,0,0,0,,,DELIYA
273746035,"Máy hút bụi cầm tay SOKANY SK3381 đa năng công suất cao 2000W lực hút mạnh, công nghệ giảm tiếng ồn - Hàng Chính Hãng","Mã sản phẩm : SK3381- Công suất : 2000W- Chất liệu : Nhựa ABS cao cấp- Màu sắc : Xanh Blue- Thương hiệu : SOKANY- Dung tích hộp đựng bụi: 1,8L- Chiều dài dây cắm: 5m- Điện áp : 220V...",1169000,0,0,0,,, SOKANY
125363359,Máy hút bụi cầm tay HAFELE HSV-21G (Hàng chính hãng),"Máy hút bụi cầm tay Hafele HSV-21G với kiểu dáng gọn nhẹ, không dây, lực hút mạnh và đa dạng đầu hút đảm bảo sự sạch sẽ, tinh tươm trên từng bề mặt và ngóc ngách nhỏ nhất. Máy trang bị 1 đầu chổi cho ...",4743000,0,0,1,,1.0,HAFELE
147776013,Máy hút bụi giường nệm V10 PRO diệt khuẩn uv công suất 700W - Hàng chính hãng,MÁY HÚT BỤI GIƯỜNG NỆM CẦM TAY - Sản phẩm bảo vệ sức khỏe cho cả gia đình - Tặng 1 lọc HEPAĐể đảm bảo sức khoẻ an toàn tuyệt đối cho mọi thành viên trong gia đình bạn chắc chắn không thể bỏ qua sản p...,1474000,0,0,140,,513.0,PerySmith
249021660,"Máy hút bụi công nghiệp cao cấp hàng nhập khẩu chính hãng Tahawa Nhật Bản TH-803 - Lực hút cực sạch, hút cả khô và ướt dành cho các cơ sở kinh doanh dịch vụ nhà hàng, khách sạn- Hàng chính hãng - Bảo Hành 2 Năm"," Máy hút bụi công nghiệp cao cấp hàng nhập khẩu chính hãng Tahawa Nhật Bản TH-803 - Lực hút cực sạch, hút cả khô và ướt dành cho các cơ sở kinh doanh dịch vụ nhà hàng, khách sạnMáy hút bụi công nghiệ...",10700000,0,0,0,,,TAHAWA
275812829,Máy hút bụi Bosch BGC21X300 Hàng chính hãng,Bosch Series 4 ProPower BGC21X300 tách bụi bẩn ra khỏi luồng không khí để máy hút bụi không bị mất lực hút. Ngay cả khi hộp chứa bụi đã đầy. Bộ lọc có thể được rửa sạch dưới vòi nước. Với đầu hút kết ...,5890000,0,0,0,,,Bosch
20882633,Máy Hút Bụi Cầm Tay Deerma-Deerma Vacuum Cleaner DX700 - Hàng Chính Hãng,"Thiết kế gọn gàng, dễ bảo quảnMáy Hút Bụi Cầm Tay Xiaomi Deerma-Deerma Vacuum Cleaner DX700 được thiết kế nhỏ gọn, dễ cầm nắm và di chuyển. Bạn có thể sử dụng để làm sạch mọi ngõ ngách trong nhà mà k...",866000,0,0,217,,534.0,Deerma
276104798,Máy hút bụi Xiaomi Vacuum Cleaner G20 Lite - Hàng Chính Hãng,Sức hút lốc xoáy mạnh mẽ để làm sạch toàn bộ ngôi nhà của bạn- Lực hút tối đa 18.000Pa*: Động cơ không chổi than tốc độ cao tích hợp cung cấp lực hút lên tới 18.000Pa cho phép dễ dàng loại bỏ các hạt...,1890000,0,0,0,,,Xiaomi
75583174,"Máy hút bụi công nghiệp HiClean HC70A (thùng nhựa chống va đập, 70L) - Hàng chính hãng",Máy hút bụi công nghiệp HiClean là sản phẩm với tính năng nổi bật về làm sạch bụi bẩn siêu tốc và hiệu quả. Máy hút bụi công nghiệp HiClean là thương hiệu nổi tiếng hơn 13 năm tại th...,3390000,0,0,2,,7.0,HiClean
131473341,Máy hút bụi khô và ướt điện 1050W KYOCERA - AVC51 (Kèm Linh kiện khác) - Hàng Chính Hãng,"THÔNG TIN KỸ THUẬT:1. Thương hiệu: KYOCERA.2. Sản phẩm: Máy hút bụi 1050W khô + ướt (dùng điện).3. Mã sản phẩm: AVC51.4. Điện thế: 220-240V~50-60Hz.5. Công suất: 1050W.6. Thùng thực: Khô 5 lít, ...",5100000,0,0,0,,,Kyocera
29287558,Máy Hút Bụi Không Dây Có Cán vừa hút vừa lau Philips FC6728 - Hàng Chính Hãng,"Đầu hút xoay 180° hút bụi nhanh, mạnh và chính xácMáy Hút Bụi Không Dây Có Cán Philips FC6728 có đầu hút 180° được thiết kế để hút sạch bụi bẩn chính xác và mạnh mẽ trên tất cả các loại sàn, ngay cả ...",7999000,0,0,0,,,Philips
98174265,Máy hút bụi robot EMMA S,"Điều hướng thông minh: Chế độ điều hướng con quay hồi chuyển, nhanh hơn gấp 3 lần so với các robot điều hướng ngẫu nhiên hàng đầuĐường dọn vệ sinh: có bàn chải chính dài hơn và bàn chải phụ sáu m...",6500000,0,0,0,,,Trifo
273393581,Máy Hút Bụi Công Nghiệp Jetman 25L+30L+40L Hàng chính hãng 100%  (Bảo hành 1 năm),QUÝ KHÁCH LƯU ÝMÁY HÚT BỤI JETMAN 25L =1750KMÁY HÚT BỤI JETMAN 30L =1850K(Nhắn tin hoặc gọi điện theo SDT trên ảnh cho shop để lấy mã FREESHIP và Viết phiếu bảo hành 1 năm.----------------------------...,1750000,0,0,0,,2.0,Jetman
115800947,Máy hút bụi Samsung VC18M3110VB/SV 2 lít - Hàng chính hãng,"Lực Hút Ổn ĐịnhTurbine Không Xoắn Tóc Turbine Không Xoắn Tóc mang đến sức hút mạnh mẽ ổn định hơn*, không bị tắc nghẽn bởi tóc và bụi, duy trì độ hút lý tưởng trong thời gian dài. ""*Dựa trên kiểm ng...",2200000,0,0,0,,,Samsung
145680765,Máy hút bụi Samsung không dùng túi Rambo (VCC8836V36) - Hàng chính hãng,       * Công Suất Tiêu Thụ 2200W & Lực Hút 430W Mạnh Mẽ   Dòng máy hút bụi không túi thế hệ mới của Samsung mang đến hiệu quả vệ sinh vượt trội với công suất cực đại 2200W và lực hút mạnh mẽ...,2800000,0,0,0,,1.0,Samsung
