id,reason
254900615,Not JSON response
275659896,Not JSON response
274603605,Not JSON response
194479731,Not JSON response
90474488,Not JSON response
275494239,Not JSON response
275494229,Not JSON response
275376243,Not JSON response
277867264,Not JSON response
278437606,Not JSON response
277929058,Exceeded 30 redirects.
277914407,Exceeded 30 redirects.
278000142,Exceeded 30 redirects.
167047342,Exceeded 30 redirects.
185910783,Exceeded 30 redirects.
208201618,Exceeded 30 redirects.
271269780,Exceeded 30 redirects.
242657808,Exceeded 30 redirects.
201518209,Exceeded 30 redirects.
48496923,Exceeded 30 redirects.
45882438,Exceeded 30 redirects.
170616154,Exceeded 30 redirects.
220661861,Exceeded 30 redirects.
362090,Exceeded 30 redirects.
251575380,Exceeded 30 redirects.
34690921,Exceeded 30 redirects.
278682287,Exceeded 30 redirects.
276802131,Exceeded 30 redirects.
249213074,Exceeded 30 redirects.
275276654,Exceeded 30 redirects.
198359318,Exceeded 30 redirects.
276806661,Exceeded 30 redirects.
202611198,Exceeded 30 redirects.
465994,Exceeded 30 redirects.
186088990,Exceeded 30 redirects.
275494233,Exceeded 30 redirects.
225911073,Exceeded 30 redirects.
145394212,Exceeded 30 redirects.
94347684,Exceeded 30 redirects.
217514198,Exceeded 30 redirects.
275494241,Exceeded 30 redirects.
278611155,Exceeded 30 redirects.
275132994,Exceeded 30 redirects.
275609081,Exceeded 30 redirects.
274764151,Exceeded 30 redirects.
278639419,Exceeded 30 redirects.
19451378,Exceeded 30 redirects.
278607774,Exceeded 30 redirects.
275474256,Exceeded 30 redirects.
276238833,Exceeded 30 redirects.
201518264,Exceeded 30 redirects.
275477644,Exceeded 30 redirects.
516248,Exceeded 30 redirects.
272242311,Exceeded 30 redirects.
278539879,Exceeded 30 redirects.
426283,Exceeded 30 redirects.
273080919,Exceeded 30 redirects.
194479731,Exceeded 30 redirects.
196410339,Exceeded 30 redirects.
77682758,Exceeded 30 redirects.
248826825,Exceeded 30 redirects.
58553680,Exceeded 30 redirects.
275133873,Exceeded 30 redirects.
139250784,Exceeded 30 redirects.
273280929,Exceeded 30 redirects.
212425000,Exceeded 30 redirects.
276806805,Exceeded 30 redirects.
278618773,Exceeded 30 redirects.
271235409,Exceeded 30 redirects.
139303855,Exceeded 30 redirects.
248590515,Exceeded 30 redirects.
274890507,Exceeded 30 redirects.
149145808,Exceeded 30 redirects.
275163755,Exceeded 30 redirects.
130199631,Exceeded 30 redirects.
278607799,Exceeded 30 redirects.
275421459,Exceeded 30 redirects.
204322741,Exceeded 30 redirects.
79855914,Exceeded 30 redirects.
275814086,Exceeded 30 redirects.
278607803,Exceeded 30 redirects.
273705559,Exceeded 30 redirects.
278638745,Exceeded 30 redirects.
274603654,Exceeded 30 redirects.
171953442,Exceeded 30 redirects.
126795031,Exceeded 30 redirects.
55358334,Exceeded 30 redirects.
275494239,Exceeded 30 redirects.
51227503,Exceeded 30 redirects.
273494775,Exceeded 30 redirects.
275494223,Exceeded 30 redirects.
90474488,Exceeded 30 redirects.
193888006,Exceeded 30 redirects.
275133540,Exceeded 30 redirects.
207356911,Exceeded 30 redirects.
275159507,Exceeded 30 redirects.
74959556,Exceeded 30 redirects.
275885502,Exceeded 30 redirects.
79855873,Exceeded 30 redirects.
249634914,Exceeded 30 redirects.
276331954,Exceeded 30 redirects.
276102871,Exceeded 30 redirects.
171716258,Exceeded 30 redirects.
275197675,Exceeded 30 redirects.
275477864,Exceeded 30 redirects.
201518039,Exceeded 30 redirects.
21925885,Exceeded 30 redirects.
275812551,Not JSON response
276289678,Not JSON response
198521029,Not JSON response
135079395,Not JSON response
33597000,Not JSON response
198354000,Not JSON response
201518080,Not JSON response
74966450,Not JSON response
8313666,Not JSON response
465977,Not JSON response
251407027,Exceeded 30 redirects.
204286417,Exceeded 30 redirects.
118137722,Exceeded 30 redirects.
58553676,Exceeded 30 redirects.
1005386,Exceeded 30 redirects.
270820867,Exceeded 30 redirects.
275474302,Exceeded 30 redirects.
275010124,Exceeded 30 redirects.
275159520,Exceeded 30 redirects.
190543970,Exceeded 30 redirects.
275477563,Exceeded 30 redirects.
225910715,Exceeded 30 redirects.
201518183,Exceeded 30 redirects.
276235168,Exceeded 30 redirects.
171715502,Exceeded 30 redirects.
270255469,Exceeded 30 redirects.
276806412,Exceeded 30 redirects.
271293801,Exceeded 30 redirects.
1684181,Exceeded 30 redirects.
205611008,Exceeded 30 redirects.
278112485,Exceeded 30 redirects.
277809798,Exceeded 30 redirects.
273280964,Exceeded 30 redirects.
558068,Exceeded 30 redirects.
250960544,Exceeded 30 redirects.
278682271,Exceeded 30 redirects.
276861814,Exceeded 30 redirects.
275494229,Exceeded 30 redirects.
276815483,Exceeded 30 redirects.
278682279,Exceeded 30 redirects.
270114399,Exceeded 30 redirects.
198111135,Exceeded 30 redirects.
274780474,Exceeded 30 redirects.
276562668,Exceeded 30 redirects.
278670917,Exceeded 30 redirects.
273263931,Exceeded 30 redirects.
253395511,Exceeded 30 redirects.
148654134,Exceeded 30 redirects.
278111643,Exceeded 30 redirects.
276778962,Exceeded 30 redirects.
276365851,Exceeded 30 redirects.
125877716,Exceeded 30 redirects.
276806881,Exceeded 30 redirects.
74343796,Exceeded 30 redirects.
276247122,Exceeded 30 redirects.
276825056,Exceeded 30 redirects.
275087167,Exceeded 30 redirects.
278618844,Exceeded 30 redirects.
814122,Exceeded 30 redirects.
275133437,Exceeded 30 redirects.
278618826,Exceeded 30 redirects.
278626771,Exceeded 30 redirects.
276562673,Exceeded 30 redirects.
54644755,Exceeded 30 redirects.
273388312,Exceeded 30 redirects.
253427061,Exceeded 30 redirects.
276562665,Exceeded 30 redirects.
277521092,Exceeded 30 redirects.
54614613,Exceeded 30 redirects.
278618412,Exceeded 30 redirects.
273200842,Exceeded 30 redirects.
276263593,Exceeded 30 redirects.
248823747,Exceeded 30 redirects.
275629580,Exceeded 30 redirects.
274890669,Exceeded 30 redirects.
125889397,Exceeded 30 redirects.
512693,Exceeded 30 redirects.
275164520,Exceeded 30 redirects.
45944490,Exceeded 30 redirects.
278610878,Exceeded 30 redirects.
276115428,Exceeded 30 redirects.
1684277,Exceeded 30 redirects.
253426386,Exceeded 30 redirects.
276807014,Exceeded 30 redirects.
275840485,Exceeded 30 redirects.
253493041,Exceeded 30 redirects.
278090496,Exceeded 30 redirects.
276817532,Exceeded 30 redirects.
276815366,Exceeded 30 redirects.
275662135,Exceeded 30 redirects.
276102725,Exceeded 30 redirects.
204283380,Exceeded 30 redirects.
199739900,Exceeded 30 redirects.
270098004,Exceeded 30 redirects.
143170532,Exceeded 30 redirects.
275134430,Exceeded 30 redirects.
263079166,Exceeded 30 redirects.
147414038,Exceeded 30 redirects.
263079168,Exceeded 30 redirects.
273167066,Exceeded 30 redirects.
276235178,Exceeded 30 redirects.
193702941,Exceeded 30 redirects.
275243819,Exceeded 30 redirects.
194490381,Exceeded 30 redirects.
276116754,Exceeded 30 redirects.
276238372,Exceeded 30 redirects.
100182035,Exceeded 30 redirects.
275133995,Exceeded 30 redirects.
52593583,Exceeded 30 redirects.
43935672,Exceeded 30 redirects.
278237783,Exceeded 30 redirects.
272416557,Exceeded 30 redirects.
33597004,Exceeded 30 redirects.
242442857,Exceeded 30 redirects.
140220574,Exceeded 30 redirects.
198111129,Exceeded 30 redirects.
277390267,Exceeded 30 redirects.
277554205,Exceeded 30 redirects.
41844917,Exceeded 30 redirects.
830297,Exceeded 30 redirects.
277600941,Exceeded 30 redirects.
273130262,Exceeded 30 redirects.
