id,name,short_description,price,discount,discount_rate,review_count,day_ago_created,quantity_sold,brand_name
392067,Bàn Ủi Khô Philips HD1172/01 (1000W) - Hàng chính hãng,"Công suất 1000W mạnh mẽBàn Ủi Khô Philips HD1172 hoạt động với công suất 1000W có chức năng làm nóng nhanh chóng mặt đế bàn ủi, giúp ủi nhanh quần áo giúp bạn tiết kiệm được nhiều thời gian và điện n...",301000,88000,23,1456,,20204.0,Philips
188042106,Bàn ủi hơi nước cầm tay PHILIPS STH1000/10 (900W) - Hàng Chính Hãng,"Thiết kế của sản phẩm- Bàn ủi hơi nước cầm tay Philips STH1000/10 thiết kế nhỏ gọn giúp ủi quần áo mọi lúc, mọi nơi mà không cần dùng ván ủi, màu sắc trang nhã, dễ cầm nắm và di chuyển với khối lượng...",712000,287000,29,60,,361.0,Philips
273577371,[SẢN PHẨM MỚI] Bàn ủi đứng kết hợp móc treo Tefal Origin Home - Hàng chính hãng,"Bàn ủi đứng kết hợp móc treo Tefal Origin Home IT3274E1- Công suất: 2000W- Thiết kế mới dạng móc treo vừa ủi đứng, vừa làm móc treo- Bình chứa: 1.4L có thể tháo rời và sử dụng lên đến 35' - T...",1509000,1420000,48,2,,18.0,Tefal
392067,Bàn Ủi Khô Philips HD1172/01 (1000W) - Hàng chính hãng,"Công suất 1000W mạnh mẽBàn Ủi Khô Philips HD1172 hoạt động với công suất 1000W có chức năng làm nóng nhanh chóng mặt đế bàn ủi, giúp ủi nhanh quần áo giúp bạn tiết kiệm được nhiều thời gian và điện n...",301000,88000,23,1456,,20204.0,Philips
213866788,Bàn ủi khô Philips HD1172/01- HÀNG CHÍNH HÃNG," làm thẳng quần áo nhanh, tiết kiệm điệnMặt đế hợp kim nhôm đúc giúp dẫn nhiệt rất nhanh và khả năng chống dính tốtNhờ vậy, bạn có thể ủi được quần áo của mình nhanh hơn. Ngoài ra, chất liệu này ...",295000,0,0,11,,56.0,Philips
275428217,{Bảo Hành 12 Tháng} Bàn Là Ủi Áo Quần Hơi Nước Cầm Tay Tiện Lợi Loại 1 Hàng Chính Hãng PaKaSa - Là Được Tất Cả Loại Vải- Gấp Gọn Tiện Dụng,"HÔNG SỐ KÝ THUẬT- Công suất cao 1500W, xả nhanh 30S- Vòi phun áp lực 7 lỗ phun rộng rãi- Hơi nước không phai và ủi quần áo nhanh hơn- Bình chứa nước 120ML, chống nhỏ giọt và rò rỉ- Dung tích bìn...",452200,175800,28,1,,1.0,PaKaSa
130412385,Bàn Là Ủi Áo Quần Hơi Nước Cầm Tay Tiện Lợi Loại 1 Hàng Chính Hãng MINIIN- Là Được Tất Cả Loại Vải- Gấp Gọn Tiện Dụng,"Bàn Là Ủi Áo Quần Hơi Nước Cầm Tay Tiện Lợi Loại 1 Hàng Chính Hãng MINIIN- Là Được Tất Cả Loại Vải- Gấp Gọn Tiện DụngTHÔNG SỐ KÝ THUẬT- Công suất cao 1500W, xả nhanh 30S- Vòi phun áp lực 7 lỗ phun...",329000,0,0,46,,1421.0,MINIIN
272870729,Bàn ủi khô Philips DST0520 mẫu mới 2023 công suất 1200W - Hàng Chính Hãng,Bàn ủi khô Philips DST0520 mẫu mới 2023 công suất 1200W: - Bàn ủi khô Dòng 500 mới của Philips có kích thước nhỏ nhất và trọng lượng nhẹ nhất. Thiết kế cực kỳ nhỏ gọn của bàn ủi cho phép ủi dễ dàng ...,289000,11000,4,0,,5.0,Philips
1987657,Bàn Ủi Electrolux EDI1004 (1300W) - Hàng chính hãng,"Thiết kế nhỏ gọn, hiện đạiBàn Ủi Electrolux EDI1004 có thiết kế đẹp mắt, khỏe khoắn cùng màu sắc bắt mắt đem đến cho không gian nhà bạn cảm giác tươi mát. Sản phẩm còn chú trọng vào tay cầm được bọc ...",296000,43000,13,27,,335.0,Electrolux
1908441,Bàn Ủi Khô Sunhouse SHD1072 - Hồng (1200W) - Hàng chính hãng,"Bàn ủi khô Sunhouse SHD1072 có kiểu dáng nhỏ gọn, màu sắc trẻ trung, giúp bạn có thể là mọi mặt của các loại vải vóc mà không gây cảm giác mỏi tay.Thiết kế đầu bàn ủi nhọn, nhờ đó bạn có thể di ...",168000,0,0,1,,2.0,Sunhouse
126795031,Bàn ủi hơi nước cầm tay STH3020/10 (1000W) - Hàng chính hãng ,"Thiết kế nhỏ gọnBàn ủi hơi nước cầm tay STH3020/10 với thiết kế cầm tay gọn gàng, đẹp mắt, cầm thuận tay, dễ dàng di chuyển tùy theo nhu cầu, có thể mang theo đi công tác, du lịch,Công suất lớnCông...",1280000,118000,8,4,,45.0,Philips
276613272,Bàn Là Ủi Áo Quần Hơi Nước Cầm Tay Tiện Lợi Loại 1 Hàng Chính Hãng - Là Được Tất Cả Loại Vải- Gấp Gọn Tiện Dụng,"THÔNG SỐ KÝ THUẬT- Công suất cao 1500W, xả nhanh 30S- Vòi phun áp lực 7 lỗ phun rộng rãi- Hơi nước không phai và ủi quần áo nhanh hơn- Bình chứa nước 120ML, chống nhỏ giọt và rò rỉ- Dung tích bì...",349000,0,0,2,,12.0,Gro-Fa
121264450,Bàn ủi hơi nước Bluestone SIB-3879 - Hàng chính hãng,"Loại bàn ủi: Bàn ủi hơi nước. Công suất lớn 2020W - 2400W ủi quần áo thẳng nhanh chóng, hiệu quả, tiết kiệm thời gian, công sức Mặt đế Ceramic cao cấp, chống dính hiệu quả giúp bàn ủi lướt êm và nh...",1019000,180000,15,1,,8.0,Bluestone
263079168,Bàn Ủi Hơi Nước Philips DST5040/80 (2600W) - Hàng Chính Hãng,"Công suất 2600 W giúp làm nóng nhanhĐể làm nóng nhanh và có hiệu suất mạnh.Mặt đế chống xước mang đến hiệu quả lướt êmMặt đế SteamGlide Plus được thiết kế đặc biệt chống dính, chống xước gi...",1444000,455000,24,7,,48.0,Philips
251773246,Bàn ủi khô philips DST0520/20 có men chống dính - Hàng chính hãng,"- Bàn ủi khô Dòng 500 mới của Philips có kích thước nhỏ nhất và trọng lượng nhẹ nhất. Thiết kế cực kỳ nhỏ gọn của bàn ủi cho phép ủi dễ dàng và trơn tru, ủi phẳng quần áo mà không tốn nhiều sức.- Mặ...",259000,0,0,2,,32.0,Philips
208201618,Bàn ủi hơi nước Philips DST1040/30 2000W mặt đế chống dính - Hàng Chính Hãng,"Bàn ủi hơi nước Philips DST1040/30 - sự lựa chọn hoàn hảo dành cho người bận rộn.Thiết kế Bàn ủi Philips có kiểu dáng nhỏ gọn với kích thước 26 x 11.1 x 13,6cm,  giúp người dùng dễ dàng bảo quản và ...",522000,147000,22,16,,97.0,Philips
171898434,Bàn ủi khô Philips HD1172/01 - Hàng chính hãng,"Bề mặt bàn ủi phẳng cùng công suất lớn, giúp bạn ủi nhanh và hiệu quả hơnĐầu mặt đế bàn ủi thiết kế mảnh, cho phép bạn dễ dàng chạm đến những vị trí khó ủi nhấtTay cầm thoải mái giúp bạn cầm nắm vừa...",409000,40000,9,16,,52.0,Philips
278530640,Hàng tặng không bán - Bàn ủi cầm tay - DT6130E0 Hàng chính hãng,Hàng tặng không bán - Bàn ủi cầm tay - DT6130E0 Hang chính hãngMua 1 ổ RE100-25-4TB tặng 1 Bàn ủi cầm tay Tefal - DT6130E0...,1500000,0,0,0,,,Acer
261983261,Bàn ủi Comet CM1126 - HÀNG CHÍNH HÃNG (Giao màu ngẫu nhiên),THÔNG TIN KỸ THUẬT:1.Thương hiệu: Comet  2.Sản phẩm: Bàn ủi khô3.Mã sản phẩm: CM11264.Điện áp: 220V - 50Hz5.Công suất: 1000W6.Kích thước: 257*110*120  – Cân nặng: 0.58kg7.Bảo hành: 12 tháng8.Công dụng...,309000,0,0,0,,,Comet
426282,Bàn Ủi Khô Panasonic PABU-NI-317TVRA (1000W) - Hàng chính hãng,"Công suất 1000W cùng nút xoay điều chỉnh nhiệt độBàn Ủi Khô Panasonic PABU-NI-317TVRA được trang bị hệ thống toả nhiệt với công suất lên đến 1000W, giúp cho người dùng có thể dễ dàng là phẳng được cá...",405000,75000,16,71,,623.0,Panasonic
275494230,Bàn ủi hơi nước cầm tay Philips STH3010/30  - Hàng chính hãng,"Thiết kế nhỏ gọn có thể gập lại dễ dàng mang theoBàn ủi hơi nước cầm tay Philips STH3010/30 thiết kế nhỏ gọn, có thể gập lại dễ dàng cất giữ, tiết kiệm không gian, tiện mang theo khi đi du lịch hay c...",1299000,0,0,0,,,Philips
532446,Bàn Ủi Khô Sunhouse SHD1072 - Xanh - Hàng chính hãng,"Thiết kế nhỏ gọn, dễ sử dụng Bàn Ủi Khô Sunhouse SHD1072 - Xanh được thiết kế với kiểu dáng nhỏ gọn, tạo sự êm ái thoải mái cho bạn với công việc là ủi áo quần. Công suất 1000W mạnh mẽ Hoạt động v...",168000,0,0,0,,2.0,Sunhouse
147352661,Bàn ủi hơi nước cầm tay PHILIPS DST3040/70 2600W - Hàng Chính Hãng,"Thiết kế của sản phẩm- Bàn ủi hơi nước Philips DST3040/70 thiết kế nhỏ gọn, hiện đại, màu xanh dương đậm bắt mắt, dễ cầm nắm và di chuyển với khối lượng chỉ khoảng 1.41 kg.- Thiết kế đầu mũi nhọn, d...",1074000,625000,37,56,,273.0,Philips
275376243,Bàn Là Ủi Áo Quần Hơi Nước Cầm Tay Tiện Lợi Loại 1 Hàng Chính Hãng - Là Được Tất Cả Loại Vải- Gấp Gọn Tiện Dụng,"Bàn Là Ủi Áo Quần Hơi Nước Cầm Tay Tiện Lợi Loại 1 Hàng Chính Hãng - Là Được Tất Cả Loại Vải- Gấp Gọn Tiện DụngTHÔNG SỐ KÝ THUẬT- Công suất cao 1500W, xả nhanh 30S- Vòi phun áp lực 7 lỗ phun rộng ...",375000,75000,17,2,,7.0,Anh Lam Store
405176,Bàn Ủi Đứng Tiross TS860 - Hàng chính hãng,"Bàn Ủi Đứng Tiross TS860 Bàn Ủi Đứng Tiross TS860 có luồng hơi nước áp lực cao có tác dụng ủi thẳng quần áo, vải vóc, rèm cửa, khăn trải bàn, ghế nệm bọc vải mà không làm hỏng dáng. Bình chứa nước có...",2497000,0,0,0,,,Tiross
278530389,Hàng tặng không bán - Bàn ủi cầm tay - DT6130E0 Hàng chính hãng,Hàng tặng không bán - Bàn ủi cầm tay - DT6130E0 Hang chính hãngMua 1 ổ RE100-25-4TB tặng 1 Bàn ủi cầm tay - DT6130E0...,1500000,0,0,0,,,Acer
273121995,"Bàn Là, Bàn Ủi Hơi Nước cầm tay SOKANY AJ2205- Công suất 1200W- HÀNG CHÍNH HÃNG","BÀN LÀ HƠI NƯỚC SOKANY - SK2205 ĐỔI MỚI TRONG 7 NGÀY KHÔNG MẤT PHÍ, BẢO HÀNH 1 NĂM NẾU HÀNG CÓ LỖI  SẢN PHẨM ĐƯỢC KIỂM TRA VÀ ĐÓNG GÓI CẨN THẬN TRƯỚC KHI VẬN CHUYỂN NÊN QUÝ KHÁCH HOÀNTOÀN YÊN TÂM K...",523000,0,0,22,,101.0, SOKANY
21933829,"Bàn ủi hơi nước đứng là mọi chất liệu, kèm kệ bàn là tiện dụng hàng hiệu Royalstar","- Thương hiệu cao cấp Royalstar cho giới nhà giầu trên thế giới nay đã có mặt tại Việt Nam.- Thiết kế bằng chất liệu cao cấp, đẹp, bền, tốt.- Sản phẩm phù hợp dùng trong mọi gia đình, shop thời tran...",1100000,0,0,11,,51.0,Royalstar
272372213,Bàn Là Ủi Áo Quần  Hơi Nước Cầm Tay Tiện Lợi Loại 1 GT3065- Là Được Tất Cả Loại Vải- Gấp Gọn Tiện Dụng- Hàng Chính Hãng MINIIN,Bàn Là Ủi Áo Quần Hơi Nước Cầm Tay Tiện Lợi Loại 1 GT3065- Là Được Tất Cả Loại Vải- Gấp Gọn Tiện Dụng- Hàng Chính Hãng MINIIN Bàn Là Hơi Nước Cầm Tay  SK-GT-3065 - Bàn Ủi Hơi Nước Cầm Tay Mini - Ph...,399000,0,0,0,,,MINIIN
444670,Bàn Ủi Khô Electrolux EDI2004 - Trắng Xanh - Hàng chính hãng,"Hoạt động với công suất mạnh mẽBàn Ủi Khô Electrolux EDI2004 - Trắng Xanh hoạt động mạnh mẽ với công suất lớn 1300 W, giúp bạn ủi thẳng quần áo nhanh chóng, đặc biệt là các trang phục có xếp li.Thi...",480000,0,0,0,,,Electrolux
199739900,"Bàn Ủi Hơi Nước Trụ Đứng Philips STE3170 /80 Có Cầu Ủi StyleBoard nghiêng, Premium (2000W) - Hàng Chính Hãng","Thiết kế sang trọngBàn Ủi Hơi Nước Trụ Đứng Philips STE3170 thiết kế hiện đại, màu sắc trang nhã, dễ cầm nắm và di chuyển. Ủi quần áo treo dễ dàng với thân bàn ủi có thể tùy chỉnh chiều cao, trọng lư...",2721000,2538000,48,4,,17.0,Philips
273745890,Bàn ủi Electrolux EDI1004 - Hàng chính hãng,"Bàn ủi Electrolux EDI1004 có mẫu mã thanh lịch, thiết kế nhỏ gọn, công suất cao, ủi quần áo nhanh chóngBàn ủi khô có tay cầm bọc nhựa, tăng độ bám khi cầm nắmĐồng thời tăng sự thoải mái khi phải ủi...",320000,0,0,0,,,Electrolux
275376507,Bàn Là Ủi Áo Quần Hơi Nước Cầm Tay Tiện Lợi Loại 1 Hàng Chính Hãng - Là Được Tất Cả Loại Vải- Gấp Gọn Tiện Dụng,"Bàn Là Ủi Áo Quần Hơi Nước Cầm Tay Tiện Lợi Loại 1 Hàng Chính Hãng - Là Được Tất Cả Loại Vải- Gấp Gọn Tiện DụngTHÔNG SỐ KÝ THUẬT- Công suất cao 1500W, xả nhanh 30S- Vòi phun áp lực 7 lỗ phun rộng ...",375000,75000,17,0,,2.0,Anh Lam Store
158959653,Bàn Ủi Khô Philips HD1172 - Hàng Chính Hãng ,"THÔNG SỐ KỸ THUẬT- Loại bàn ủi: Bàn ủi khô- Công suất: 1000W- Bình nước: Không có bình nước- Mặt đế: Nhôm- Chức năng: Ủi khô- Tiện ích: Có rãnh cúc tiện lợi, Mặt đế chống dínhĐẶC ĐIỂM NỔI BẬTB...",355000,0,0,0,,,Philips
516917,Bàn Ủi Electrolux ESI5126 - Xanh Trắng - Hàng chính hãng,"Bàn ủi hơi nước Electrolux ESI5126Mặt đế Glissium ủi phẳng và đều mọi nếp nhăn.Phun hơi liên tục ủi phẳng mọi nếp nhăn.Hơi nước phun thẳng đứng, ủi dọc dễ dàng.Expert ProTip tiếp cận các khu vực ...",1200000,0,0,0,,,Electrolux
147356515,Bàn ủi hơi nước cầm tay PHILIPS DST3030/70 2400W - Hàng Chính Hãng,Hơi phun tăng cường đến 180 gamBàn ủi hơi nước cầm tay PHILIPS DST3030/70 2400W hơi phun tăng cường cung cấp thêm công suất để hơi phun thấm sâu hơn vào vải và dễ dàng ủi phẳng những nếp nhăn khó ủi ...,831000,368000,31,22,,128.0,Philips
174099037,Bàn ủi Alaska BL-1000,Công suất 250WPhích cắm loại VDEMặt đế ceramicDây điện dài 1.8mĐèn nguồn hiển thịNguồn điện 220-240V/ 50-60HzNúm vặn điều chỉnh nhiệt độ phù hợp cho từng loại quần áo5 mức nhiệt độ dành riêng c...,500000,0,0,0,,,Alaska
278682273,"Bàn là, bàn ủi khô Philips HD1172/01 1000W|Hàng Chính Hãng",  Bàn là Philips HD1172 được thiết kế kiểu dáng vô cùng nhỏ gọn và mạnh mẽ. Thân bàn là bằng inox chống xước trong quà trình sử dụng. Với thiết kế này đây là mẫu bàn là mà nhiều khách du lịch lựa chọ...,389000,0,0,0,,,Philips
194479731,Bàn ủi hơi nước Philips DST8041/80 (3000W) - Hàng Chính Hãng,"Thiết kế tiện dụngBàn ủi hơi nước Philips DST8041/80 với chế độ tự động ngắt điện khi không sử dụng. Hơi phun liên tục lên tới 80g/phút. Mặt đế SteamGilde chống dính, lướt êm chống trày xước. Có thể ...",3351000,848000,20,10,,55.0,Philips
278160139,Bàn Ủi Đồ Để Bàn Thép ERMA Màu Xanh Dương W76xD30.5xH11.5Cm |Index Living Mall| Nội Thất Thái Lan, Thông tin chi tiết- Tên sản phẩm : Bàn Ủi Đồ Để Bàn Thép ERMA Màu Xanh Dương W76xD30.5xH11.5Cm- Mã sản phẩm : 170143445- Chất liệu sản phẩm : Thép- Kích thước : 76 x 30.5 x 11.5 cm Lưu ý- Ind...,299400,199600,40,0,,1.0,Index Living Mall
22965459,Bàn là hơi nước Panasonic NI-M250TPRA - Hàng chính hãng,"Panasonic NI-M250TPRA có , làm nóng mặt đế nhanh, ủi thẳng quần áo mauMặt đế phủ Titanium , chống trầy xước, có độ bền cao, lướt nhẹ nhàng trên mọi chất liệu quần áo Núm vặn chỉ dẫn nhiệt độ ủi phù ...",522000,138000,21,1,,6.0,Panasonic
273297510,"Bàn Là Cây Hơi Nước Kèm Bàn Ủi Công Suất 2000W Dễ Dàng Sử Dụng, Phù Hợp Nhiều Loại Vải hàng nhập khẩu","Bàn Là Cây Hơi Nước SEKA SK47 Kèm Bàn Ủi Công Suất 2000W Dễ Dàng Sử Dụng, Phù Hợp Nhiều Loại VảiBàn ủi hơi nước đứng SEKA  là một thiết bị có thể thay đổi thói quen ủi đồ truyền thống. Bàn ủi giúp bạ...",899000,0,0,0,,3.0,DORON the best service 
275494235,Bàn ủi hơi nước cầm tay Philips STH3000/20  - Hàng chính hãng,"Thiết kế nhỏ gọn có thể gập lại dễ dàng mang theoBàn ủi hơi nước cầm tay Philips STH3000/20 thiết kế nhỏ gọn, có thể gập lại dễ dàng cất giữ, tiết kiệm không gian, tiện mang theo khi đi du lịch hay ...",919000,320000,26,0,,9.0,Philips
275376243,Bàn Là Ủi Áo Quần Hơi Nước Cầm Tay Tiện Lợi Loại 1 Hàng Chính Hãng - Là Được Tất Cả Loại Vải- Gấp Gọn Tiện Dụng,"Bàn Là Ủi Áo Quần Hơi Nước Cầm Tay Tiện Lợi Loại 1 Hàng Chính Hãng - Là Được Tất Cả Loại Vải- Gấp Gọn Tiện DụngTHÔNG SỐ KÝ THUẬT- Công suất cao 1500W, xả nhanh 30S- Vòi phun áp lực 7 lỗ phun rộng ...",375000,75000,17,2,,7.0,Anh Lam Store
275202333,Bàn ủi khô Bluestone DIB-3726 - Hàng chính hãng,"Bàn ủi khô Bluestone DIB-3726Công suất từ (1100-1300) W, giúp ủi quần áo nhanh thẳng và tiết kiệm thời gian. Mặt đế phủ lớp chống dính cao cấp giúp bàn ủi lướt êm ái trên mọi bề mặt vải. Đa dạng c...",319000,50000,14,0,,,Bluestone
275376507,Bàn Là Ủi Áo Quần Hơi Nước Cầm Tay Tiện Lợi Loại 1 Hàng Chính Hãng - Là Được Tất Cả Loại Vải- Gấp Gọn Tiện Dụng,"Bàn Là Ủi Áo Quần Hơi Nước Cầm Tay Tiện Lợi Loại 1 Hàng Chính Hãng - Là Được Tất Cả Loại Vải- Gấp Gọn Tiện DụngTHÔNG SỐ KÝ THUẬT- Công suất cao 1500W, xả nhanh 30S- Vòi phun áp lực 7 lỗ phun rộng ...",375000,75000,17,0,,2.0,Anh Lam Store
278066052,Bàn ủi khô Tefal FS3120L0 - Hàng chính hãng,"Thiết kế nhỏ gọn: Dễ cầm, dễ di chuyển, thuận tiện cho việc là ủi hàng ngày.Công suất 1200W: Làm nóng nhanh, giúp ủi phẳng nhanh chóng, tiết kiệm thời gian.Mặt đế chống dính: Hạn chế dính vải, dễ lướt...",359000,40000,10,0,,1.0,Tefal
277177373,Bàn Là Ủi Áo Quần Hơi Nước Cầm Tay Tiện Lợi Loại 1 Hàng Chính Hãng - Là Được Tất Cả Loại Vải- Gấp Gọn Tiện Dụng,"        Bàn Là Ủi Áo Quần Hơi Nước Cầm Tay Tiện Lợi Loại 1 Hàng Chính Hãng - Là Được Tất Cả Loại Vải- Gấp Gọn Tiện Dụng    THÔNG SỐ KÝ THUẬT    - Công suất cao 1500W, xả nhanh 30S    - Vòi phun...",365000,0,0,0,,2.0,TIEN ANH HOUSE
90474488,Bàn Ủi Hơi Nước Cầm Tay Gấp Gọn 1500W - Hàng Nhập Khẩu,"BÀN LÀ HƠI NƯỚC CẦM TAY GẤP GỌN 1500WBàn Là Hơi Nước Cầm Tay Gấp Gọn 1500W 130ml giúp việc là, ủi quần áo nhanh chóng, mềm mượt. Thiết kế cấu tạo gấp gọn thông minh, tiết kiệm không gian, dễ dàng ma...",420000,0,0,9,,156.0,Vixufu
263958740,Bàn ủi hơi nước Bluestone SIB-3879 - Hàng chính hãng,"Bàn ủi hơi nước Bluestone SIB-3879Loại bàn ủi: Bàn ủi hơi nước. Công suất lớn 2020W - 2400W ủi quần áo thẳng nhanh chóng, hiệu quả, tiết kiệm thời gian, công sức Mặt đế Ceramic cao cấp, chống dính...",1099000,0,0,0,,,Bluestone
277400067,BÀN LÀ HƠI NƯỚC CẦM TAY 1500W ỦI PHẲNG MỌI LOẠI VẢI  - HÀNG CHÍNH HÃNG,"    - BÀN LÀ HƠI NƯỚC CẦM TAY   - Bàn là hơi nước phiên bản gấp gọn dễ dàng mang theo khi đi du lịch, đi công tác mà không chiếm nhiều diện tích túi đồ của bạn với:   - Bình chứa nước dung tích l...",340000,0,0,0,,,TIEN ANH HOUSE
272938920,"Bàn đề ủi, cầu là quần áo STEMA màu xám | Index Living Mall | Nhập khẩu Thái Lan","Bàn để ủi đồ, quần áo dạng đứng gấp gọn STEMA Kích thước : 93 x 33 x 82 cm | Index Living Mall | Nhập khẩu Thái Lan Thông tin chi tiết- Tên sản phẩm : STEMA- Mã sản phẩm : 170109318- Chất liệu sả...",1014000,676000,40,1,,4.0,Index Living Mall
275494239,Bàn ủi hơi nước đứng Philips STE1020/40  - Hàng chính hãng, ...,1224000,566000,32,0,,9.0,Philips
426282,Bàn Ủi Khô Panasonic PABU-NI-317TVRA (1000W) - Hàng chính hãng,"Công suất 1000W cùng nút xoay điều chỉnh nhiệt độBàn Ủi Khô Panasonic PABU-NI-317TVRA được trang bị hệ thống toả nhiệt với công suất lên đến 1000W, giúp cho người dùng có thể dễ dàng là phẳng được cá...",405000,75000,16,71,,623.0,Panasonic
277502547,"Bàn là, Bàn ủi hơi nước cầm tay SK 12003 thích hợp cho mọi loại vải",        Bàn ủi hơi nước cầm tay SK 12003 thích hợp cho mọi loại vải     Mã Số Sản Phẩm：Bàn Là Hơi Nước Cầm Tay SK 12003     Chất Liệu：Nhựa     Chức Năng Đặc Biệt：Hơi nước nhiều và mạnh     Điệ...,395000,0,0,0,,1.0,TIEN ANH HOUSE
275552893,(Nóng Nhanh) Bàn Ủi Là Phẳng Quần Áo KhoNCC Hàng Chính Hãng - Với Nhiều Loại Chất Liệu Vải Đều Ủi Thẳng - KLVQ-1482-BUKCT602 (Nhiều màu),"Bạn có muốn quần áo thẳng mà lại không mất nhiều thời gian? Bàn ủi khô chúng tôi sẽ làm được điều đó, với thiết kế trẻ trung, nhỏ gọn sẽ giúp bạn ủi thẳng quần áo một cách nhanh chóng.Bàn ủi khô ngà...",189000,81000,30,0,,1.0,KHONCC
200928996,"Bàn ủi khô Ladomax HA-226 mặt đế chống dính, tự điều chỉnh duy trì nhiệt ổn định, ủi áo lông, len-hàng chính hãng",  THÔNG TIN CHI TIẾT   Loại sản phẩm: Bàn ủi khô   Điện áp: 220V - 50Hz   Công suất: 1200W   Chất liệu đế: Hợp kim nhôm   Chống dính: Chống dính Teflon đa lớp chịu nhiệt cao   Chiều dài dây điệ...,159000,0,0,1,,2.0,Ladomax
272284351,Bàn ủi đồ dạng gấp cao cấp Joseph Joseph-JJ003994,                       ...,4899000,0,0,0,,,Joseph Joseph
278066052,Bàn ủi khô Tefal FS3120L0 - Hàng chính hãng,"Thiết kế nhỏ gọn: Dễ cầm, dễ di chuyển, thuận tiện cho việc là ủi hàng ngày.Công suất 1200W: Làm nóng nhanh, giúp ủi phẳng nhanh chóng, tiết kiệm thời gian.Mặt đế chống dính: Hạn chế dính vải, dễ lướt...",359000,40000,10,0,,1.0,Tefal
273793397,(Tiện Lợi) - Bàn Là Ủi Quần Áo Mini với Hơi Nước KhoNCC Hàng Chính Hãng - Sự Tiện Lợi Làm Mịn Quần Áo Mọi Nơi - KLM-BUHNMNFZ688,"* Hiệu Suất Làm Mịn Tuyệt Vời- Bạn sẽ bất ngờ trước khả năng làm mịn nhanh chóng và hiệu quả của bàn là ủi cầm tay mini này. Với hơi nước mạnh mẽ, nếp nhăn trên quần áo sẽ biến mất chỉ trong vài phút....",109000,46000,30,2,,7.0,KHONCC
392067,Bàn Ủi Khô Philips HD1172/01 (1000W) - Hàng chính hãng,"Công suất 1000W mạnh mẽBàn Ủi Khô Philips HD1172 hoạt động với công suất 1000W có chức năng làm nóng nhanh chóng mặt đế bàn ủi, giúp ủi nhanh quần áo giúp bạn tiết kiệm được nhiều thời gian và điện n...",301000,88000,23,1456,,20204.0,Philips
276270556,"Bàn ủi khô công suất cao 1200W, mặt đế chống dính,ủi êm ái mọi loại vải SOKANY SK-3002 - HÀNG CHÍNH HÃNG  DELIYA","Bàn ủi khô công suất cao 1200W, mặt đế chống dính,ủi êm ái mọi loại vải SOKANY SK-3002 - HÀNG CHÍNH HÃNG [BẢO HÀNH 12 THÁNG - ĐỔI TRẢ TRONG 15 NGÀY ĐẦU]  I. THÔNG SỐ KỸ THUẬT BÀN ỦI KHÔ SOKANY SK-3...",459000,0,0,0,,,DELIYA
275217845,Bàn Ủi Khô BlueStone DIB-3728 1100-1300W - Hàng Chính Hãng,...,329000,70000,18,0,,,Bluestone
188042106,Bàn ủi hơi nước cầm tay PHILIPS STH1000/10 (900W) - Hàng Chính Hãng,"Thiết kế của sản phẩm- Bàn ủi hơi nước cầm tay Philips STH1000/10 thiết kế nhỏ gọn giúp ủi quần áo mọi lúc, mọi nơi mà không cần dùng ván ủi, màu sắc trang nhã, dễ cầm nắm và di chuyển với khối lượng...",712000,287000,29,60,,361.0,Philips
20366631,Bàn Ủi Hơi Nước Sunhouse SHD2063P (1600W) – Hàng Chính Hãng,"Thiết kế gọn nhẹ, dễ sử dụngBàn Ủi Hơi Nước Sunhouse SHD2063P có thiết kế hiện đại với kiểu dáng mới, chất liệu nhựa cao cấp chịu nhiệt siêu bền giúp sản phẩm luôn bền chắc. Lỗ đổ nước lớn giúp bạn đ...",257000,75000,23,385,,3672.0,Sunhouse
278682277,"Bàn ủi, bàn là hơi nước đứng Philips STE1010, công suất 1600W, bảo hành 2 năm | Hàng chính hãng","    Đặc điểm nổi bật    Mặt đế làm từ chất liệu nhựa cao cấp, thiết kế lớn, bền tốt, êm ái khi ủi.  Dung tích bình nước 1.8 lít cho thời gian sử dụng lâu, hạn chế tần suất thêm nước.  Công suất...",1019000,0,0,0,,,Philips
278603986,Bàn ủi hơi nước LocknLock Rotating steam iron 80ml ENI282WHT - Hàng chính hãng,"Bàn ủi hơi nước LocknLock Rotating steam iron 220-240V, 50-60Hz, 1000-1200W, 80ml - Màu trắng - ENI282WHT- Chất liệu: Nhôm, nhựa ABS, PC- Màu sắc: Màu trắng- Kích thước: 1000-1200W, 80mlĐặc điểm nổi b...",1480000,0,0,0,,,LocknLock
274603607,Bàn Ủi Khô Philips DST0520/20 - Hàng chính hãng,"Bàn ủi Philips DST0520/20 là một sản phẩm gia dụng thiết yếu giúp bạn ủi phẳng quần áo nhanh chóng và dễ dàng.Thiết kế hiện đại, tay cầm thuận tiện DST0520/20 thu hút ánh nhìn người tiêu dùng đầu ti...",364000,36000,9,0,,,Philips
215840388,Bàn ủi hơi nước Bluestone SIB-3806 - Hàng chính hãng,Bàn ủi hơi nước Bluestone SIB-3806Sản phẩm chính hãng BluestoneCông suất: 2400WDung tích bình chứa: 320mlHơi nước ra liên tụcÍt phải thay nước trong quá trình ủiPhun hơi ngang và phun...,589000,0,0,0,,,Bluestone
208201618,Bàn ủi hơi nước Philips DST1040/30 2000W mặt đế chống dính - Hàng Chính Hãng,"Bàn ủi hơi nước Philips DST1040/30 - sự lựa chọn hoàn hảo dành cho người bận rộn.Thiết kế Bàn ủi Philips có kiểu dáng nhỏ gọn với kích thước 26 x 11.1 x 13,6cm,  giúp người dùng dễ dàng bảo quản và ...",522000,147000,22,16,,97.0,Philips
276802097,Bàn Ủi Khô Philips DST0520/20 - Hàng Chính Hãng,"Đặc điểm nổi bậtThiết kế hiện đại, di chuyển dễ dàng, kích thước gọnCông suất 1200W làm nóng nhanh, tiết kiệm thời gian ủiMặt đế chống dính lướt êm ái trên mặt vảiDây điện dài không xoắn tiện di ...",364000,36000,9,0,,,Philips
263079168,Bàn Ủi Hơi Nước Philips DST5040/80 (2600W) - Hàng Chính Hãng,"Công suất 2600 W giúp làm nóng nhanhĐể làm nóng nhanh và có hiệu suất mạnh.Mặt đế chống xước mang đến hiệu quả lướt êmMặt đế SteamGlide Plus được thiết kế đặc biệt chống dính, chống xước gi...",1444000,455000,24,7,,48.0,Philips
126795031,Bàn ủi hơi nước cầm tay STH3020/10 (1000W) - Hàng chính hãng ,"Thiết kế nhỏ gọnBàn ủi hơi nước cầm tay STH3020/10 với thiết kế cầm tay gọn gàng, đẹp mắt, cầm thuận tay, dễ dàng di chuyển tùy theo nhu cầu, có thể mang theo đi công tác, du lịch,Công suất lớnCông...",1280000,118000,8,4,,45.0,Philips
278037909,"Bàn Ủi Hơi Nước LocknLock Garment Steamer ENI218IVY 1370-1630W, Hàng Chính Hãng, 800ml - JoyMall","Bàn Ủi Hơi Nước LocknLock Garment Steamer ENI218IVY 1370-1630W, Hàng Chính Hãng, 800ml - JoyMallTHÔNG TIN SẢN PHẨM:Xuất xứ: Trung QuốcChất liệu: Nhôm, nhựa ABS, PCĐẶC ĐIỂM SẢN PHẨM:THIẾT KẾ NHỎ...",2240000,960000,30,0,,2.0,LocknLock
426282,Bàn Ủi Khô Panasonic PABU-NI-317TVRA (1000W) - Hàng chính hãng,"Công suất 1000W cùng nút xoay điều chỉnh nhiệt độBàn Ủi Khô Panasonic PABU-NI-317TVRA được trang bị hệ thống toả nhiệt với công suất lên đến 1000W, giúp cho người dùng có thể dễ dàng là phẳng được cá...",405000,75000,16,71,,623.0,Panasonic
147352661,Bàn ủi hơi nước cầm tay PHILIPS DST3040/70 2600W - Hàng Chính Hãng,"Thiết kế của sản phẩm- Bàn ủi hơi nước Philips DST3040/70 thiết kế nhỏ gọn, hiện đại, màu xanh dương đậm bắt mắt, dễ cầm nắm và di chuyển với khối lượng chỉ khoảng 1.41 kg.- Thiết kế đầu mũi nhọn, d...",1074000,625000,37,56,,273.0,Philips
277966210,"[Hàng Chính Hãng] Bàn Ủi Khô Panasonic NI-317TVRA/XRA – Mặt Đế Chống Dính, Ủi Mượt Mọi Vải",️ Thông số kỹ thuật: Thông số kỹ thuật:Thương hiệu: PanasonicModel: NI-317TVRA/XRALoại bàn ủi: Bàn ủi khôCông suất: 1000WMặt đế: Chống dính TeflonChiều dài dây điện: ~1.8mTrọng lượng: ~0.9kgSản ...,429000,0,0,0,,,Panasonic
278611106,"Bàn là, bàn ủi hơi nước đứng Philips STE1040/20 1800W|Hàng Chính Hãng"," Bàn Ủi Hơi Nước Đứng Philips (1.8L – 1800W) Đặc điểm nổi bậtDễ dàng ủi phẳng nếp nhăn trên mọi loại vải.Làm nóng nhanh chỉ 45 giây – sẵn sàng sử dụng ngay.Ngăn chứa nước lớn 1,8L tháo rời –...",2590000,0,0,0,,,Philips
199739900,"Bàn Ủi Hơi Nước Trụ Đứng Philips STE3170 /80 Có Cầu Ủi StyleBoard nghiêng, Premium (2000W) - Hàng Chính Hãng","Thiết kế sang trọngBàn Ủi Hơi Nước Trụ Đứng Philips STE3170 thiết kế hiện đại, màu sắc trang nhã, dễ cầm nắm và di chuyển. Ủi quần áo treo dễ dàng với thân bàn ủi có thể tùy chỉnh chiều cao, trọng lư...",2721000,2538000,48,4,,17.0,Philips
73992123,"Bàn là, bản ủi hơi nước Matika 2916 , công suất 1600W, màu ngẫu nhiên-hàng chính hãng",Thông số kỹ thuật bàn ủi hơi nước Matika MTK-2916:Loại sản phẩm: Bàn ủi hơi nước đa năng/Bàn là điện/bàn ủi điện hơi nước/bàn ủi khô /bàn ủi quần áThương hiệu: Matika.Công dụng: Là Khô và Là Bằng Hơi...,275000,0,0,3,,5.0,Matika
276263465,"Bàn là, bàn ủi hơi nước cầm tay SOKANY SK-2178 công suất mạnh 1000W ủi phẳng mọi loại vải - HÀNG CHÍNH HÃNG - DELIYA","Bàn là, bàn ủi hơi nước cầm tay SOKANY SK-2178 công suất mạnh 1000W ủi phẳng mọi loại vải - HÀNG CHÍNH HÃNG [BẢO HÀNH 12 THÁNG - ĐỔI TRẢ TRONG 15 NGÀY ĐẦU]  I. THÔNG SỐ KỸ THUẬT BÀN ỦI HƠI NƯỚC...",409000,0,0,0,,1.0,DELIYA
278682269,"Bàn là, bàn ủi hơi nước Philips DST2020/80 2000W|Hàng Chính Hãng",- 4 chế độ cài đặt hơi phun với chế độ Eco - Công suất: 2000W - Hơi phun tăng cường 110g - Điểm cải thiện: Hơi phun liên tục 25g/phút - Tự động ngắt điện - Mặt đế ceramic - Công nghệ chống rỉ giọt - N...,899000,0,0,0,,,Philips
273652471,Bàn ủi hơi nước cầm tay gấp gọn - Hàng chính hãng,"BÀN LÀ HƠI NƯỚC CẦM TAY GẤP GỌN - Bàn Là Hơi Nước Cầm Tay Gấp Gọn  130ml giúp việc là, ủi quần áo nhanh chóng, mềm mượt.  Thiết kế cấu tạo gấp gọn thông minh, tiết kiệm không gian, dễ dàng mang th...",359000,0,0,0,,4.0,PEAFLO
270663410,Bàn ủi khô Philips DST0520/20 - Hàng chính hãng,"Bàn ủi khô Philips DST0520/20Thiết kế cực kỳ nhỏ gọn, trọng lượng nhẹ, dễ sử dụngLoại bỏ 99,99% vi khuẩn* khỏi quần áo của bạn trong vòng 10 giâyĐiện áp 230VCông suất 1200WDây điện bền bỉ, chiều...",364000,36000,9,0,,,Philips
275494230,Bàn ủi hơi nước cầm tay Philips STH3010/30  - Hàng chính hãng,"Thiết kế nhỏ gọn có thể gập lại dễ dàng mang theoBàn ủi hơi nước cầm tay Philips STH3010/30 thiết kế nhỏ gọn, có thể gập lại dễ dàng cất giữ, tiết kiệm không gian, tiện mang theo khi đi du lịch hay c...",1299000,0,0,0,,,Philips
275609149,Bàn ủi khô Bluestone DIB-3728 - Hàng chính hãng,"Công suất: (1100-1300) W Mặt đế: Hợp kim nhôm chống dínhĐiều khiển: Núm vặnCông suất mạnh mẽ lên đến 1300 W, giúp ủi thẳng quần áo nhanh chóng và hiệu quảMặt đế hợp kim nhôm chống dính cao cấp ph...",339000,60000,15,0,,,Bluestone
273121995,"Bàn Là, Bàn Ủi Hơi Nước cầm tay SOKANY AJ2205- Công suất 1200W- HÀNG CHÍNH HÃNG","BÀN LÀ HƠI NƯỚC SOKANY - SK2205 ĐỔI MỚI TRONG 7 NGÀY KHÔNG MẤT PHÍ, BẢO HÀNH 1 NĂM NẾU HÀNG CÓ LỖI  SẢN PHẨM ĐƯỢC KIỂM TRA VÀ ĐÓNG GÓI CẨN THẬN TRƯỚC KHI VẬN CHUYỂN NÊN QUÝ KHÁCH HOÀNTOÀN YÊN TÂM K...",523000,0,0,22,,101.0, SOKANY
208212483,Bàn Ủi Khô Khaluck KL-88 - Hàng Chính hãng,Mô Tả Sản PhẩmTên sản phẩm: Bàn ủi khôThương hiệu: Khaluck.HomeMã sản phẩm: KL-88Trọng lượng: 720gKích thước: 25 x 10 x 13 cmCông suất: 1000WĐiện áp: 220V~50HzNúm vặn chỉnh nhiệt độMặt bàn ủi: chấ...,209000,0,0,0,,,KHALUCK
271293620,Bàn ủi hơi nước cầm tay Mitomo MW - 801 tích hợp 3 chế độ là hàng cao cấp công suất 1500W - bảo hành 2 năm hàng chính hãng,"Đặc điểm nổi bật của bàn là hơi nước cầm tay Mitomo MW - 801 hàng chính hãng- Bàn là, bàn ủi hơi nước cầm tay Mitomo MW - 801 thiết kế với kiểu dáng hiện đại, sang trọng. Mặt bàn là làm từ chất l...",799000,0,0,0,,2.0,Mitomo
278626807,"Bàn là, bàn ủi hơi nước Philips DST2020/80 2000W | Hàng Chính Hãng","Bàn ủi hơi nước Philips DST2020/80 (Series 2000) – Trợ thủ tiện lợi cho mọi gia đình với thiết kế nhỏ gọn, công suất mạnh mẽ và mặt đế chống dính Ceramic giúp ủi nhanh, phẳng, tiết kiệm thời gian.Đặc...",899000,0,0,0,,,Philips
272981892,"Bàn là, bàn ủi hơi nước dạng đứng chuyên nghiệp. Thương hiệu Pháp Supor cao cấp EGU-Y208A - HÀNG CHÍNH HÃNG","Giới thiệu bàn là hơi nước dạng đứng cao cấp Supor EGU-Y208AỦi phẳng quần áo chỉ trong một lượt ủi, không để lại vết ướt- Nhờ có Công nghệ làm nóng kép cải tiến, bàn ủi hơi nước đứng Supor EGU-Y208A m...",7192000,0,0,0,,1.0,Supor
278682283,"Bàn là, bàn ủi hơi nước cầm tay Philips DST1040, công suất 2000w | Hàng Chính Hãng","  Nhanh chóng và thuận tiện    Ít lần châm nước hơn*    Mặt đế chống dính    Cài đặt hơi nước có thể thay đổi    Hơi phun tăng cường lên đến 90g    Tiêu diệt 99,99% vi khuẩn**    Xả cặn (...",575000,0,0,0,,,Philips
277287624,"Bàn Ủi Hơi Nước LocknLock ENI262WHT 2 Trong 1 100ml 1300W, Hàng Chính Hãng, Ủi Đứng Và Nằm - JoyMall","Bàn Ủi Hơi Nước LocknLock ENI262WHT 2 Trong 1 100ml 1300W, Hàng Chính Hãng, 4 Chế Độ - JoyMallCó thể ủi đứng và nằmChất liệu: Nhôm, nhựa ABS, PCThông số: 220-240V, 50-60Hz, 1100-1300W, 100mlXuất ...",968000,792000,45,0,,,Lock&Lock
274921272,Bàn ủi hơi nước Bluestone SIB-3819 - Hàng chính hãng,"Bàn ủi hơi nước Bluestone SIB-3819Công suất: 1000W - 1200WThể tích bình nước: 40mlMặt đế: Phun sương, tăng cường hơi nướcTiện ích: 2 mức điện thế 110 - 120V và 220 - 240VTính năng đặc biệt: Tay ...",569000,30000,5,0,,,Bluestone
51561353,Bàn Ủi Hơi Nước Sunhouse SHD2063P (1600W) – Hàng Chính Hãng KM,"Thiết kế gọn nhẹ, dễ sử dụngBàn Ủi Hơi Nước Sunhouse SHD2063P có thiết kế hiện đại với kiểu dáng mới, chất liệu nhựa cao cấp chịu nhiệt siêu bền giúp sản phẩm luôn bền chắc. Lỗ đổ nước lớn giúp bạn đ...",281000,0,0,0,,,Sunhouse
147356515,Bàn ủi hơi nước cầm tay PHILIPS DST3030/70 2400W - Hàng Chính Hãng,Hơi phun tăng cường đến 180 gamBàn ủi hơi nước cầm tay PHILIPS DST3030/70 2400W hơi phun tăng cường cung cấp thêm công suất để hơi phun thấm sâu hơn vào vải và dễ dàng ủi phẳng những nếp nhăn khó ủi ...,831000,368000,31,22,,128.0,Philips
22965459,Bàn là hơi nước Panasonic NI-M250TPRA - Hàng chính hãng,"Panasonic NI-M250TPRA có , làm nóng mặt đế nhanh, ủi thẳng quần áo mauMặt đế phủ Titanium , chống trầy xước, có độ bền cao, lướt nhẹ nhàng trên mọi chất liệu quần áo Núm vặn chỉ dẫn nhiệt độ ủi phù ...",522000,138000,21,1,,6.0,Panasonic
9723347,Bàn ủi hơi Sunhouse SHD2067 - Hàng chính hãng,Bàn là hơi SUNHOUSE SHD2067ĐẶC ĐIỂM NỔI BẬTPhun hơi cực mạnhHai chức năng phun hơi và phun nước tiện dụngChế độ điều chỉnh nhiệt linh hoạt cho mọi loại vảiChức năng tăng giảm lượng hơi nước linh...,330000,0,0,1,,12.0,Sunhouse
275494235,Bàn ủi hơi nước cầm tay Philips STH3000/20  - Hàng chính hãng,"Thiết kế nhỏ gọn có thể gập lại dễ dàng mang theoBàn ủi hơi nước cầm tay Philips STH3000/20 thiết kế nhỏ gọn, có thể gập lại dễ dàng cất giữ, tiết kiệm không gian, tiện mang theo khi đi du lịch hay ...",919000,320000,26,0,,9.0,Philips
278611161,"Bàn ủi, bàn là hơi nước đứng Philips STE1020, công suất 1800W, bảo hành 2 năm | Hàng chính hãng"," ĐẶC ĐIỂM NỔI BẬTMặt đế nhựa cao cấp, thiết kế lớn, bền tốt, lướt êm ái trên vải.Dung tích bình nước 1.8 lít – sử dụng lâu, hạn chế châm nước nhiều lần.Công suất 1800W, làm nóng nhanh (45 giâ...",1790000,0,0,0,,,Philips
275133313,Bàn ủi hơi nước Korea Pelican Pen 520 + mặt nạ bàn ủi SH 520- Hàng nhập khẩu,"Thông số kỹ thuật:- Điện áp sử dụng: 110V/ 220V- Công suất máy: 1300W, có 5 mức công suất- Bình chứa nước: 3 lít, nắp bình dể dàng lấy ra khi cho nước vào- Kích thước: 115x205mm- Trọng lượng bàn ...",799000,0,0,0,,,Rainy
273121995,"Bàn Là, Bàn Ủi Hơi Nước cầm tay SOKANY AJ2205- Công suất 1200W- HÀNG CHÍNH HÃNG","BÀN LÀ HƠI NƯỚC SOKANY - SK2205 ĐỔI MỚI TRONG 7 NGÀY KHÔNG MẤT PHÍ, BẢO HÀNH 1 NĂM NẾU HÀNG CÓ LỖI  SẢN PHẨM ĐƯỢC KIỂM TRA VÀ ĐÓNG GÓI CẨN THẬN TRƯỚC KHI VẬN CHUYỂN NÊN QUÝ KHÁCH HOÀNTOÀN YÊN TÂM K...",523000,0,0,22,,101.0, SOKANY
276815434,Bàn Ủi Hơi Nước Đứng Philips GC628/80 2400W - Hàng Chính Hãng,"Đặc điểm nổi bậtBàn ủi hơi nước đứng Philips với công nghệ làm nóng kép cho hơi phun mạnh, thấm sâuCông nghệ OptimalTEMP giúp không gây ra vết cháy trên mọi loại vảiBàn ủi hơi nước đứng với ván ủi...",7300000,0,0,0,,,Philips
193706970,Bàn ủi hơi nước Tefal FV5717E0 - Hàng Chính Hãng - Chỉ Giao Hồ Chí Minh,"Bàn ủi hơi nước Tefal FV5717E0 thuộc thương hiệu Tefal của Pháp, đảm bảo uy tín về chất lượngBàn ủi có công suất hoạt động 2185W - 2600W với lượng hơi phun 45g/phút, tỏa nhiệt hiệu quả giúp ủi thẳng...",1440000,0,0,0,,,Tefal
275477586,Mặt nạ bàn ủi ES-94A và ES-300- hàng nhập khẩu,"Dùng cho bàn ủi hơi nước ES-94A và ES-300Chống bóng, cháy và rách xước vải khi ủi Giúp phân tản lượng hơi nước tốt hơn Bảo vệ mặt đế bàn ủi Loại dày, chất lượng tốt MẶT NẠ BÀN ỦI SILVER STAR- Chống bó...",59000,0,0,0,,3.0,Rainy
276268015,"Bàn ủi, là hơi nước cầm tay KHÔNG DÂY SOKANY SK-9518 công suất mạnh mẽ 2400W có thể ủi khô và úi nước, chống nhỏ giọt - HÀNG CHÍNH HÃNG - DELIYA","Bàn ủi, là hơi nước cầm tay KHÔNG DÂY SOKANY SK-9518 công suất mạnh mẽ 2400W có thể ủi khô và úi nước, chống nhỏ giọt [BẢO HÀNH 12 THÁNG - ĐỔI TRẢ TRONG 15 NGÀY ĐẦU]  I. THÔNG SỐ KỸ THUẬT BÀN LÀ HƠ...",693000,0,0,0,,,DELIYA
275218259,Bàn Ủi Hơi Bước Đứng BlueStone GSB-3955 - Hàng Chính Hãng,...,2449000,1650000,40,0,,1.0,Bluestone
276111401,Bàn ủi Russell Hobbs One Temperature 25090-56 2600W Ngăn Chứa Nước 350ml Màu Đỏ - Hàng Chính Hãng,Thương hiệuRUSSELL HOBBSModel25090-56Nhập khẩu100% từ Đức & EUXuất xứNhập Khẩu Đức & EULoại bàn ủiBàn ủi cầm tayCông suất2600WDung tích ngăn chứa nước3...,2835000,0,0,0,,,RUSSELL HOBBS
272915326,Bàn là hơi nước cầm tay 3 Chế Độ Là hàng cao cấp công xuất 1500W hàng chính hãng,"BÀN LÀ HƠI NƯỚC CẦM TAYThông số sản phẩm:- Sản phẩm: Bàn ủi, bàn là hơi nước cầm tay- Chất liệu: Nhựa ABS- Điện Áp: 220v - 50hz- Công suất: 1500W- Dung tích: 220ml- Thời gian làm nóng: 45s- Ch...",355000,0,0,0,,2.0,DORON
275159545,Bàn Ủi Hơi Nước Đứng Philips STE3160/30 - Hàng Phân Phối Chính Hãng,"Philips là một trong những thương hiệu chiếu sáng được tin cậy nhất trên thế giới. Kể từ năm 1891, nhắc đến Philips là nhắc đến công nghệ cải tiến, đáng tin cậy và chất lượng cao, giúp cải thiện đời s...",3590000,0,0,0,,,Philips
19790643,Bàn Là Khô Bluestone DIB-3726 (1300W) - Hàng Chính Hãng,"Loại bàn ủi: Bàn ủi khô. Công suất từ (1100-1300) W, giúp ủi quần áo nhanh thẳng và tiết kiệm thời gian. Mặt đế phủ lớp chống dính cao cấp giúp bàn ủi lướt êm ái trên mọi bề mặt vải. Đa dạng chế đ...",349000,20000,5,0,,9.0,Bluestone
217728156,Bàn ủi hơi nước đứng Panasonic NI-GSD071PRA - Hàng chính hãng,"Bàn ủi hơi nước đứng Panasonic NI-GSD071PRACông suất: 1500W4 mức điều chỉnh nhiệt độ, phù hợp mọi loại vải.Mặt đế bằng chất liệu Flourine chống dính cao cấpKết hợp ủi hơi và khô, là phẳng moi chi ...",3620000,0,0,0,,,Panasonic
225972125,Bàn ủi hơi nước Panasonic NI-S530ARA - Hàng Chính Hãng," Bàn ủi hơi nước Panasonic NI-S530ARA sử dụng bình nước 300 ml cùng công suất 2300W mạnh mẽ thích hợp là ủi cho nhu cầu gia đình, thiết kế đơn giản mà hiện đại, đẹp mắt, mặt đế Ceramic chống dính, ...",800000,0,0,0,,,Panasonic
274907352,Bàn Ủi Hơi Nước Đứng Cao Cấp Philips GC628/80 All in one 8000 series | OptimalTemp|2400W - Hàng Chính Hãng,Bàn Ủi Hơi Nước Đứng Cao Cấp Philips GC628/80 All in one 8000 series | OptimalTemp|2400W - Hàng Chính Hãng...,7400000,0,0,0,,,Philips
41167735,Bàn Ủi Hơi Nước Đứng Bluestone GSB-3911 (1800W) - Hàng Chính Hãng,Thiết kế độc đáo với giá treo xoay 360 độBàn Ủi Hơi Nước Đứng Bluestone GSB-3911 có thiết kế độc đáo với giá treo xoay 360 độ và móc treo gập được. Siêu bền với chế độ bảo vệ kép và chống đóng cặn. T...,1169000,0,0,0,,,Bluestone
202529731,Bàn ủi hơi nước Panasonic NI-S430GRA - Công suất khỏe - Hơi phun mạnh mẽ - Chống đóng cặn - Hàng chính hãng,"Bàn ủi hơi nước Panasonic NI-S630VRA với gam màu xanh green cực kì bắt mắt. Mặt đế Silver Titanium chống dính bền bỉ, bảo vệ vải của bạn luôn bền màu. Công suất tối đa 2300W ủi phẳng nhanh chóng, tích...",770000,0,0,0,,,Panasonic
152071441,Bàn là hơi nước 2000w Philips GC1756/20 - Hàng chính hãng,Model:GC1756Nhà sản xuất:PhilipsXuất xứ:Trung QuốcNăm ra mắt :2019Thời gian bảo hành:24 ThángLoại bàn ủi:Hơi nướcChiều dài dây dẫn :1.9mCông suất :2000 W...,840000,0,0,0,,,Philips
172288398,BÀN LÀ MINI DU LỊCH,"       BÀN LÀ MINI DU LỊCH    E có món này hay các bác ạ, bàn là chuyên dành cho ai đi du lịch, công tác hoặc bác nào thích sự nhỏ gọn nhưng tiện lợi. Đợt này e mới về hàng mới đăng phục vụ các b...",180000,0,0,0,,,OEM
100168370,Bàn là hơi nước Philips GC1740/20 - Hàng chính hãng,THÔNG SỐ KỸ THUẬTLoại bàn ủi: Bàn là hơi nướcCông suất: 2000WBình nước: 220 mlMặt đế: Ceramic chống dínhChức năng:Ủi khôỦi hơi nướcPhun tiaPhun hơi tăng cườngTiện ích: ...,741510,48490,6,0,,1.0,Philips
448754,Bàn Ủi Hơi Nước Panasonic PABU-NI-E510TDRA - Hàng chính hãng,"Hoạt động với công suất mạnh mẽ Bàn ủi hơi nước Panasonic PABU-NI-E510TDRA làm nóng nhanh, và hoạt động mạnh mẽ với công suất lớn 1950 - 2320 W, giúp ủi thẳng nhanh chóng các vết nhăn trên bề mặt vải...",760000,0,0,0,,,Panasonic
277565521,Bàn ủi hơi nước Panasonic NI-WL55KRA 2000W - Hàng chính hãng,"Thiết kế của sản phẩm - Mặt đế (mặt ủi)-  nổi bật với sắc đen chủ đạo và thiết kế không dây tiện lợi, cho phép di chuyển linh hoạt mà không lo vướng víu dây điện.- Mặt đế đa hướng thuôn cả hai đầu, ...",2699000,0,0,0,,,Panasonic
145370992,Bàn là hơi nước 2000w Philips GC1756/20 - Hàng chính hãng,Điểm nổi bậtBàn là hơi nước công suất 2000WNgăn chứa nước 220 ml cho thời gian ủi lâu hơnHơi phun liên tục lên đến 25g/phútHệ thống ngăn rỉ giọt giữ cho vải không bị đốmThông số kỹ thuật...,840000,0,0,0,,,Philips
220682138,Bàn ủi hơi nước Panasonic NI-S430GRA 2300W - Hàng chính hãng,"Bàn ủi hơi nước Panasonic NI-S430GRA có mặt đế Silver Titan chống dính trượt êm nhẹ trên bề mặt quần áo, ủi thẳng các nếp nhăn nhanh với công suất 2300W, ủi được nhiều quần áo với dung tích bình chứa ...",660000,170000,20,0,,,Panasonic
275137614,Bàn là cầm tay TEFAL DT8270 Hàng chính hãng,Bàn Là Hơi Nước Tefal DT8270 là giải pháp 2 trong 1 cho tất cả các loại quần áo. Thiết bị này có thể làm phẳng các loại vải của bạn một cách hiệu quả và được tích hợp cả tính năng khử trùng cũng như l...,2590000,0,0,0,,,Tefal
198902095,Bàn ủi hơi nước Philips GC625/29 - Hàng chính hãng,"Công nghệ làm nóng kép ủi quần áo nhanh chóng, phẳng đẹp trang bị Công nghệ làm nóng kép cải tiến tạo ra hơi phun ngay lập tức từ chân đế và làm nóng lại ở đầu bàn ủi hơi nước cho hơi phun mạnh, thấ...",5690000,0,0,0,,,Philips
252724498,Bàn ủi hơi nước Panasonic NI-S530ARA - Hàng chính hãng,"Bàn ủi hơi nước Panasonic NI-S530ARAMặt đế Ceramic chống dính cao cấp, trượt nhẹ và an toàn trên bề mặt vải.Bình nước dung tích 300 ml ủi được khoảng 4 - 5 bộ quần áo.Công suất 2300W ủi nhanh chóng...",799000,71000,8,0,,,Panasonic
276824959,Bàn là hơi nước Philips DST7041/20 Hàng chính hãng,Hơi phun tăng cường lên tới 250 g giúp làm phẳng cả những nếp nhăn cứng đầu: Thâm nhập sâu hơn vào cấu trúc vải để loại bỏ ngay cả những nếp nhăn cứng đầu.Hệ thống chống nhỏ giọt ngăn ngừa việc tạo vế...,3390000,0,0,0,,,Philips
276235594,Bàn ủi hơi nước cầm tay Bear GTJ-A12Z2 - Hàng chính hãng,Lưu ýMỗi sản phẩm đều được kiểm tra 100% trước khi xuất xưởng nên sẽ có trường hợp đọng lại hơi nước trong hộc chứa. Đây là hiện tượng bình thường.Sau khi sử dụng nên đổ hết nước trong bình chứa nư...,822000,668000,45,0,,1.0,Bear
220682866,Bàn ủi hơi nước Panasonic NI-S530ARA 2300W  - Hàng chính hãng,"Bàn ủi hơi nước Panasonic NI-S530ARA sử dụng bình nước 300 ml cùng công suất 2300W mạnh mẽ thích hợp là ủi cho nhu cầu gia đình, thiết kế đơn giản mà hiện đại, đẹp mắt, mặt đế Ceramic chống dính, ủi ê...",800000,0,0,0,,,Panasonic
243096844,"Bàn Là Hơi Nước Cầm Tay Mini Du Lịch, Bàn Ủi Hơi Nước Gấp Gọn Tiện Ích Cho Gia Đình, Dễ Dàng Mang Theo - HÀNG CHÍNH HÃNG MINIIN","Bàn Là Hơi Nước Cầm Tay Mini Du Lịch, Bàn Ủi Hơi Nước Gấp Gọn Tiện Ích Cho Gia Đình, Dễ Dàng Mang Theo - HÀNG CHÍNH HÃNG MINIIN Thông tin sản phẩm: Bàn Là Hơi Nước Cầm Tay Mini Du Lịch, Bàn Ủi Hơi N...",99000,0,0,3,,14.0,MINIIN
655643,Bàn Ủi Hơi Nước Philips GC3920 (2500W) - Hàng chính hãng,"Công nghệ OptimalTEMP, không cần điều chỉnh nhiệt độBàn Ủi Hơi Nước Philips GC3920 ủi mọi chất liệu vải từ jean cho đến lụa mà không cần điều chỉnh nhiệt độ. Không cần núm điều chỉnh hoặc cài đặt vì ...",1990000,0,0,0,,2.0,Philips
198355341,Bàn Ủi Hơi Nước Đứng Tiross TS862 2800W (Màu Đỏ Mận) - Hàng chính hãng,"Bàn Ủi Hơi Nước Đứng Tiross TS862 2800W (Màu Đỏ Mận)Bàn Ủi Hơi Nước Đứng Tiross TS862 2800W (Màu Đỏ Mận) là sự kết hợp giữa bàn ủi cây và bàn ủi hơi nước, tính năng 2 trong 1 hiện đại, phù hợp với mọ...",3100000,0,0,0,,,Tiross
465979,Bàn Ủi Hơi Nước Đứng Tiross TS862 2800W (Màu Đỏ Mận) - Hàng chính hãng,"Bàn Ủi Hơi Nước Đứng Tiross TS862 2800W (Màu Đỏ Mận) Bàn Ủi Hơi Nước Đứng Tiross TS862 2800W (Màu Đỏ Mận) là sự kết hợp giữa bàn ủi cây và bàn ủi hơi nước, tính năng 2 trong 1 hiện đại, phù hợp với m...",2950000,0,0,0,,,Tiross
46134873,Bàn Ủi Hơi Nước Đứng Philips GC482/29 (1600W)- Hàng Chính Hãng,An toàn khi sử dụng trên mọi loại vảiBàn ủi hơi nước an toàn để sử dụng trên mọi loại vải. Đây là giải pháp tuyệt vời cho những loại vải tinh xảo như lụa và len cashmere.Hơi nước diệt sạch hơn 99% ...,1590000,0,0,0,,,Philips
252724691,Bàn ủi hơi nước Panasonic NI-S630VRA - Hàng chính hãng,"Bàn ủi hơi nước Panasonic NI-S630VRAMặt đế Ceramic chống dính cao cấp, trượt nhẹ và an toàn trên bề mặt vải.Bình nước dung tích 300 ml ủi được khoảng 4 - 5 bộ quần áo.Công suất tối đa 2400W ủi nhan...",990000,110000,10,0,,,Panasonic
202604510,BÀN ỦI ĐIỆN PANASONIC NI-M300TARA - Hàng chính hãng,"Thiết kế gọn gàng có kiểu dáng gọn gàng, màu sắc sang trọng.Thêm mũi nhọn, rãnh cúc giúp bàn ủi dễ dàng luồn lách ủi những vị trí khuất. Ủi khô, ủi hơi nước, phun tia.Mặt đế phủ chống ...",730000,0,0,0,,2.0,Panasonic
270954505,"Bàn là hơi nước Rowenta IS3420, Hàng Chính Hãng","Công suất tối đa lên đến 1700wBình chứa nước dung tích 1,5L giúp tạo ra luồng hơi nóng mạnh mẽ, tiện là cho cả gia đình mà không phải châm nước nhiều lần.Cho phép lựa chọn 3 chế độ hơi phun hoàn hảo...",4440000,0,0,0,,,ROWENA
275360270,Bàn ủi hơi nước cầm tay Tefal Pure Pop - Hàng chính hãng,THÔNG TIN SẢN PHẨM:Thương hiệu: TefalModel: DT2020E1Loại bàn ủi: Bàn ủi hơi nước cầm tayChiều dài dây dẫn : 2 mChất liệu đế : Nhựa cao cấpCông suất : 1300WDung tích bình nước: 70 mlKhối lượng ...,919000,571000,38,0,,,Tefal
275246890,Bàn là hơi nước Rowenta DW5325 sản xuất tại Pháp Hàng chính hãng,Công suất 2700W mạnh mẽ cho kết quả là nhanh và chính xácMặt bàn là Microsteam 400HD với 400 lỗ phun hơi nhỏChức năng khử cặn tích hợpSản xuất tại PhápMàu sắcĐen/nâuCông suất2700WNguồn ...,3190000,0,0,0,,1.0,Rowenta
274870537,Bàn Ủi Hơi Nước đứng PHILIPS GC518 1600W Xanh - Hàng Chính Hãng,THÔNG TIN CHI TIẾTDễ dàng ủi phẳng nếp nhăn trên quần áo mỗi ngàyBàn ủi hơi nước đứng Philips EasyTouch Plus được thiết kế để dễ dàng làm phẳng nếp nhăn trên quần áo mỗi ngày. Với nhiều chế độ hơi ph...,2259000,0,0,0,,1.0,Philips
81676555,Bàn Ủi Hơi Nước Philips STH3010/70 (1000W) - Hàng Chính Hãng,"Bàn Ủi Hơi Nước Philips STH3010/70 - Hàng Chính Hãng tiện lợi, dễ sử dụngChắc chắn, nhẹ và tay cầm gấp gọn đượcNgăn chứa nước tháo rời – Dung tích 100ml có thể ủi được 3 món đồỦi nếp nhăn nhanh ...",949000,141800,13,46,,285.0,Philips
448729,Bàn Ủi Hơi Nước Panasonic PABU-NI-E410TMRA - Hàng chính hãng,"Hoạt động với công suất mạnh mẽ Bàn ủi hơi nước Panasonic PABU-NI-E410TMRA làm nóng nhanh, và hoạt động mạnh mẽ với công suất lớn 1800 – 2150 W, giúp ủi thẳng nhanh chóng các vết nhăn trên bề mặt vải...",720000,0,0,1,,1.0,Panasonic
885374,Bàn Ủi Hơi Nước Đứng Philips GC518 (1600W) - Xanh Ngọc - Hàng chính hãng,"Thiết kế giá treo tiện lợiBàn Ủi Hơi Nước Đứng Philips GC518 sở hữu thiết kế đơn giản, hiện đại với tông màu xanh trẻ trung kết hợp giá treo có thể điều chỉnh chiều cao linh hoạt phù hợp với trang ph...",1769000,1231000,41,0,,,Philips
270469542,Bàn là hơi nước cầm tay mini SOKANY - SK3069B công suất 1200W ủi được cả khô cả hơi nước - Hàng chính hãng,"I, THÔNG SỐ KỸ THUẬT:Tên sản phẩm : Bàn là hơi nước SOKANYDung tích bình chứa nước: 125mlNguồn điện: 220V-50HzChiều dài dây : 1,6mCường độ hơi >20g/minKích thước máy: 200 x 115 x ...",500000,0,0,7,,43.0, SOKANY
275658542,Bàn ủi hơi nước cầm tay mini Osner Eye hàng chính hãng," Sáng đi học, đi làm sớm mà quần áo nhăn nhúm, chờ bàn là truyền thống thì mất thời gian, cầm lại còn nặng tay nữa. Sắm chiếc bàn ủi hơi nước cầm tay mini Osner Eye này thì chỉ cần vài phút là có ngay...",1030000,0,0,0,,,Osner
275883437,Bàn là hơi nước Philips Azur 7000 Series DST7022/40 Hàng chính hãng,Hơi phun tăng cường lên tới 250 g giúp làm phẳng cả những nếp nhăn cứng đầu: Thâm nhập sâu hơn vào cấu trúc vải để loại bỏ ngay cả những nếp nhăn cứng đầu.Hệ thống chống nhỏ giọt ngăn ngừa việc tạo vế...,3390000,0,0,0,,,Philips
195801890,Bàn Ủi Hơi Nước Panasonic PABU-NI-E410TMRA - Hàng chính hãng,  0.0 ...,990000,0,0,0,,,Panasonic
13441841,Bàn là hơi nước NI-M300TVRA - Hàng nhập khẩu,"Bàn ủi Panasonic có màu tím sang trọng, thanh lịch, mặt đế bàn ủi phủ Titanium chống dính dày bềnCho phép bàn ủi lướt êm ái trên mọi chất liệu vải, dễ làm sạch.Núm vặn với các chỉ dẫn nhiệt độ rõ...",610000,0,0,0,,1.0,Panasonic
126103076, Bàn ủi hơi nước cầm tay loại đứng Panasonic NI-GSD071PRA  - Hàng chính hãng,"Bàn ủi hơi nước đứng Panasonic màu hồng dễ thương, nổi bật, thiết kế kiểu bàn ủi hơi nước đứng cao gọn, ủi đồ dễ dàng ngay trên móc treo, không cần dùng cầu ủiCông suất 1500 W, lực phun hơi 16 g/ph...",2599000,0,0,1,,1.0,Panasonic
127010964,Bàn Ủi Hơi Nước Cầm Tay BlueStone GSB-4031 (1630W) - Hàng Chính Hãng,"Bàn ủi hơi nước cầm tay. Công suất (1370-1630) W giúp phun hơi mạnh mẽ và loại bỏ các vết nhăn dễ dàng. Bình chứa 320 mL có thể tháo rời, ủi nhiều quần áo mà không bị gián đoạn. Tự động ngắt điện ...",799000,500000,38,0,,6.0,Bluestone
270097223,"Bàn ủi hơi nước dạng đứng Philips Stand Steamer STE1050/10, Serial 1000 - Hàng Nhập Khẩu","Bàn ủi hơi nước dạng đứng Philips Stand Steamer STE1050/10, Serial 1000 - Hàng Nhập KhẩuTích hợp bàn để ủi đa năng- Ngoài ưu điểm tiện lợi khi sử dụng, một trong những nhược điểm thường thấy của bàn ...",3037000,0,0,0,,1.0,Philips
46837899,Mặt nạ bàn ủi ES-94A và ES-300 Silver Star - Hàng Chính Hãng,"MẶT NẠ BÀN ỦI SILVER STAR- Chống bóng, cháy và rách xước vải khi ủi- Giúp phân tản lượng hơi nước tốt hơn- Bảo vệ mặt đế bàn ủi- Tránh việc bỏng tay khi lỡ chạm vào đế nóng- Hàng chính hãng Silver Sta...",125000,0,0,28,,181.0,Silver Star
171254604,"Bàn ủi hơi nước Điện Quang ĐQ SI02 2238 BBL (Màu Xanh – Đen, 2200W, 380ml - Hàng chính hãng) ","Bàn ủi hơi nước Điện Quang ĐQ SI01 2248 RBL (Màu Đỏ - Đen, 2200W, 480ml)- Các chức năng ủi khô, ủi hơi nước, phun tia, phun hơi, tự làm sạch, điều chỉnh nhiệt độ.- Mặt đế có phủ Ceramic chống dính....",488900,0,0,1,,3.0,Điện Quang
277619407,"Bàn là, ủi hơi nước cầm tay công suất lớn 1800W thương hiệu Philips STE0850/50 - Hàng chính hãng (Bảo Hành 24 Tháng)","Bàn là, ủi hơi nước cầm tay công suất lớn 1800W thương hiệu Philips STE0850/50Philips là tên gọi phổ biến nhất của Koninklijke Philips Electronics N.V. (Royal Philips Electronics), là một công ty điệ...",3381000,0,0,0,,,Philips
17907380,Bàn ủi hơi nước bình treo công nghiệp Silver Star ES-94A - Hàng Chính Hãng,"Thiết kế chuyên dụngBàn Ủi Hơi Nước Treo Công Nghiệp Silver Star ES-94A thiết kế dạng treo với công năng và công suất làm việc phù hợp với mọi nhu cầu, như có thể dùng ủi cho các tiệm may nhỏ tại nhà...",1233750,0,0,1,,12.0,Silver Star
274398425,BÀN ỦI HƠI NƯỚC 1400W/2200W AKKO STAR - HÀNG CHÍNH HÃNG," Thông tin sản phẩm: ""BÀN ỦI HƠI NƯỚC 1.400W AKKO STAR 06308 * Công suất 1.400W * Điện áp :220-240V * Nút vặn Stop * Chiều dài dây : 1.5m * Chế độ ủi: khô, hơi nước, phun sương * Bề mặt gồm C...",567744,0,0,0,,,AKKO STAR
278682281,"Bàn là cây, bàn là hơi nước đứng Philips GC482 | Hàng Chính hãng","  Bàn ủi hơi nước Philips GC482/29 có công suất lên đến 1600W và dung tích bình chứa nước lên đến 1.4L, việc này giúp chúng ta không phải thay nước nhiều lần. Với công suất lớn việc là quần áo sẽ nha...",1999000,0,0,0,,,Philips
448759,Bàn Ủi Hơi Nước Panasonic PABU-NI-W650CSLRA - Hàng Chính Hãng,"Kiểu dáng hiện đại Bàn ủi hơi nước Panasonic PABU-NI-W650CSLRA được thiết kế với kiểu dáng hiện đại, độc đáo, cùng màu xám phối đen sang trọng, sẽ làm tăng thêm vẻ đẹp tinh tế cho không gian sống của...",1650000,0,0,0,,,Panasonic
274669933,Bàn ủi hơi nước Tefal Easy Steam FV1955E0 1400W - Hàng Chính Hãng - Bảo Hành 12 Tháng,THÔNG TIN SẢN PHẨMThông số kỹ thuật Bàn ủi hơi nước Tefal Easy Steam FV1955E0 1400WCông suất 1400WBình nước 220 mlMặt đế Ceramic chống dínhChức năng Ủi khôỦi hơi nướcPhun tiaPhun hơiT...,799000,0,0,0,,,Tefal
277619409,"Bàn là, ủi hơi nước cầm tay công suất lớn 1800W thương hiệu Philips STE0850/50 - Hàng nhập khẩu","Bàn là, ủi hơi nước cầm tay công suất lớn 1800W thương hiệu Philips STE0850/50 Philips là tên gọi phổ biến nhất của Koninklijke Philips Electronics N.V. (Royal Philips Electronics), là một công ty đ...",3381000,0,0,0,,,Philips
17907401,Bàn Ủi Hơi Nước Bình Treo Công Nghiệp Silver Star ES-300 - Hàng Chính Hãng,"Thiết kế chuyên dụngBàn Ủi Hơi Nước Treo Công Nghiệp Silver Star ES-300 thiết kế dạng treo với công năng và công suất làm việc phù hợp với mọi nhu cầu, như có thể dùng ủi cho các tiệm may nhỏ tại nhà...",1249075,0,0,2,,6.0,Silver Star
262454784,[SẢN PHẨM MỚI] Bàn ủi hơi nước cầm tay Tefal Pure Pop - [Hàng chính hãng],"Bàn ủi hơi nước cầm tay Tefal Pure Pop- Công suất: 1300W, - Hơi phun 20g/min và làm nóng nhanh chỉ 15s làm thẳng nhanh và loại bỏ bụi bẩn hiệu quả. - Màu sắc thời thượng, đa dạng sắc màu: Xanh, vàng,...",969000,530000,35,2,,47.0,Tefal
177929226,Bàn ủi hơi nước cầm tay Bear GTJ-B10S1 - Hàng chính hãng,"• Thiết kế nhỏ gọn có thể dễ dàng mang theo đi du lịch• Độ hoàn thiện sắc sảo• Luồng hơi nước mạnh mẽ, làm phẳng mọi nếp nhắn hiệu quả• Nước được làm nóng chỉ trong 10 giây• Góc nghiêng 20 độ và ...",690000,0,0,1,,4.0,Bear
192155126,Bàn là hơi nước cầm tay Lock&lock ENI148 ( Model 2022 ) - Hàng Chính Hãng,"Bàn là hơi nước cầm tay Lock&lock ENI148 - Hàng Chính Hãng với sức mạnh hơi nước giúp sợi vải mềm ra và mới hơn, khử mùi hôi và kháng khuẩn quần áo tuyệt vời. Bàn là hơi nư...",569000,331000,37,44,,1422.0,LocknLock
41843923,Bàn ủi hơi nước công nghiệp SilverStar ES-300 (Đen) + Tặng đèn led gắn máy may 20 bóng,"Bàn ủi hơi nước công nghiệp SilverStar ES-300 (Đen) + Tặng đèn led gắn máy may 20 bóng giúp ủi nhanh và thẳng mọi loại vải một cách nhanh chóng, đặc biệt lấy li cấp tốc. Phù hợp cho gia đình, tiệm chu...",1311450,0,0,1,,9.0,Silver Star
277485882,"Bàn là hơi cầm tay Sunhouse SHD2176, Công suất 1000W, Mặt bàn là phủ chống dính, Tây cầm gấp gọn, Tự động ngắt khi quá nhiệt, Bảo hành 12 tháng - Hàng chính hãng",Thông số kỹ thuật:Màu sắc: TrắngĐiện áp: 220V ~ 50HzCông suất: 1000WChế độ: Là hơi nướcĐèn báo nguồn điện: CóCảm biến nhiệt: CóCông tắc nguồn: Nút bấmBề mặt bàn là: Chống dínhThương hiệu: SUNHOUSEXuất...,569000,0,0,0,,,Sunhouse
198111157,"Bàn là hơi nước, Bàn ủi hơi nước Bosch TDA2301GB 2000W, 50/60Hz, Hơi nước 20g/phút [Hàng chính hãng]",Bàn là hơi nước Bosch TDA2301GB là thiết bị phun sương trong quá trình là ủi quần áo nhằm xóa bỏ các nếp nhăn không đáng có do nhiệt gây ra. ️ ĐIỂM ĐẶC TRƯNG VỀ SẢN PHẨM BÀN LÀ HƠI NƯỚC BOSCH TDA230...,1290000,0,0,0,,,Bosch
247765147,"Bàn ủi hơi nước đứng Tefal IXEO Power QT2020EO - Sản xuất tại Pháp, 2170W, 1.1L - Hàng chính hãng","Giới thiệu sản phẩmBàn ủi hơi nước đứng Tefal IXEO Power QT2020EO - Sản xuất tại Pháp, 2170W, 1.1L Sản xuất tại PhápBàn ủi hơi nước tất cả trong một đáp ứng mọi nhu cầu chăm sóc quần áo trong gia ...",11300000,0,0,0,,,Tefal
72801254,Bàn ủi hơi nước bình treo công nghiệp ES-94AL Silver Star - Hàng chính hãng,"BÀN ỦI HƠI NƯỚC BÌNH TREO CÔNG NGHIỆP ES-94AL SILVER STARTHÔNG TIN SẢN PHẨM- Model: ES-94AL- Thương hiệu: SILVER STAR - MTD- Hãng sản xuất: EUNSUNG KOREAHÃY LỰA CHỌN SẢN PHẨM CHÍNH HÃNG, ĐỂ ĐẢM BẢO VỀ...",2200000,0,0,9,,35.0,Silver Star
276235625,Bàn ủi hơi nước cầm tay Bear GTJ-B10S1 - Hàng chính hãng,"Thiết kế gọn nhẹ, dễ dùng, dễ thao tácBear GTJ-B10S1 có thiết kế rất nhỏ gọn với kích thước 221 x 150 x 76 mm, dung tích bình chứa nước 120 ml. Sự kết hợp của thiết kế nhỏ gọn với màu sắc trang nhã đ...",503000,196000,28,0,,2.0,Bear
205632184,Bàn là hơi nước SUNHOUSE SHD2065 Hàng Chính Hãng,  Bàn là hơi nước SUNHOUSE SHD2065   Thông số kỹ thuật   Màu sắc: Xanh   Điện áp: 200V~/50Hz   Công suất: 1600 W   Chế độ: Phun hơi – Phun nước   Đèn báo nguồn điện: Có   Cảm biến nhiệt: Có  ...,254000,0,0,0,,2.0,Sunhouse
277966443,"[Hàng Chính Hãng] Bàn Ủi Hơi Nước Panasonic NI-S530 – 2400W, Đế phủ titan chống dính"," Đặc điểm nổi bật:Công suất mạnh 2400W giúp làm nóng nhanh, ủi mượt chỉ sau vài giây.Đế phủ titan chống dính – lướt mượt trên mọi loại vải.Hơi nước liên tục mạnh mẽ – đánh bay nếp nhăn cứng đầu.Chế...",790000,0,0,0,,,Panasonic
275840483, BÀN LÀ HƠI NƯỚC CẦM TAY PHILIPS GC365/80 Hàng chính hãng,"Philips Steam&Go GC365/80 (1300W) - Model mới nhất, hiện đại nhất, công suất lớn nhất của serie bàn là hơi cầm tay (thay thế model cũ là GC362, GC363)Chức năng 2 trong 1: có thể là đứng hoặc để n...",2790000,0,0,0,,1.0,Philips
147356515,Bàn ủi hơi nước cầm tay PHILIPS DST3030/70 2400W - Hàng Chính Hãng,Hơi phun tăng cường đến 180 gamBàn ủi hơi nước cầm tay PHILIPS DST3030/70 2400W hơi phun tăng cường cung cấp thêm công suất để hơi phun thấm sâu hơn vào vải và dễ dàng ủi phẳng những nếp nhăn khó ủi ...,831000,368000,31,22,,128.0,Philips
277417770,Bàn là Du Lịch Mini Gấp Gọn - Máy Là Hơi Nước Nhỏ Gọn Cực Tiện Lợi - HÀNG LOẠI 1,"  Bàn Ủi Du Lịch Mini Gấp Gọn - Bàn Là Hơi Nước Nhỏ Gọn Cực Tiện Lợi - HÀNG LOẠI 1   THÔNG SỐ KỸ THUẬT.   – Thiết kế nhỏ gọn, có thể được gấp lại để mang đi du lịch   – CHỨC NĂNG 2 IN 1 có thể sử ...",168000,0,0,0,,6.0,TIEN ANH HOUSE
204299868,"Bàn Ủi Hơi Nước Tự Chỉnh Nhiệt Độ Philips PerfectCare GC7840/20, Tiết Kiệm Năng Lượng Tới 35%, Công Suất 2400W - Hàng Nhập Khẩu",  ĐẶC ĐIỂM BÀN LÀ CHUYÊN DỤNG PHILIPSHơi phun mạnh giúp làm phẳng vết nhăn hiệu quả- Hơi phun mạnh và liên tục có thể dễ dàng xử lý ngay cả các loại vải khó ủi nhất. Chức năng hơi phun tăng cườ...,5990000,0,0,0,,,Philips
275882881,Bàn là cây Philips AIS8540/80 Hàng chính hãng,"Làm mới tủ quần áo của bạn với Bàn là cây All in one 8500 của Philips. Bàn ủi hơi nước quần áo đa năng này mang lại hiệu suất hiệu quả và sự tiện lợi, đảm bảo quần áo của bạn trông đẹp nhất mà không t...",9200000,0,0,0,,,Philips
106892988,BÀN ỦI ĐIỆN PANASONIC NI-M250TPRA - HÀNG CHÍNH HÃNG,Model:NI-M250TPRANhà sản xuất:PanasonicXuất xứ:Trung QuốcThời gian bảo hành:12 tháng  Loại bàn ủi:Hơi nướcChất liệu đế :Mạ TitanCông suất :1300 – 1550 WDung tích bì...,575000,0,0,0,,,Panasonic
184910157,"Bàn là hơi nước HiTECH ASB16 phiên bản đa năng 4 in 1, công suất mạnh mẽ 1600W, 3 cấp độ phun đáp ứng đa dạng vải, thiết kế gấp gọn siêu tiện lợi, hàng chính hãng","Bàn là hơi nước ASB-164 in 1, siêu vượt trội về hiệu năng...",745000,0,0,3,,5.0,Hitech
188042106,Bàn ủi hơi nước cầm tay PHILIPS STH1000/10 (900W) - Hàng Chính Hãng,"Thiết kế của sản phẩm- Bàn ủi hơi nước cầm tay Philips STH1000/10 thiết kế nhỏ gọn giúp ủi quần áo mọi lúc, mọi nơi mà không cần dùng ván ủi, màu sắc trang nhã, dễ cầm nắm và di chuyển với khối lượng...",712000,287000,29,60,,361.0,Philips
275912388,Bàn là hơi nước Philips GC7846 Hàng chính hãng,"Bình chứa 1,5 lít trong suốt cung cấp 1,5 giờ sử dụng liên tục. Bạn có thể nhìn thấy rõ lượng nước còn lại trong đó và nhờ vào lỗ nạp lớn, bạn có thể dễ dàng đổ đầy bình chứa dưới vòi.Chức năng ngắt t...",4990000,0,0,0,,,Philips
184874063,Bàn ủi hơi nước Panasonic NI-E410TMRA - Hàng chính hãng,"Thiết kế hiện đại, màu xanh ngọc trẻ trung, công suất lớn 2150WBàn ủi Panasonic PABU-NI-E410TMRA truyền nhiệt tốt, tỏa nhiệt đều, lượng phun hơi nước mạnh mẽ giúp làm thẳng quần áo nhanh chóng. Đi...",799000,0,0,0,,1.0,Panasonic
277618950,"Bàn là, ủi hơi nước cầm tay công suất lớn 1800W. Thương hiệu Hà Lan cao cấp Philips - STE0850/50 - Hàng nhập khẩu","Bàn là, ủi hơi nước cầm tay Philips STE0850/50 công suất 1800W, Series 8000 nâng cấp một số tính năng như:  Công suất lớn 1800W, đễ dàng di chuyển, 7 chế độ riêng biệt cho các loại quần áo khác nhau, ...",3377000,0,0,0,,,Philips
276024471,"Bàn Là Hơi Nước Cầm Tay SEKA SK547 (Model Mới Nhất 2024) 1200W, 170ml, Bàn Là Mini, Bàn ủi Du Lịch - Hàng Chính Hãng","ƯU ĐIỂM SẢN PHẨM1. Nâng cấp hộc chứa nước đến 170ml, một lần ủi được nhiều quần áo2. Làm nóng nhanh 30s, công suất lớn 1200W3. Ra hơi nước liên tục 17+-3g/phút, 2 chế độ ủi: Chế độ liên tục + Chế đ...",399000,201000,34,0,,2.0,SEKA
36508271,BÀN ỦI HƠI NƯỚC BOSCH HMH.TDA2301GB - Hàng chính hãng,"Bề mặt bàn là bằng thép không gỉThêm hơi nước 20g/minBắn hơi nước 70g/mChức năng ủi đứngĐiều khiển lượng hơi nướcĐiều khiển nhiệt độTính năng 2AntiCalc: Bao gồm 2 tính năng tự làm sạch, hệ thống...",1390000,0,0,0,,,Bosch
216405845,Bàn Ủi Hơi Nước Cầm Tay Sokany 3060 Có Thể Gấp Gọn - Hàng Chính Hãng,...,480000,0,0,12,,158.0, SOKANY
143171809,Bàn ủi hơi nước Tefal Smart Protect Plus FV6872E0 - 2800W - Hàng chính hãng,"Bàn ủi hơi nước Tefal Smart Protect Plus FV6872E0 - 2800W - Hàng chính hãng  - Công suất: 2800W- Hơi phun: 40g/ phút- Hơi tăng cường: 260g/ phút- Mặt đế: Durilium, lướt nhanh, ủi phẳng, tránh bết r...",2590000,0,0,0,,,Tefal
204288324,Bàn ủi hơi nước Tefal Smart Protect Plus FV6872E0 - 2800W - Hàng chính hãng,"Bàn ủi hơi nước Tefal Smart Protect Plus FV6872E0 - 2800W - Hàng chính hãng- Công suất: 2800W- Hơi phun: 40g/ phút- Hơi tăng cường: 260g/ phút- Mặt đế: Durilium, lướt nhanh, ủi phẳng, tránh bết rít- ...",2590000,0,0,0,,,Tefal
277741454,Bàn là hơi nước Elmich SIE-3435 - Hàng chính hãng,"An toàn chuẩn Châu Âu Tùy chỉnh nhiệt độ phù hợp và bảo vệ mọi chất liệu vải Chống cặn nước giúp giữ nguyên vẹn bề mặt vải Ngoài chức năng là ngang, chức năng là đứng tiện lợi nhờ hệ thống phun hơi nó...",717000,133000,16,0,,2.0,Elmich
275043020,Bàn Ủi Hơi Nước Cầm Tay BlueStone GSB-4033 1500W - Hàng Chính Hãng,Thông tin sản phẩmCông suất: 1370 - 1630WBình nước: 200mlMặt đế hộp kim bằng nhômChức năng ủi hơi nướcLực phun hơi: 20g/ phútTÍnh năng nổi bậtNgăn chứa nước lớn tới 200mlLàm nóng nh...,799000,700000,47,0,,,Bluestone
152070785,Bàn là hơi nước 2000w Philips GC1740/20 - Hàng chính hãng,Thông số kỹ thuậtModel:GC1740Nhà sản xuất:PhilipsXuất xứ:Trung QuốcNăm ra mắt :2019Thời gian bảo hành:24 ThángĐịa điểm bảo hành:Nguyễn KimLoại bàn ủi:Hơi nướcChiều dài ...,499000,0,0,0,,2.0,Philips
273280823,"Bàn Ủi Hơi Nước Panasonic NI-M250TPRA - Phun hơi cực mạnh, mặt đế phủ Titan - Hàng chính hãng - Bảo hành chính hãng 12 tháng","Loại bàn ủi: Bàn ủi hơi nướcCông suất: 1550WBình nước: 210 mlMặt đế: Titanium chống dínhChức năng: Phun hơi, Ủi khô, Ủi hơi nước, Phun tiaChiều dài dây điện: 196 cmTiệ...",509000,151000,23,0,,1.0,Panasonic
276308483,Bàn ủi hơi nước đa năng Tefal 2 trong 1 Duo Power JF4032E0 1850W- Hàng chính hãng,"Đặc điểm nổi bậtBàn ủi hơi nước Tefal với thiết kế màu xanh tinh tế, nhỏ gọn.Công suất mạnh mẽ 1550 - 1850W, ủi đồ nhanh chóng, tiết kiệm thời gian.Bàn ủi vừa ủi nằm vừa ủi đứng, tiện lợi trong q...",1790000,0,0,0,,,Tefal
276247725,Bàn là hơi nước Russell Hobbs 26470-5 Hàng chính hãng,"Thiết kế nhẹ nhàng và dễ sử dụngVới trọng lượng chỉ 1,273 kg và thiết kế gọn nhẹ, bàn ủi Russell Hobbs dễ dàng cầm nắm và di chuyển, giúp bạn ủi quần áo một cách thoải mái mà không gây mỏi tay. Kích ...",1090000,0,0,0,,,RUSSELL HOBBS
147352661,Bàn ủi hơi nước cầm tay PHILIPS DST3040/70 2600W - Hàng Chính Hãng,"Thiết kế của sản phẩm- Bàn ủi hơi nước Philips DST3040/70 thiết kế nhỏ gọn, hiện đại, màu xanh dương đậm bắt mắt, dễ cầm nắm và di chuyển với khối lượng chỉ khoảng 1.41 kg.- Thiết kế đầu mũi nhọn, d...",1074000,625000,37,56,,273.0,Philips
278443771,Bàn là hơi nước Philips GC 7844/20 Hàng chính hãng," Bộ tạo hơi nước mạnh mẽ nhất của chúng tôiHơi nước liên tục mạnh mẽ cho phép làm nóng nhanh mọi loại vải mà không cần phải điều chỉnh nhiệt độ, nhờ công nghệ OptimalTEMP. Nhỏ gọn và nhẹ, có thể trả...",5690000,0,0,0,,1.0,Philips
220661346,Bàn Ủi Hơi Nước Cầm Tay Sokany 3060 Có Thể Gấp Gọn - Hàng Chính Hãng,"Dễ dàng gấp và tiết kiệm không gian.Công suất cao 1500W, xả nhanh 30S.Vòi phun áp lực 7 lỗ phun rộng rãi.Hơi nước không phai và ủi quần áo nhanh hơn.Bình chứa nước 120ML, chống nhỏ giọt và rò rỉ....",480000,0,0,31,,240.0, SOKANY
273054526,Bàn là hơi nước Tefal SV6110E0 Hàng chính hãng,"Công suất: 2200WHơi tăng cường lên đến 260g/phútBình chứa lên đến 1.4LMặt đến: Xpress GlideChức năng chống cặn bảo vệ máy bền hơnMàu sắc: trắng, tím...",3290000,0,0,0,,1.0,Tefal
275494235,Bàn ủi hơi nước cầm tay Philips STH3000/20  - Hàng chính hãng,"Thiết kế nhỏ gọn có thể gập lại dễ dàng mang theoBàn ủi hơi nước cầm tay Philips STH3000/20 thiết kế nhỏ gọn, có thể gập lại dễ dàng cất giữ, tiết kiệm không gian, tiện mang theo khi đi du lịch hay ...",919000,320000,26,0,,9.0,Philips
276048297,Bàn là hơi nước mini Silvercrest SDBRK 1000 A1 Hàng chính hãng," Thời gian làm nóng ngắn: Bàn là Silvercrest SDBRK 1000 A1 có thời gian làm nóng ngắn, chỉ trong vài giây là sẵn sàng để sử dụng. Điều này giúp tiết kiệm thời gian và tăng hiệu quả công việc.- Tay cầm...",1030000,0,0,0,,, Silvercrest
202528416,Bàn ủi hơi nước Panasonic NI-S630VRA - Hơi phun  mạnh mẽ - Chống đóng cặn - Chế độ tự ngắt an toàn - Hàng chính hãng,"Bàn ủi hơi nước Panasonic NI-S630VRA với gam màu Violet cực kì bắt mắt. Mặt đế Ceramic chống dính, bảo vệ vải của bạn luôn bền màu. Công suất tối đa 2400W ủi phẳng nhanh chóng, tích hợp chức năng chốn...",873000,227000,21,0,,3.0,Panasonic
195801917,Bàn ủi hơi nước Panasonic NI-M250TPRA - Hàng Chính Hãng - Hồng,  0.0 ...,899000,0,0,0,,,Panasonic
278676939,Bàn ủi hơi nước cầm tay Philips STH5030 - 1400W - 200ml - Hàng Chính Hãng,"Bàn ủi hơi nước cầm tay Philips STH5030 - 1400W - 200ml - Hàng Chính Hãng, Bảo hành toàn quốcBàn ủi hơi nước cầm tay Philips STH5020 1400W có thiết kế nhỏ gọn. Công suất hoạt động 1200 - 1400W cùng ...",1348000,0,0,0,,,Philips
274772107,Bàn ủi hơi nước Tefal FV1054L0 1200W - Bàn ủi hơi nước Tefal Easy Steam FV1955E0 1400W  - Hàng Chính Hãng,"THÔNG TIN SẢN PHẨMBàn ủi hơi nước Tefal FV1054L0 1200W (Màu Xanh)Đặc điểm nổi bậtThiết kế nhỏ gọn, dễ di chuyển, hạn chế mỏi tayCông suất 1200W làm nóng nhanh, tiết kiệm điện năngDung tích...",799000,0,0,0,,,Tefal
44636690,Bàn ủi hơi nước Panasonic NI-M300TVRA - Hàng Chính Hãng,"Núm vặn với các chỉ dẫn nhiệt độ rõ ràng giúp bạn chỉnh nhiệt độ ủi thích hợp với từng loại quần áo dễ dàngChế độ ủi khô, ủi hơi nước tiện dụngTrong chế độ ủi hơi nước có chế độ phun hơi, phun tia ...",533000,197000,27,0,,1.0,Panasonic
147352659,Bàn ủi hơi nước PHILIPS GC7933/30 2400W - Hàng Chính Hãng,"Ủi phẳng dễ dàng, tiết kiệm thời gianVới bàn ủi bộ tạo hơi nước của Bàn ủi hơi nước PHILIPS GC7933/30, bạn sẽ không còn lo lắng về việc quần áo dễ cháy khi ủi. Mọi nếp nhăn trên quần áo đều được ủi p...",4090000,0,0,1,,3.0,Philips
159885559,"Bàn ủi hơi nước Philips GC7933/30 2400W Công nghệ OPTIMAL TEMP ủi nhanh chóng, không cháy vải - Hàng Chính Hãng","Đảm bảo không gây ra vết cháyKể cả khi bạn làm nhiều việc cùng lúc hoặc đang phân tâm, bạn cũng không bao giờ làm cháy quần áo. Nhờ công nghệ nhiệt độ tối ưu OptimalTEMP, bàn ủi bộ tạo hơi nước đảm b...",4900000,0,0,0,,,Philips
