id,reason
95052954,Not JSON response
273544595,Not JSON response
277395105,Not JSON response
276311568,Not JSON response
730095,Not JSON response
278448702,Not JSON response
192287752,Not JSON response
185511411,Not JSON response
3577985,Not JSON response
121316811,Not JSON response
274414870,Exceeded 30 redirects.
262707220,Exceeded 30 redirects.
3577753,Exceeded 30 redirects.
11388341,Exceeded 30 redirects.
31883144,Exceeded 30 redirects.
650002,Exceeded 30 redirects.
127031247,Exceeded 30 redirects.
192972236,Exceeded 30 redirects.
192704524,Exceeded 30 redirects.
12275783,Exceeded 30 redirects.
277514083,Not JSON response
130230760,Not JSON response
102551671,Not JSON response
276590414,Not JSON response
275437422,Not JSON response
198539050,Not JSON response
275237186,Not JSON response
278144578,Not JSON response
198539745,Not JSON response
277743456,Not JSON response
276311974,Exceeded 30 redirects.
50668677,Exceeded 30 redirects.
275697568,Exceeded 30 redirects.
275645530,Exceeded 30 redirects.
275937087,Exceeded 30 redirects.
474857,Exceeded 30 redirects.
275238998,Exceeded 30 redirects.
33097297,Exceeded 30 redirects.
10704914,Exceeded 30 redirects.
729915,Exceeded 30 redirects.
130159955,Exceeded 30 redirects.
274678444,Exceeded 30 redirects.
271078037,Exceeded 30 redirects.
154155186,Exceeded 30 redirects.
276640780,Exceeded 30 redirects.
274937098,Exceeded 30 redirects.
250055371,Exceeded 30 redirects.
171992172,Exceeded 30 redirects.
2500311,Exceeded 30 redirects.
102551598,Exceeded 30 redirects.
729907,Exceeded 30 redirects.
12275784,Exceeded 30 redirects.
53969748,Exceeded 30 redirects.
127190673,Exceeded 30 redirects.
729890,Exceeded 30 redirects.
102400614,Exceeded 30 redirects.
17014393,Exceeded 30 redirects.
217480936,Exceeded 30 redirects.
729875,Exceeded 30 redirects.
658099,Exceeded 30 redirects.
161241909,Exceeded 30 redirects.
276852728,Exceeded 30 redirects.
78487832,Exceeded 30 redirects.
19755982,Exceeded 30 redirects.
275195123,Exceeded 30 redirects.
275130372,Exceeded 30 redirects.
276654679,Exceeded 30 redirects.
82894187,Exceeded 30 redirects.
474821,Exceeded 30 redirects.
252068524,Exceeded 30 redirects.
658100,Exceeded 30 redirects.
270747447,Exceeded 30 redirects.
88951143,Exceeded 30 redirects.
729881,Exceeded 30 redirects.
729884,Exceeded 30 redirects.
217482434,Exceeded 30 redirects.
274182380,Exceeded 30 redirects.
251324797,Exceeded 30 redirects.
162865717,Exceeded 30 redirects.
278611223,Exceeded 30 redirects.
13444273,Exceeded 30 redirects.
274663820,Exceeded 30 redirects.
277470313,Exceeded 30 redirects.
278531955,Exceeded 30 redirects.
217325730,Exceeded 30 redirects.
276639589,Exceeded 30 redirects.
4526261,Exceeded 30 redirects.
14678375,Exceeded 30 redirects.
195149499,Exceeded 30 redirects.
129349243,Exceeded 30 redirects.
262679243,Exceeded 30 redirects.
82908072,Exceeded 30 redirects.
274678432,Exceeded 30 redirects.
276639498,Exceeded 30 redirects.
78488438,Exceeded 30 redirects.
15743658,Exceeded 30 redirects.
261945005,Exceeded 30 redirects.
276313314,Exceeded 30 redirects.
2635471,Exceeded 30 redirects.
261975315,Exceeded 30 redirects.
277614466,Exceeded 30 redirects.
130063475,Exceeded 30 redirects.
276526638,Exceeded 30 redirects.
261803362,Exceeded 30 redirects.
274632562,Exceeded 30 redirects.
57649657,Exceeded 30 redirects.
262460126,Exceeded 30 redirects.
510534,Exceeded 30 redirects.
278498842,Exceeded 30 redirects.
380090,Exceeded 30 redirects.
275035830,Exceeded 30 redirects.
274398430,Exceeded 30 redirects.
196523668,Exceeded 30 redirects.
277779961,Exceeded 30 redirects.
278706149,Exceeded 30 redirects.
270746679,Exceeded 30 redirects.
13524712,Exceeded 30 redirects.
78631962,Exceeded 30 redirects.
275195852,Exceeded 30 redirects.
199999474,Exceeded 30 redirects.
21403616,Exceeded 30 redirects.
217482639,Exceeded 30 redirects.
274845288,Exceeded 30 redirects.
1733819,Exceeded 30 redirects.
474819,Exceeded 30 redirects.
70411283,Exceeded 30 redirects.
275499617,Exceeded 30 redirects.
277446691,Exceeded 30 redirects.
274937181,Exceeded 30 redirects.
270746832,Exceeded 30 redirects.
183315252,Exceeded 30 redirects.
276136649,Exceeded 30 redirects.
278091560,Exceeded 30 redirects.
270748009,Exceeded 30 redirects.
201252452,Exceeded 30 redirects.
275420150,Exceeded 30 redirects.
277395202,Exceeded 30 redirects.
278013978,Exceeded 30 redirects.
274826378,Exceeded 30 redirects.
103354871,Exceeded 30 redirects.
186467504,Exceeded 30 redirects.
215536057,Exceeded 30 redirects.
17476292,Exceeded 30 redirects.
276639228,Exceeded 30 redirects.
278448696,Exceeded 30 redirects.
72549285,Exceeded 30 redirects.
192973723,Exceeded 30 redirects.
82912300,Exceeded 30 redirects.
262068388,Exceeded 30 redirects.
276523810,Exceeded 30 redirects.
50669832,Exceeded 30 redirects.
11413192,Exceeded 30 redirects.
189468143,Exceeded 30 redirects.
510533,Exceeded 30 redirects.
78633032,Exceeded 30 redirects.
277907389,Exceeded 30 redirects.
78631871,Exceeded 30 redirects.
278131209,Exceeded 30 redirects.
275423664,Exceeded 30 redirects.
278131327,Exceeded 30 redirects.
277395200,Exceeded 30 redirects.
130773615,Exceeded 30 redirects.
275420065,Exceeded 30 redirects.
71900726,Exceeded 30 redirects.
11446111,Exceeded 30 redirects.
277614474,Exceeded 30 redirects.
82874219,Exceeded 30 redirects.
2399357,Exceeded 30 redirects.
277880271,Exceeded 30 redirects.
276062523,Exceeded 30 redirects.
405256,Exceeded 30 redirects.
2635475,Exceeded 30 redirects.
20736328,Exceeded 30 redirects.
275139135,Exceeded 30 redirects.
274152739,Exceeded 30 redirects.
276524423,Exceeded 30 redirects.
278575273,Exceeded 30 redirects.
277378289,Exceeded 30 redirects.
275197192,Exceeded 30 redirects.
167397362,Exceeded 30 redirects.
278131273,Exceeded 30 redirects.
405202,Exceeded 30 redirects.
270746602,Exceeded 30 redirects.
276062526,Exceeded 30 redirects.
215535735,Exceeded 30 redirects.
274936431,Exceeded 30 redirects.
637295,Exceeded 30 redirects.
189533064,Exceeded 30 redirects.
21403520,Exceeded 30 redirects.
405179,Exceeded 30 redirects.
275195706,Exceeded 30 redirects.
275388452,Exceeded 30 redirects.
274956544,Exceeded 30 redirects.
7586684,Exceeded 30 redirects.
191372754,Exceeded 30 redirects.
50678599,Exceeded 30 redirects.
275266879,Exceeded 30 redirects.
278098394,Exceeded 30 redirects.
70417273,Exceeded 30 redirects.
524275,Exceeded 30 redirects.
21404535,Exceeded 30 redirects.
274636582,Exceeded 30 redirects.
118135933,Exceeded 30 redirects.
277614468,Exceeded 30 redirects.
106734381,Exceeded 30 redirects.
276180427,Exceeded 30 redirects.
252175131,Exceeded 30 redirects.
380076,Exceeded 30 redirects.
73856567,Exceeded 30 redirects.
21404392,Exceeded 30 redirects.
72549513,Exceeded 30 redirects.
73872622,Exceeded 30 redirects.
274926236,Exceeded 30 redirects.
278131348,Exceeded 30 redirects.
82896227,Exceeded 30 redirects.
12275782,Exceeded 30 redirects.
275791980,Exceeded 30 redirects.
277971784,Exceeded 30 redirects.
11423679,Exceeded 30 redirects.
275191587,Exceeded 30 redirects.
