id,name,short_description,price,discount,discount_rate,review_count,day_ago_created,quantity_sold,brand_name
272617330,"Quạt đứng Toshiba F-LSA10(H)VN, Màu xám, 50W- 5 cánh - Hẹn giờ tắt - Góc đảo gió 85 độ - Hàng chính hãng, bảo hành 12 tháng","Loại quạt: Quạt đứngMàu: XámCông suất: 50 WChức năng: Làm mátĐường kính cánh quạt: 40 cmSố cánh quạt: 5 cánh Tốc độ gió: 3 mứcChế độ gió: Gió thườngBảng điều khiển: Nút xoay, Nút nhấnLoại mot...",909000,281000,24,7,,14.0,Toshiba
273356998,Quạt không cánh kết hợp lọc không khí Elmich BFE-3936 - Hàng Chính Hãng,"Thông tin sản phẩmQUẠT KHÔNG CÁNH KẾT HỢP LỌC KHÔNG KHÍ BFE 3936 – GIẢI PHÁP CHO KHÔNG GIAN SỐNG TRONG LÀNH VÀ AN TOÀNQuạt lọc không khí không cánh Elmich thiết kế phong cách châu Âu hiện đại, tô đi...",4180000,3619000,46,6,,37.0,Elmich
272617341,"Quạt đứng Toshiba F-LSA10(K)VN, Màu đen, 50W- 5 cánh - Hẹn giờ tắt - Góc đảo gió 85 độ - Hàng chính hãng, bảo hành 12 tháng","Loại quạt: Quạt đứngMàu: ĐenCông suất: 50 WChức năng: Làm mátĐường kính cánh quạt: 40 cmSố cánh quạt: 5 cánh Tốc độ gió: 3 mứcChế độ gió: Gió thườngBảng điều khiển: Nút xoay, Nút nhấnLoại mot...",909000,281000,24,0,,7.0,Toshiba
274937152,"Quạt Hộp, Quạt Để Bàn 5 Cánh Midea FB40-9H (Quạt Điện Hàng Chính Hãng, Công suất 55W, Chỉnh Gió 3 Tốc Độ)",...,1350000,0,0,1,,1.0,Midea
16215259,Quạt Hộp USS-H3VU-Hàng chính hãng,Thương hiệuUSSSản xuất tạiViệt NamĐiện áp220V / 50HzCông suất35WLoại quạtQuạt hộpLưu lượng không khí59m3/phútKích thước  38 X 17 X 43 CmQuạt hộp USS B3 H3VU có cánh quạ...,285000,0,0,80,,635.0,USS
87729836,Quạt mini chính hãng Calibra CQ-F001 - quạt cầm tay phun sương,"MÔ TẢ SẢN PHẨMPhun sương tạo ẩm, bảo vệ da mặt không bị khô, nóng5 Cánh quạt cho luồng gió tự nhiênĐộng cơ quạt hoạt động êm nhẹ, không gây ồn àoThiết kế thời trang siêu dễ thương.Dung lượng Pin 2...",269000,0,0,2,,5.0,Calibra
26078293,Quạt đứng Toshiba F-LSA10(H)VN (50W) - Xám - Hàng chính hãng,"Thiết kế nhỏ gọnQuạt đứng Toshiba F-LSA10(H)VN sở hữu thiết kế hiện đại kết hợp màu xám tinh tế, mạnh mẽ phù hợp với nhiều không gian nội thất. Đặc biệt, kiểu dáng cao gọn, không chiếm quá nhiều diệ...",903000,327000,27,253,,1340.0,Toshiba
26078293,Quạt đứng Toshiba F-LSA10(H)VN (50W) - Xám - Hàng chính hãng,"Thiết kế nhỏ gọnQuạt đứng Toshiba F-LSA10(H)VN sở hữu thiết kế hiện đại kết hợp màu xám tinh tế, mạnh mẽ phù hợp với nhiều không gian nội thất. Đặc biệt, kiểu dáng cao gọn, không chiếm quá nhiều diệ...",903000,327000,27,253,,1340.0,Toshiba
3577985,Quạt Đứng Toshiba F- LSA20(W)VN (60W) - Trắng - Hàng chính hãng,"Thiết kế nhỏ gọnQuạt Toshiba F- LSA20(W)VN sở hữu thiết kế hiện đại kết hợp màu sắc tinh tế phù hợp với nhiều không gian nội thất. Đặc biệt, kiểu dáng cao gọn, không chiếm quá nhiều diện tích giúp bạ...",1177000,413000,26,703,,3513.0,Toshiba
186552176,Quạt Hộp USS-Hàng Chính Hãng,Thương hiệuUSSSản xuất tạiViệt NamĐiện áp220V / 50HzCông suất35WLoại quạtQuạt hộpLưu lượng không khí59m3/phútKích thước  37 X 16 X 41 CmQuạt hộp USS-H3VU có cánh quạt đường kính 30cm tạo...,280000,0,0,1,,34.0,USS
275522844,"Quạt sạc tuần hoàn không khí Elmich CFE-8786, dung lượng pin lớn, hoạt động liên tục tới 10h, tạo nên luồng gió mạnh,  di chuyển linh hoạt 90° theo chiều ngang tạo luồng gió đa chiều, làm mát nhanh, dễ chịu - Hàng chính hãng","Giới thiệu sản phẩmQuạt sạc tuần hoàn ELmich CFE-8786 là sự lựa chọn hoàn hảo cho những ai đang tìm kiếm một thiết bị làm mát hiệu quả và tiện dụng, đặc biệt là trong những ngày nắng nóng mất điện. K...",1473640,1016360,41,6,,47.0,Elmich
111976756,Quạt Hộp USS-H3VU-Hàng chính hãng,Thương hiệuUSSSản xuất tạiViệt NamĐiện áp220V / 50HzCông suất35WLoại quạtQuạt hộpLưu lượng không khí59m3/phútKích thước  37 X 16 X 41 Cm Quạt hộp USS B3 H3VU có cánh q...,285000,0,0,11,,44.0,USS
1733783,Quạt Bàn Mini Senko B102 (28W) - Tím Khoai Môn - Hàng Chính Hãng,"Quạt Bàn Mini Senko B102 là một điểm nhấn cho góc bàn làm việc, góc học tập hay phòng ngủ… Ngoài ra, quạt có 2 cấp độ gió giúp người tiêu dùng có thể thay đổi tốc độ gió theo sở thích và mục đích sử ...",250000,0,0,4,,22.0,SENKO
162865717,Quạt đứng Kagaroo KG726 - Hàng Chính Hãng,"Thiết kế thon gọn, hiện đạiQuạt đứng Kagaroo KG726 có thiết kế thon gọn, kiểu dáng Hàn Quốc, màu sắc trang nhã, phù hợp với nhiều không gian nội thất: phòng khách, phòng ngủ, phòng làm việc, chân đ...",1031000,719000,41,4,,29.0,Kangaroo
46581920,QUẠT ĐỨNG HẸN GIỜ SENKO DH1600 hàng chính hãng (Màu sắc ngẫu nhiên),"Quạt đứng hẹn giờ Senko có công suất 47W với 3 tốc độ gió tùy chỉnh nhanh hay chậm cùng màu sắc trang nhã, thiết kế hiện đại nhưng vô cùng đơn giản, dễ dàng di chuyển đến mọi nơi bạn muốn, thích hợp s...",475000,0,0,52,,192.0,SENKO
14678375,Quạt đứng Toshiba F-LSD10(W)VN (30W) - Hàng chính hãng,"Thiết kế hiện đạiQuạt đứng Toshiba F-LSD10(W)VN sở hữu thiết kế hiện đại kết hợp màu sắc tinh tế, phù hợp với nhiều không gian nội thất. Kiểu dáng cao gọn, không chiếm quá nhiều diện tích giúp bạn vừ...",1747000,543000,24,807,,3123.0,Toshiba
20701352,Quạt bàn Senko B102 (giao màu ngẫu nhiên) - Hàng Chính Hãng,"Thông số kỹ thuật:- Loại quạt:Quạt bàn, 28 W- Chức năng:Làm mát- Số cánh quạt:3 cánh - Đường kính cánh quạt:20 cm - Tốc độ gió:2 mức - Chế độ gió:Gió thường - Loại motor:Bạc thau - Kích thước:...",250000,0,0,29,,146.0,SENKO
249296149,Quạt đứng Mitomo FCE-60HE cao cấp không ồn hàng chính hãng," Hiện tại công ty phân phối 2Model quạt đứng Mitomo như sau:- Model FCE - 60AE ( Quạt điện tử: phím cảm úng, có điều khiễn, có hẹn giờ )- Model FCE - 60HE ( Quạt cơ: phím cơ, không có điều khiễn,...",959000,0,0,26,,117.0,Mitomo
11446586,Quạt bàn mini Senko cao cấp ( Màu ngẫu nhiên ) - Hàng chính hãng," ""Quạt bàn với kiểu dáng nhỏ gọn, chất liệu nhựa cao cấp ít bám bụi, dễ lau chùiQuạt bàn có 3 cánh quạt đường kính 20 cm tạo luồng gió êm ái, dễ chịuBộ điều khiển phím bấm dễ sử dụng với 2 tốc ...",250000,0,0,3,,19.0,SENKO
272617631,"Quạt đứng Toshiba F-LSA20(W)VN, Màu trắng, 60W - Điều khiển từ xa - 5 cánh - Hẹn giờ tắt/mở - Hàng chính hãng, bảo hành 12 tháng","Loại quạt: uạt đứng - 60W - 3 mức gióChế độ gió: Gió ngủ, Gió yên tĩnh, Gió tự nhiên, Gió thườngBảng điều khiển: Remote, Nút nhấnLoại motor: Bạc thauĐường kính cánh quạt: 5 cánh...",1239000,351000,22,1,,7.0,Toshiba
275522845,"Quạt tuần hoàn không khí Elmich CFE-8791, làm mát diện rộng và làm mới không khí tới 20 lần/giờ, quạt tạo luồng gió tuần hoàn và điều hòa không khí trong phòng  - Hàng chính hãng",Giới thiệu sản phẩmTrải nghiệm sự mát mẻ tuyệt vời cùng khả năng vận hành êm ái đặc biệt của quạt tuần hoàn không khí Elmich CFE-8791. Ứng dụng công nghệ tiên tiến từ Châu Âu tạo ra luồng gió tuần ho...,2453000,2102000,46,4,,15.0,Elmich
82899457,Quạt lỡ thân sắt lồng mạ crom SENKO LTS1632 - Hàng chính hãng,"Model - LTS1632DÒNG SẢN PHẨM F23•   Màu sắc: Đen Cam, Đen Két•   Dòng sản phẩm: Quạt Lỡ•   Tốc độ gió: 3 tốc độ•   Cánh quạt: 5 lá•   Đường kính cánh: 39 cm•   Chuyển hướng cơ.•   Chiều cao sả...",495000,0,0,1,,5.0,SENKO
272617530,"Quạt đứng Toshiba F-LSA20(H)VN, Màu xám, 60W - Điều khiển từ xa - 5 cánh - Hẹn giờ tắt/mở - Hàng chính hãng, bảo hành 12 tháng","Loại quạt: uạt đứng - 60W - 3 mức gióChế độ gió: Gió ngủ, Gió yên tĩnh, Gió tự nhiên, Gió thườngBảng điều khiển: Remote, Nút nhấnLoại motor: Bạc thauĐường kính cánh quạt: 5 cánh...",1239000,351000,22,1,,8.0,Toshiba
275190902,QUẠT BÀN BRANDSON RETRO Hàng chính hãng,"Đầu quạt có thể xoay nghiêng linh hoạt theo bất kỳ hướng nào. Với 3 mức tốc độ có thể điều chỉnh (Mát nhẹ, Trung bình, Mạnh) chúng ta có thể lựa chọn công suất quạt gió mong muốn phù hợp với nhu cầu c...",2390000,0,0,0,,,Brandson 
78488079,Quạt Điện Đứng Senko L1638 - Giao Màu Ngẫu Nhiên - Hàng Chính Hãng,"Model - L1338/L1638 (nay là L1638 vì L1338 là mã cũ)• Màu sắc: Kem Môn, Kem Nâu, Xanh Ngọc, Xám, Cốm• Dòng sản phẩm: Quạt Lỡ• Tốc độ gió: 3 tốc độ• Cánh quạt: 3 lá• Đường kính cánh: 39 cm• Chuy...",378000,0,0,185,,923.0,SENKO
34281542,Quạt Đứng Toshiba F-LSA10(K)VN (50W) - Hàng Chính Hãng,"Thiết kế đứng hiện đại và sang trọngQuạt đứng Toshiba F-LSA10(K)VN sở hữu thiết kế đứng hiện đại, kết hợp cùng gam màu đen sang trọng từ đó tạo điểm nhấn nổi bật cho không gian nội thất của mỗi gia đ...",914000,316000,26,645,,3804.0,Toshiba
277968848,"Quạt cây Brandson DC ECO siêu êm ái, tiết kiệm điện hàng chính hãng","Chiếc quạt đạt giải thưởng thiết kế năm 2024 trong lĩnh vực quạt và máy lọc không khí tại ĐứcĐặc điểm nổi bật:• Động cơ DC yên tĩnh (max 49 dB), tiết kiệm 60% năng lượng với công suất chỉ 19 W• 9 m...",5250000,0,0,0,,1.0,Brandson 
276317897,Quạt cây Windy Hàng chính hãng,Đường kính: 16 inch ~ 40cmSố cánh: 3 cánh quạt màu đenCông suất: 50WĐiện áp: 220V / 50HzTrọng lượng: 9.8KGKích thước: W520 x L520 x H1500mmĐiều khiển: công tắc 3 cấp độ gióTốc độ vòng quay / phút : 13...,4480000,0,0,0,,,IVV
187187738,Hàng chính hãng Quạt đối lưu không khí Iris Ohyama PCF-HE18 màu trắng,"Quạt đối lưu không khí  PCF - HE18 là sản phẩm gia dụng thông minh phù hợp cho diện tích căn phòng vừa và nhỏ, nhất là trong khi sử dụng điều hòa làm mát.  Thiết kế luồng gió lốc xoáy giúp gió thổi xa...",790000,0,0,0,,,IRIS OHYAMA
278345231,Quạt cây Taurus FA3001D Ice Brise 3in1 Hàng chính hãng,"Quạt cây Taurus FA3001D Ice Brise 3in1 Quạt Taurus Ice Brise 3 in 1 chỉ với  chiếc quạt bạn có thể vừa làm quạt đứng, hạ thấp thành quạt lửng hoặc quạt bàn.Trong những ngày hè oi bức, việc sở hữu mộ...",1790000,0,0,0,,,Taurus
3577753,Quạt đứng Toshiba F- LSA20(H)VN (60W) - Xám - Hàng chính hãng,"Thiết kế nhỏ gọnQuạt Toshiba F- LSA20(H)VN sở hữu thiết kế hiện đại kết hợp màu sắc tinh tế phù hợp với nhiều không gian nội thất. Đặc biệt, kiểu dáng cao gọn, không chiếm quá nhiều diện tích giúp bạ...",1211000,379000,24,272,,1592.0,Toshiba
273543948,Quạt đứng Tefal VH441790 Xám - Hàng chính hãng,THÔNG TIN SẢN PHẨM:Thương hiệu: TefalModel: VH441790Số Cánh Quạt: 3 cánhChế Độ Gió: Gió thườngTốc Độ Gió: 3 tốc độ gióLưu Lượng Gió: 56 m3/phútĐiều khiển Từ Xa: KhôngNút Điều Chỉnh: Nút vặnCh...,1200000,0,0,0,,,Tefal
187184229,Hàng chính hãng Quạt đối lưu không khí Iris Ohyama PCF-HEK18,"Quạt đối lưu không khí  PCF-HEK18 là sản phẩm gia dụng thông minh phù hợp cho diện tích căn phòng vừa và nhỏ, nhất là trong khi sử dụng điều hòa làm mát.  Thiết kế luồng gió lốc xoáy giúp gió thổi xa ...",1090000,0,0,0,,,IRIS OHYAMA
2635471,Quạt Đứng Toshiba F-LSD10(H)VN (30W) - Xám - Hàng chính hãng,"Thiết kế nhỏ gọnQuạt Đứng Toshiba F-LSD10(H)VN sở hữu thiết kế hiện đại kết hợp màu sắc tinh tế phù hợp với nhiều không gian nội thất. Đặc biệt, kiểu dáng cao gọn, không chiếm quá nhiều diện tích giú...",1985000,165000,8,0,,,Toshiba
252720212,Quạt Lỡ USS -L03-Hàng chính hãng(Giao màu ngẫu nhiên),"Model - L03•   Màu sắc: Trắng, Xám Hồng, Xanh Lá, Xanh Dương, Đỏ đô,Đen•   Dòng sản phẩm: Quạt Lỡ•   Tốc độ gió: 3 tốc độ•   Cánh quạt: 3 lá•   Chuyển hướng cơ.•   Chiều cao sản phẩm: 68cm ...",319000,0,0,0,,,USS
63483054,Quạt Lỡ USS LU04-Hàng Chính Hãng( Giao màu ngẫu nhiên),"Quạt Lỡ USS LU04 Quạt Lỡ USS LU04 được làm bằng chất liệu nhựa cao cấp luôn luôn sáng bóng sạch sẽ, hạn chế bám bụi bẩn, đặc biệt bạn có thể tháo rời các bộ phận một cách dễ dàng để lau chùi vệ sin...",319000,0,0,5,,12.0,USS
187183957,Hàng chính hãng Quạt đối lưu không khí Iris Ohyama MCK15 ,"Quạt đối lưu không khí  PCF - SC15C là sản phẩm gia dụng thông minh phù hợp cho diện tích căn phòng vừa và nhỏ, nhất là trong khi sử dụng điều hòa làm mát.  Thiết kế luồng gió lốc xoáy giúp gió thổi x...",1230000,0,0,0,,,IRIS OHYAMA
274591341,Quạt tích điện 4000mAH Kachi MK372 - hàng chính hãng,"   Quạt tích điện Kachi MK372 là một sản phẩm quạt tích điện đa năng với nhiều tính năng nổi bật, phù hợp với nhiều nhu cầu sử dụng khác nhau.Đặc điểm nổi bật của quạt tích điện Kachi M...",399000,0,0,0,,8.0,Kachi
162865711,Quạt đứng Kangaroo KG728 - Hàng Chính Hãng,"Làm mát mọi hướng – Quay được 360ºThiết kế độc đáo giúp Quạt đứng Kangaroo KG728 của Kangaroo quay góc tới 360º, tức là làm mát mọi hướng. Quạt KG278 có các góc độ xoay 60°, 90°, 180°, 360° mang gió ...",2082000,1108000,35,2,,7.0,Kangaroo
276415875,Quạt đứng tuần hoàn không khí -CBAT0321F/CBAT0311F -SẢN PHẨM CHÍNH HÃNG COBI,"Quạt tháp Plasma 36"", màu xanh + đen - NHẬP KHẨU CHÍNH HÃNGkích thước : 952*238*206kích thước sau khi lắp ráp  : 290.3*290.3*919.8cân nặng  sau khi đóng gói  : 4.6 kgsản phẩm nhập khẩu và phân phố...",2990000,0,0,0,,2.0,COBI Home
274805089,"Quạt Cây có điều khiển,Quạt đứng, quạt Koreno sang trọng, động cơ êm ái không rung lắc, bảo hành 2 năm hàng chính hãng","CÁC ĐẶC ĐIỂM NỔI BẬT:- Quạt cây cao cấp KRENO với thiết kế nổi bật mang lại vẻ sang trọng, lịch sự tô thêm vẻ đẹp cho ngôi nhà của bạn- Được thiết kế động cơ êm ái, bền bỉ không gây rung lắc khi qua...",1550000,0,0,0,,,KORENO
278061149,"Quạt cầm tay turbo mini siêu mát Pin trâu 5000 mAh, nhỏ gọn linh hoạt hiệu WARMCO - 100 chế độ gió, dùng liên tục 18h (tùy mức gió), thiết kế đẹp, bền - hàng nhập khẩu","Mô tả sản phẩm️ Warmcro 5000mAh – Quạt Cầm Tay Siêu Mát, Nhỏ Gọn, Pin TrâuBạn cần một chiếc quạt mini vừa mạnh, vừa bền, lại dễ mang theo? Warmcro 5000mAh chính là “Bạn đồng hành giải nhiệt” khôn...",389000,0,0,1,,2.0,GREENCASE
155567454,Quạt gió tủ điện - Hàng chính hãng ,Thông số kỹ thuậtLoạiQuạt hút kèm miệng gióKích thước khối (WxHxD)255x255x105 mmKích thước lỗ khoét (WxH)224×224 mmĐiện áp230V AC 50/60HzCông suất59 WLưu lượng gió265 m...,1200000,0,0,0,,,Linkwell 
130233649,Quạt Lỡ ống nhựa SENKO L1638 - Màu ngẫu nhiên - Hàng chính hãng,"Model - L1638•   Màu sắc: Kem Cốm, Kem Môn, Kem Nâu, Xám Đồng, Xanh Ngọc•   Dòng sản phẩm: Quạt Lỡ•   Tốc độ gió: 3 tốc độ•   Cánh quạt: 3 lá•   Chuyển hướng cơ.•   Chiều cao sản phẩm: 77 cm - 9...",378000,0,0,0,,1.0,SENKO
277736912,Quạt Cây Toshiba F-LSA10(K)VN - Màu đen - Hàng Chính Hãng,"Quạt Toshiba F-LSA10(K)VN là sản phẩm quạt gió được thiết kế đơn giản để có thể dễ dàng sử dụng tại nhà, tuy nhiên vẫn được trang bị đa dạng các chế độ và tốc độ gió để đem đến sự thoáng mát thoải mái...",1100000,0,0,0,,,Toshiba
163552162,Quạt đứng có điều khiển từ xa Tefal Turbo Life VH659790 màu xám- Hàng chính hãng,...,1650000,0,0,0,,,Tefal
125937929,Quạt bàn Senko B102 (giao màu ngẫu nhiên) - Hàng Chính Hãng,Công suất: 28W Số cánh quạt: 3 cánh Đường kính cánh quạt: 20 cm Tốc độ gió: 2 mức Chế độ gió: gió thường Loại motor: bạc thau Kích thước: ngang 25 cm - Cao 41 cm - Sâu 15 cm Thương hiệu: Việt Nam Sản ...,248000,0,0,0,,1.0,SENKO
658094,Quạt Bàn Senko B102 - Giao Màu Ngẫu Nhiên - Hàng Chính Hãng,"  Quạt Bàn Senko B102 được thiết kế gọn, nhẹ, tiết kiệm không gian, chất liệu nhựa cao cấp ít bám bụi, có khả năng tỏa mát cho 1 không gian nhỏ, thích hợp cho bạn để trên bàn học, bàn làm việc,… Qu...",250000,0,0,14,,38.0,SENKO
274663965,Quạt đứng Toshiba F-LSA10(K)VN-Hàng chính hãng,"Quạt đứng TOSHIBA F-LSA10(K)VN sở hữu thiết kế hiện đại kết hợp màu đen tinh tế, mạnh mẽ phù hợp với nhiều không gian nội thất. Đặc biệt, kiểu dáng nhỏ gọn, không chiếm quá nhiều diện tích giúp bạn vừ...",935000,0,0,0,,1.0,Toshiba
34281542,Quạt Đứng Toshiba F-LSA10(K)VN (50W) - Hàng Chính Hãng,"Thiết kế đứng hiện đại và sang trọngQuạt đứng Toshiba F-LSA10(K)VN sở hữu thiết kế đứng hiện đại, kết hợp cùng gam màu đen sang trọng từ đó tạo điểm nhấn nổi bật cho không gian nội thất của mỗi gia đ...",914000,316000,26,645,,3804.0,Toshiba
278051838,Quạt cầm tay mini Kachi MK400 pin khoẻ 100 cấp độ gió - Hàng chính hãng Hàng nhập khẩu,"Quạt Tốc Độ Cao MK400 – Sản Phẩm Mới Từ KachiQuạt Tốc Độ Cao MK400 của Kachi là lựa chọn hoàn hảo cho những ai cần một chiếc quạt mạnh mẽ, hiệu quả và tiện lợi. Với thiết kế mini nhưng không kém phầ...",279000,0,0,2,,7.0,Kachi
130063393,Quạt đứng Toshiba F-LSA10(H)VN - Hàng chính hãng,"Quạt Toshiba màu xám với thiết kế đơn giản, lịch thiệp, thích hợp sử dụng cho nhiều không gian, từ phòng ở gia đình đến văn phòng, sảnh công cộng…Quạt với 5 cánh quạt đường kính 40 cm, tạo lưu lượng...",1100000,0,0,0,,,Toshiba
34281542,Quạt Đứng Toshiba F-LSA10(K)VN (50W) - Hàng Chính Hãng,"Thiết kế đứng hiện đại và sang trọngQuạt đứng Toshiba F-LSA10(K)VN sở hữu thiết kế đứng hiện đại, kết hợp cùng gam màu đen sang trọng từ đó tạo điểm nhấn nổi bật cho không gian nội thất của mỗi gia đ...",914000,316000,26,645,,3804.0,Toshiba
95052954,"Quạt Cầm Tay Cao Cấp Vinbuy Tích Điện Tiện Lợi Kèm Cáp Sạc Và Pin Có Tặng Chân Đế Tích Hợp Giá Đỡ Điện Thoại, 3 Chế Độ Gió Siêu Mát Siêu Bền - Hàng chính hãng VinBuy ","Quạt Cầm Tay Cao Cấp Vinbuy Tích Điện Tiện Lợi Kèm Cáp Sạc Và Pin Có Tặng Chân Đế Tích Hợp Giá Đỡ Điện Thoại, 3 Chế Độ Gió Siêu Mát Siêu BềnQuạt mini cầm tay tiện dụng handy fan 3 tốc độ gió tai mèo ...",250000,0,0,46,,267.0,VinBuy
277857564,"Quạt Phản Lực Cầm Tay Kachi MK406 – Pin 4000mAh, Gió Mạnh Gấp 1.5 Lần - Hàng chính hãng","​​​​Trải nghiệm cảm giác mát lạnh vượt trội với quạt phản lực cầm tay Kachi MK406, thiết kế nhỏ gọn nhưng sở hữu công nghệ gió phản lực hiện đại, giúp tăng sức gió lên đến 50% so với các loại quạt th...",799000,0,0,0,,,Kachi
32453666,Quạt Sạc Comet CRF0904 (3W) - Hàng chính hãng,"Thiết kế nhỏ gọn, hiện đạiQuạt Sạc Comet CRF0904 (3W) có thiết kế nhỏ gọn, đẹp mắt, có thể mang theo mọi lúc mọi nơi. Sản phẩm thích hợp cho nhiều đối tượng sử dụng khác nhau: nhân viên văn phòng, cá...",269000,0,0,8,,32.0,Comet
209408812,Quạt Điện Đứng Senko L1638 - Giao Màu Ngẫu Nhiên - Hàng Chính Hãng,THÔNG SỐ SẢN PHẨM QUẠT ĐIỆN Senko L1638 :- Hãng sản xuất/Model: SENKO L1638- Chất liệu: Nhựa cao cấp + kẽm không gỉ- Điện áp: 220V - 50Hz- Công suất: 47W- Đường kính cánh quạt: 99 cm- Tốc độ: 3 ...,378000,0,0,0,,3.0,SENKO
126962055,Quạt đứng Toshiba F-LSA20(H)VN Xám - Hàng chính hãng,"Thiết kế hiện đại, tinh tế thuận tiện để bạn theo dõi hoạt động của quạt dù ngày hay đêm. Màn hình sẽ tự động tắt sau 30 giây, không gây chói mắt vào ban đêm.Chân đế lớnQuạt đứng Toshiba kết...",1450000,0,0,0,,,Toshiba
273545228,Quạt đứng Tefal TB Silence Plus VH689690-Trắng Cánh Trắng- Hàng chính hãng,THÔNG TIN SẢN PHẨM:Thương hiệu: TefalModel: VH689690Loại quạt: Quạt đứng - 80W - 3 mức gióBảng điều khiển: RemoteNút nhấnĐường kính cánh quạt: 6 cánh - 40 cmTiện ích:+ Có remote+ Hẹn giờ...,1864000,0,0,0,,2.0,Tefal
58616785,Quạt Bàn Đảo 2 Tấc Senko BD230 - Hàng Chính Hãng - Màu Ngẫu Nhiên,"Senko là thương hiệu nổi tiếng trong ngành đồ gia dụng của Việt Nam, nổi lên như một thương hiệu mang lại uy tín về chất lượng, kỹ thuật và độ an toàn cao của sản phẩm.  Quạt bàn đảo Senko BD230 (hay ...",350000,0,0,52,,330.0,SENKO
121268653,Quạt đứng Toshiba F-LSA20(H)VN - Hàng Chính Hãng,"Sản phẩm chính hãng, giá tốt, mua ngay!...",1409000,181000,11,0,,4.0,Toshiba
278304040,"Quạt cầm tay turbo sò lạnh mini siêu mát Pin trâu 3000 mAh, nhỏ gọn linh hoạt hiệu WI WU Wi-FS016 ChillMate - 100 chế độ gió, thiết kế đẹp, bền - hàng nhập khẩu","[QUẠT MINI SÒ LẠNH] Wi WU Wi-FS016 ChillMate – 100 Cấp Độ Gió, Pin 3000mAh, Gió Mạnh, Làm Mát Nhanh️ MÁT LẠNH TỨC THÌ – SẠC MỘT LẦN, DÙNG CẢ NGÀYĐiểm nổi bật:Làm mát kép – Quạt + Sò lạnh (Peltier)...",589000,0,0,0,,1.0,GREENCASE
2498757,Quạt Điện Đứng Senko L1338 - Giao Màu Ngẫu Nhiên - Hàng Chính Hãng,"Quạt điện đứng 3 cánh Senko L1338 nhỏ gọn để bàn rất tiện lợi, tiết kiệm không gian cùng nhiều tính năng thông minh … sẽ giúp cuộc sống của bạn trở nên thật thoải mái và dễ chịu. Với thiết kế để đứng ...",378000,0,0,32,,122.0,SENKO
273356998,Quạt không cánh kết hợp lọc không khí Elmich BFE-3936 - Hàng Chính Hãng,"Thông tin sản phẩmQUẠT KHÔNG CÁNH KẾT HỢP LỌC KHÔNG KHÍ BFE 3936 – GIẢI PHÁP CHO KHÔNG GIAN SỐNG TRONG LÀNH VÀ AN TOÀNQuạt lọc không khí không cánh Elmich thiết kế phong cách châu Âu hiện đại, tô đi...",4180000,3619000,46,6,,37.0,Elmich
180934382,Quạt sạc Sunhouse SHD7116 (25W) - Hàng chính hãng,"Thiết kế kiểu dáng nhỏ gọn, thời trangQuạt sạc SUNHOUSE SHD7116 sở hữu vẻ ngoài nhỏ nhắn, thời trang, giúp bạn dễ dàng mang theo khi đi du lịch, sử dụng mọi lúc mọi nơi. Chất liệu nhựa cao cấp bền mà...",1320000,390000,23,8,,29.0,Sunhouse
3577985,Quạt Đứng Toshiba F- LSA20(W)VN (60W) - Trắng - Hàng chính hãng,"Thiết kế nhỏ gọnQuạt Toshiba F- LSA20(W)VN sở hữu thiết kế hiện đại kết hợp màu sắc tinh tế phù hợp với nhiều không gian nội thất. Đặc biệt, kiểu dáng cao gọn, không chiếm quá nhiều diện tích giúp bạ...",1177000,413000,26,703,,3513.0,Toshiba
217367338,[MỚI RA MẮT] Quạt đứng có điều khiển từ xa Tefal Turbo Silence Plus VH689990 màu trắng cánh xanh - Hàng chính hãng,Quạt đứng có điều khiển từ xa Tefal Turbo Silence Plus VH689990 màu trắng cánh xanh Mô tả:- Công suất: 80W- Loại motor: bạc thau- Đường kính cánh: 40cm- Dòng điện: 220V-50Hz- Lưu lượng gió: 100 m3/p...,1690000,0,0,0,,1.0,Tefal
17478766,Quạt Lỡ Senko thân Inox Hàng Chính Hãng - LTS106A,"Quạt điện là vật dụng hầu như không thể thiếu trong mỗi gia đình Việt, ngoài chức năng giúp xua tan đi không khí oi bức, còn góp phần tô điểm thêm không gian sống của gia đình. Senko với khẩu hiệu ""L...",495000,0,0,3,,8.0,SENKO
162865717,Quạt đứng Kagaroo KG726 - Hàng Chính Hãng,"Thiết kế thon gọn, hiện đạiQuạt đứng Kagaroo KG726 có thiết kế thon gọn, kiểu dáng Hàn Quốc, màu sắc trang nhã, phù hợp với nhiều không gian nội thất: phòng khách, phòng ngủ, phòng làm việc, chân đ...",1031000,719000,41,4,,29.0,Kangaroo
12389198,Quạt Hộp Midea FB40-9H (55W) - Hàng chính hãng,"Thiết kế hiện đạiQuạt hộp Midea FB40-9H có thiết kế dạng để bàn với kiểu dáng hiện đại, kết hợp màu sắc trang nhã, phù hợp lắp đặt sử dụng trong nhiều không gian sống khác nhau. Bạn có thể dùng cho ...",990000,0,0,23,,110.0,Midea
78625780,Quạt điện Senko để bàn tiện lợi cao cấp B1216 màu ngẫu nhiên - Hàng Chính Hãng,"Quạt bàn B3 Senko B113 tên mới B1216F16 - 12inches• Màu sắc: Cốm, Kem Môn, Kem Nâu (shop giao màu ngẫu nhiên)• Dòng sản phẩm: Quạt Bàn• Công suất: 40W• Tốc độ gió: 3 tốc độ• Cánh quạt: 3 lá• Sải cánh:...",312000,0,0,12,,84.0,SENKO
26078293,Quạt đứng Toshiba F-LSA10(H)VN (50W) - Xám - Hàng chính hãng,"Thiết kế nhỏ gọnQuạt đứng Toshiba F-LSA10(H)VN sở hữu thiết kế hiện đại kết hợp màu xám tinh tế, mạnh mẽ phù hợp với nhiều không gian nội thất. Đặc biệt, kiểu dáng cao gọn, không chiếm quá nhiều diệ...",903000,327000,27,253,,1340.0,Toshiba
275188991,Quạt đối lưu không khí Phileo Hàng chính hãng,"Quạt điều chỉnh được 360 độ, không khí mát có thể lưu thông khắp phòng, gió phả vào tường và bật trở lại cảm giác không gian trong phòng vô cùng thoáng đãng và thoải mái. Với 3 mức gió: gió trung, gi...",1890000,0,0,0,,1.0,Phileo
275193572,QUẠT ĐỂ BÀN TROTEC TVE 9 Hàng chính hãng,"Gió mát """"cấp tốc"""": Công suất 25W, làm mát nhanh, xua tan cái nóng oi bức, cả nhà cùng thoải mái, dễ chịu. 3 tốc độ gió: Từ gió nhẹ nhàng cho bé yêu đến gió mạnh mẽ cho ông xã, ai cũng hài lòng.  Xoa...",1250000,0,0,0,,,Trotec
275191100,QUẠT ĐỂ BÀN BRANDSON VENTILATOR 25CM WOW AKTION - MÀU ĐỒNG Hàng chính hãng,"QUẠT ĐỂ BÀN BRANDSON VENTILATOR 20CM WOW AKTION - MÀU ĐỒNG Vibe cổ điển này ai mê không ạ? - Vỏ hoàn toàn kim loại vô cùng sang luônnnThiết kế siêu đẹp, phong cách retro cổ điển sang cả không gian!  Q...",1990000,0,0,0,,,Brandson 
275522844,"Quạt sạc tuần hoàn không khí Elmich CFE-8786, dung lượng pin lớn, hoạt động liên tục tới 10h, tạo nên luồng gió mạnh,  di chuyển linh hoạt 90° theo chiều ngang tạo luồng gió đa chiều, làm mát nhanh, dễ chịu - Hàng chính hãng","Giới thiệu sản phẩmQuạt sạc tuần hoàn ELmich CFE-8786 là sự lựa chọn hoàn hảo cho những ai đang tìm kiếm một thiết bị làm mát hiệu quả và tiện dụng, đặc biệt là trong những ngày nắng nóng mất điện. K...",1473640,1016360,41,6,,47.0,Elmich
276317891,Quạt cây Boutique Hàng chính hãng,"THÔNG SỐ KỸ THUẬT:Thương hiệu: Mr VũLắp ráp tại: Trung QuốcĐường kính: 16 inch ~ 40cmSố cánh: 4 cánh quạt bằng nhôm, màu gỗCông suất: 50WĐiện áp: 220V / 50HzTrọng lượng: 8.4KGKích thước: W520 x L520 ...",5480000,0,0,0,,,IVV
162865711,Quạt đứng Kangaroo KG728 - Hàng Chính Hãng,"Làm mát mọi hướng – Quay được 360ºThiết kế độc đáo giúp Quạt đứng Kangaroo KG728 của Kangaroo quay góc tới 360º, tức là làm mát mọi hướng. Quạt KG278 có các góc độ xoay 60°, 90°, 180°, 360° mang gió ...",2082000,1108000,35,2,,7.0,Kangaroo
276132208,Quạt tích điện LUMIAS F5 KOREA hàng chính hãng,"Mỗi người sắm 1 cái khỏi tranh nhau Quạt tích điện LUMIAS F5 KOREA siêu xinh và sang chảnh. Quạt nhỏ nhưng rất mát. Nhà e về đủ full 4 màu (trắng, đỏ, đen, hồng). - Bảo hành 12 tháng 5 tốc độ gió Dun...",650000,0,0,0,,,Lumena
50783183,Combo 2 Quạt bàn b1210 senko (1 thùng / 2 cái) - Hàng Chính Hãng (giao màu ngẫu nhiên),"Quạt bàn Senko B1210Sản xuất theo dây chuyền hiện đại quạt bàn Senko B1210 được thiết kế với nhiều tính năng đặc biệt, đảm bảo an toàn cho người tiêu dùngCánh quạt rộng thiết kế 3 cánh quạt rộng, sả...",610000,0,0,1,,1.0,SENKO
275522845,"Quạt tuần hoàn không khí Elmich CFE-8791, làm mát diện rộng và làm mới không khí tới 20 lần/giờ, quạt tạo luồng gió tuần hoàn và điều hòa không khí trong phòng  - Hàng chính hãng",Giới thiệu sản phẩmTrải nghiệm sự mát mẻ tuyệt vời cùng khả năng vận hành êm ái đặc biệt của quạt tuần hoàn không khí Elmich CFE-8791. Ứng dụng công nghệ tiên tiến từ Châu Âu tạo ra luồng gió tuần ho...,2453000,2102000,46,4,,15.0,Elmich
82874777,Quạt Lỡ ống nhựa SENKO L1638 - Hàng chính hãng,"Model - L1638•   Màu sắc: Kem Cốm, Kem Môn, Kem Nâu, Xám Đồng, Xanh Ngọc•   Dòng sản phẩm: Quạt Lỡ•   Tốc độ gió: 3 tốc độ•   Cánh quạt: 3 lá•   Chuyển hướng cơ.•   Chiều cao sản phẩm: 77 cm - 9...",378000,0,0,10,,30.0,SENKO
2498045,Quạt Điện Đứng 7 cánh Senko LTS1636 - Giao Màu Ngẫu Nhiên - Hàng Chính Hãng,"Quạt điện đứng 7 cánh Senko LTS1636 nhỏ gọn để bàn rất tiện lợi, tiết kiệm không gian cùng nhiều tính năng thông minh … sẽ giúp cuộc sống của bạn trở nên thật thoải mái và dễ chịu. Với thiết kế để đứn...",455000,0,0,144,,504.0,SENKO
59097386,Quạt Lỡ Sắt Senko LS1630 - Màu Ngẫu Nhiên - Hàng Chính Hãng,"Quạt Lỡ Sắt Senko LS1630 - Màu Ngẫu Nhiên - Hàng Chính Hãng với lồng quạt có khe hở nang quạt nhỏ, ngón tay người không thể chạm vào cánh quạt.Người sử dụng không chạm được vào bộ phận mang điện bên...",410000,0,0,32,,64.0,SENKO
3577753,Quạt đứng Toshiba F- LSA20(H)VN (60W) - Xám - Hàng chính hãng,"Thiết kế nhỏ gọnQuạt Toshiba F- LSA20(H)VN sở hữu thiết kế hiện đại kết hợp màu sắc tinh tế phù hợp với nhiều không gian nội thất. Đặc biệt, kiểu dáng cao gọn, không chiếm quá nhiều diện tích giúp bạ...",1211000,379000,24,272,,1592.0,Toshiba
181166989,Quạt Điện Đứng 7 cánh Senko LTS1636 - Giao Màu Ngẫu Nhiên - Hàng Chính Hãng," AN TOÀN SỬ DỤNG SẢN PHẨM+   Lồng quạt có khe hở nang quạt nhỏ, ngón tay người không thể chạm vào cánh quạt.+   Người sử dụng không chạm được vào bộ phận mang điện bên trong quạt+   Có cầu chì bảo ...",452000,0,0,7,,22.0,SENKO
658097,Quạt Đứng Ống Nhựa Senko L1338 - Màu ngẫu nhiên - Hàng chính hãng ,"Quạt Đứng Ống Nhựa Senko L1338 có màu sắc tươi tắn, vỏ ngoài bằng chất liệu nhựa có độ bền cao, lau chùi dễ dàng. Quạt có 3 cánh giúp tạo gió nhanh và tốt hơn cho bạn cảm thấy dễ chịu và mát mẻ,...",378000,0,0,1,,28.0,SENKO
276639507,Quạt cầm tay Lumias X6 Hàng chính hãng,Cổng sạc: Type-CDung lượng pin: 1800mAhThời gian sạc: 3.5hThời gian sử dụng: 150-360 phút (Tùy chế độ gió)Tên sản phẩmQuạt cầm tay Lumias X6ModelX6Màu sắcTrắngSố cánh7 cánh quạt...,290000,0,0,0,,,Lumena
14678375,Quạt đứng Toshiba F-LSD10(W)VN (30W) - Hàng chính hãng,"Thiết kế hiện đạiQuạt đứng Toshiba F-LSD10(W)VN sở hữu thiết kế hiện đại kết hợp màu sắc tinh tế, phù hợp với nhiều không gian nội thất. Kiểu dáng cao gọn, không chiếm quá nhiều diện tích giúp bạn vừ...",1747000,543000,24,807,,3123.0,Toshiba
278346422,Quạt cây Taurus Boreal FADC001 Hàng chính hãng,"Động cơ mạnh mẽ và êm ái: Quạt đứng Boreal 16CR Silence được trang bị động cơ DC 30W, chỉ phát ra tiếng ồn 42,7 dB, hoàn hảo để sử dụng vào ban đêm hoặc thư giãn trong sự yên tĩnh tuyệt đối.5 cánh qu...",1890000,0,0,0,,,Taurus
187188415,Hàng chính hãng Quạt đối lưu không khí Iris Ohyama TAF-MKM10,"Quạt đối lưu không khí  là sản phẩm gia dụng thông minh phù hợp cho diện tích căn phòng vừa và nhỏ, nhất là trong khi sử dụng điều hòa làm mát.  Thiết kế luồng gió lốc xoáy giúp gió thổi xa và lưu thô...",690000,0,0,0,,,IRIS OHYAMA
274949556,Quạt bàn Brandson Mẫu mới nhất 2023 Hàng chính hãng,"Với những đường nét rõ ràng và vẻ ngoài màu đồng cổ điển, quạt bàn Brandson sẽ nâng tầm trực quan cho bất kỳ môi trường nào. Và nó sẽ mang đến cho bạn một luồng không khí sảng khoái bất cứ khi nào bạn...",2290000,0,0,0,,1.0,Brandson 
2635471,Quạt Đứng Toshiba F-LSD10(H)VN (30W) - Xám - Hàng chính hãng,"Thiết kế nhỏ gọnQuạt Đứng Toshiba F-LSD10(H)VN sở hữu thiết kế hiện đại kết hợp màu sắc tinh tế phù hợp với nhiều không gian nội thất. Đặc biệt, kiểu dáng cao gọn, không chiếm quá nhiều diện tích giú...",1985000,165000,8,0,,,Toshiba
16654644,Quạt Đứng Có Điều Khiển Tiross TS9183 - Hàng Chính Hãng,"Thiết kế sang trọng, hiện đạiQuạt Đứng Có Điều Khiển Tiross TS9183 có kiểu dáng sang trọng phù hợp đặt nhiều vị trí trong mọi không gian nội thất, đạt tiêu chuẩn Châu Âu, là sản phẩm chất lượng dành ...",1190000,0,0,0,,1.0,Tiross
82875074,Quạt lỡ thân sắt SENKO LTS1636 - Hàng chính hãng,"QUẠT LỠ SENKO LTS1636 - NGƯỜI BẠN THỔI MÁT CỦA MỌI NHÀTrong những ngày thời tiết không quá nóng bạn không thiết phải sử dụng điều hòa, 1 chiếc quạt đứng hoặc quạt lỡ Senko cũng đủ để gia đình bạn ...",455000,0,0,5,,32.0,SENKO
274591341,Quạt tích điện 4000mAH Kachi MK372 - hàng chính hãng,"   Quạt tích điện Kachi MK372 là một sản phẩm quạt tích điện đa năng với nhiều tính năng nổi bật, phù hợp với nhiều nhu cầu sử dụng khác nhau.Đặc điểm nổi bật của quạt tích điện Kachi M...",399000,0,0,0,,8.0,Kachi
275697651,QUẠT ĐỐI LƯU BONECO F120 Hàng chính hãng,Quạt đối lưu BONECO F120 là sản phẩm hoàn hảo cho phòng ngủ hoặc phòng có diện tích nhỏ và vừa. Với thiết kế tay đỡ đơn độc đáo không chỉ mang phong cách thời trang riêng mà còn giúp ngôi nhà trở...,4390000,0,0,0,,,BONECO
275193849,Quạt để bàn Swan Retro SFA12630RN 25W màu đỏ Hàng chính hãng,"Mang phong cách cổ điển, thổi bừng không gian sống!Về số lượng chỉ 8 CHIẾCVới diện mạo lạ mắt, quạt có thiết như một chiếc đồng hồ. Các bác nhìn xem có mê ngay 'em' nó không ạKết hợp 4 cánh nhôm với m...",2990000,0,0,0,,,Swan
278051838,Quạt cầm tay mini Kachi MK400 pin khoẻ 100 cấp độ gió - Hàng chính hãng Hàng nhập khẩu,"Quạt Tốc Độ Cao MK400 – Sản Phẩm Mới Từ KachiQuạt Tốc Độ Cao MK400 của Kachi là lựa chọn hoàn hảo cho những ai cần một chiếc quạt mạnh mẽ, hiệu quả và tiện lợi. Với thiết kế mini nhưng không kém phầ...",279000,0,0,2,,7.0,Kachi
192990948,Quạt Bàn SanKyo B300 - Hàng chính hãng,"Thiết kế nhỏ gọn, tiện dụngQuạt Bàn SanKyo B300  sở hữu thiết kế đơn giản kết hợp kích thước nhỏ gọn giúp bạn dễ dàng lắp đặt trong nhiều không gian nội thất như: phòng khách, phòng ngủ, phòng làm vi...",370000,0,0,0,,1.0,SanKyo
278061149,"Quạt cầm tay turbo mini siêu mát Pin trâu 5000 mAh, nhỏ gọn linh hoạt hiệu WARMCO - 100 chế độ gió, dùng liên tục 18h (tùy mức gió), thiết kế đẹp, bền - hàng nhập khẩu","Mô tả sản phẩm️ Warmcro 5000mAh – Quạt Cầm Tay Siêu Mát, Nhỏ Gọn, Pin TrâuBạn cần một chiếc quạt mini vừa mạnh, vừa bền, lại dễ mang theo? Warmcro 5000mAh chính là “Bạn đồng hành giải nhiệt” khôn...",389000,0,0,1,,2.0,GREENCASE
275697807,Quạt đối lưu Boneco F230 Hàng chính hãng,"Quạt đối lưu Boneco F230 là một chiếc quạt đa năng đến từ thương hiệu BONECO – Thuỵ sĩ. Đây là sản phẩm hoàn hảo cho không gian phòng ngủ, phòng khách với phong cách thiết kế độc đáo, tính năng ưu việ...",10200000,0,0,0,,,BONECO
658098,Quạt Lửng Ống Sắt Senko LS103 - Màu ngẫu nhiên - Hàng Chính Hãng,"       Quạt Lửng Ống Sắt Senko LS103 thiết kế vỏ ngoài bằng chất liệu nhựa có độ bền cao, lau chùi dễ dàng. Quạt có 3 cánh giúp tạo gió nhanh và tốt hơn cho bạn cảm thấy dễ chịu và mát mẻ, chân...",410000,0,0,1,,1.0,SENKO
277991040,[ Hàng Chính Hãng ] Quạt đứng Toshiba F-LSA10(H)VN 50W – 5 cánh -  luồng gió mạnh,"THÔNG TIN SẢN PHẨM• Loại quạt: Quạt đứng• Màu sắc: Xám Trắng• Công suất: 50 W• Chức năng: Làm mát• Đường kính cánh quạt: 40 cm. Chiều cao quạt có thể điều chỉnh linh hoạt từ 113 cm đến 134.5 cm,...",1249000,0,0,0,,,Toshiba
126959238,Quạt Bàn Đảo 2 Tấc Senko BD230 - Hàng Chính Hãng - Màu Ngẫu Nhiên,"Thông Tin Chi TiếtXuất xứ thương hiệuViệt NamXuất xứViệt NamTrọng lượng1.2Công suất28WKích thước29x 13 x 32Thương hiệuSENKO Màu sắc: Kem Cốm, Xanh Ngọc, Kem Xám, ...",236000,0,0,0,,,SENKO
277857564,"Quạt Phản Lực Cầm Tay Kachi MK406 – Pin 4000mAh, Gió Mạnh Gấp 1.5 Lần - Hàng chính hãng","​​​​Trải nghiệm cảm giác mát lạnh vượt trội với quạt phản lực cầm tay Kachi MK406, thiết kế nhỏ gọn nhưng sở hữu công nghệ gió phản lực hiện đại, giúp tăng sức gió lên đến 50% so với các loại quạt th...",799000,0,0,0,,,Kachi
276415875,Quạt đứng tuần hoàn không khí -CBAT0321F/CBAT0311F -SẢN PHẨM CHÍNH HÃNG COBI,"Quạt tháp Plasma 36"", màu xanh + đen - NHẬP KHẨU CHÍNH HÃNGkích thước : 952*238*206kích thước sau khi lắp ráp  : 290.3*290.3*919.8cân nặng  sau khi đóng gói  : 4.6 kgsản phẩm nhập khẩu và phân phố...",2990000,0,0,0,,2.0,COBI Home
278304040,"Quạt cầm tay turbo sò lạnh mini siêu mát Pin trâu 3000 mAh, nhỏ gọn linh hoạt hiệu WI WU Wi-FS016 ChillMate - 100 chế độ gió, thiết kế đẹp, bền - hàng nhập khẩu","[QUẠT MINI SÒ LẠNH] Wi WU Wi-FS016 ChillMate – 100 Cấp Độ Gió, Pin 3000mAh, Gió Mạnh, Làm Mát Nhanh️ MÁT LẠNH TỨC THÌ – SẠC MỘT LẦN, DÙNG CẢ NGÀYĐiểm nổi bật:Làm mát kép – Quạt + Sò lạnh (Peltier)...",589000,0,0,0,,1.0,GREENCASE
22047877,Quạt lở ống nhựa Senko - L1338 cao cấp sang trọng Hàng Chính Hãng,"Quạt lở ống nhựa cao cấp Senko - L1338Loại quạt: Quạt lửng 47WChức năng: làm mát.  Kích thước nhỏ gọn dễ di chuyển với vỏ nhựa cứng cáp, độ bền cao, dễ vệ sinh.Chân đế quạt to, vững chắc, không...",378000,0,0,7,,13.0,SENKO
249644747,"Quạt sạc mini | Quạt tích điện | Quạt kẹp nôi, xe đẩy thương hiệu Comet CRF0705 - Hàng chính hãng - BH 12 tháng - 15 ngày đổi mới",  MÔ TẢ SẢN PHẨM QUẠT SẠC COMET CRF0705Thông số kĩ thuật:– Công suất 5W– Pin lithium-ion 3.7V 1800mAh– Điện áp 5V DC– Kích thước lồng quạt: 12.7 cm– 3 tốc độ– Thời gian sạc: 6-8h– Thời gian hoạt đ...,386000,0,0,3,,10.0,Comet
658108,Quạt Bàn Đảo 3 Tấc Senko BD8860 - Màu Ngẫu Nhiên - Hàng chính hãng,"Quạt Bàn Đảo Senko BD8860 có thiết kế nhỏ gọn, màu sắc trang nhã, chất liệu vỏ nhựa cao cấp, ít bám bụi, dễ lau chùi. Quạt thích hợp với những không gian nhỏ như bàn học, bàn làm việc, ...",366000,0,0,12,,19.0,SENKO
56225103,Quạt bàn đảo 4 Tấc chuyển hướng điện cao cấp Senko BD1410 ( Hàng Chính Hãng )- Giao màu ngẫu nhiên,THÔNG TIN SẢN PHẨMThông số kỹ thuật Quạt hộp Senko 3 cánh BD1410 47WLoại quạt: Quạt hộp - 47W - 3 mức gióĐường kính quạt: 3 cánh - 34 cmChế độ gió: Gió thườngBảng điều khiển: Nút nhấn...,767000,0,0,14,,30.0,SENKO
275630424,Quạt cây Bear DFS-D47F2 Hàng chính hãng," Điều chỉnh 4 chế độ gió khác nhau 9 cánh quạt tăng hiệu quả làm mát Khoảng cách cấp gió lên đến 13m Hẹn giờ tự động thông minh tối đa 8 tiếng Điều khiển từ xa bằng remote 6mThiết kế trang nhã, hiện đ...",1280000,0,0,1,,1.0,Bear
260814177,QUẠT CÂY SILVERCREST SSVM 40 B1 MÀU INOX (353117) Hàng Chính Hãng,Quạt cây Silvercrest SSVM 40 B1 màu bạc3 cấp độ gió4 cánh quạt cho luồng gió cực mạnhChuyển động xoay 90 ° tùy chọnCó thể điều chỉnh góc nghiêngỔn định tốt nhờ đế rộngCông suất định mức: 45 WĐiện áp...,3190000,0,0,0,,, Silvercrest
31885425,Quạt bàn Senko sang trọng cao cấp B1210 màu ngẫu nhiên - Hàng Chính Hãng,"Quạt bàn Senko B1210Sản xuất theo dây chuyền hiện đại quạt bàn Senko B1210 được thiết kế với nhiều tính năng đặc biệt, đảm bảo an toàn cho người tiêu dùngCánh quạt rộng thiết kế 3 cánh quạt rộng, sả...",315000,0,0,9,,37.0,SENKO
198537482,Quạt đứng lỡ Senko L1638 ( Màu ngẫu nhiên) - Hàng chính hãng,Model - L1638•   Dòng sản phẩm: Quạt Lỡ•   Tốc độ gió: 3 tốc độ•   Cánh quạt: 3 lá•   Chuyển hướng cơ.•   Chiều cao sản phẩm: 77 cm - 95 cm   AN TOÀN SỬ DỤNG SẢN PHẨM+   Lồng quạt có khe hở nan...,378000,0,0,1,,4.0,SENKO
276624700,Quạt Tháp MINOS TOWER Made in Germany Hàng chính hãng,"Thiết Kế Hiện Đại: Với thiết kế tháp tinh tế, MINOS TOWER không chỉ là một chiếc quạt mà còn là một món đồ trang trí sang trọng cho ngôi nhà của bạn.Công suất 45w :  Được trang bị công nghệ tiên tiến,...",2600000,0,0,0,,2.0,MINOS
174627584,"Quạt sạc tích điện SUNHOUSE SH7116, quạt mini để bàn kiêm đèn ngủ, 3 mức gió siêu mát - Hàng chính hãng","Quạt sạc tích điện SUNHOUSE SH7116, quạt mini để bàn kiêm đèn ngủ ĐẶC ĐIỂM NỔI BẬTNhỏ gọn, sử dụng mọi lúc mọi nơiPin sạc Lithium cao cấp – Gấp 5 lần tuổi thọ và gấp 2 lần tốc độ sạc (*)Làm mát b...",1095000,0,0,3,,13.0,Sunhouse
87726496,Quạt mini chính hãng Calibra CQ-E888 - Quạt đeo cổ,"MÔ TẢ SẢN PHẨMCánh quạt dạng tua bin, gió mạnh tự nhiênSử dụng động cơ không chổi than, êm, độ bền cao3 cấp độ gió tùy chỉnhThời gian sử dụng liên tục trên 6 tiếngQuạt đeo cổ CQ-E888 được thiết...",149000,0,0,2,,9.0,Calibra
274636799,Quạt Đứng Funiki HQD5856 (Model 2024) Hàng Chính Hãng,"Quạt đứng Funiki HQD5855 thuộc dòng sản phẩm gia dụng Quạt đứng, Quạt treo tường Funiki Hòa Phát, được nghiên cứu và phát triển bởi công ty Điện máy Gia Dụng hòa Phát – thuộc tập đoàn Hòa Phát.Tính ...",975000,424000,30,0,,,Funiki
105602628,Quạt Điện Đứng Senko L1338 - thay mã mới L1638 Giao Màu Ngẫu Nhiên - Hàng Chính Hãng,"Công suất: 47W, Cánh quạt: 39cmĐiều chỉnh cao từ 77cm - 95cmLưu lượng gió 64.1m3/phút3 mức tốc độ gióQuạt điện đứng 3 cánh Senko L1338-L1638  nhỏ gọn để bàn rất tiện lợi, tiết kiệm không gian cù...",378000,0,0,6,,28.0,SENKO
277395184,Quạt sàn 18'' TS9571 - Hàng chính hãng,  Mô tơ không chổi than DC bền bỉ tiết kiệm điện.·        Điều chỉnh hướng gió lên xuống.·        Có thể đặt nhiều tốc độ khác nhau và có điều khiển.·        Ba cánh quạt bằng nhôm.·        Thiết...,1699000,0,0,1,,1.0,Tiross
198537572,Quạt đứng lỡ Senko LTS1632 Lồng mạ crom ( Màu ngẫu nhiên) - Hàng chính hãng,"Model - LTS1632DÒNG SẢN PHẨM F23•   Màu sắc: Đen Cam, Đen Két•   Dòng sản phẩm: Quạt Lỡ•   Tốc độ gió: 3 tốc độ•   Cánh quạt: 5 lá•   Đường kính cánh: 39 cm•   Chuyển hướng cơ.•   Chiều cao sả...",495000,0,0,0,,,SENKO
275000938,QUẠT CÂY BRANDSON STANDVENTILATOR hàng chính hãng," Chân ái mùa hè đây rồiii Động cơ mạnh mẽ đến 50W, tạo ra luồng gió siêu mát khắp không gian.Lưới bảo vệ đan  siêu an toàn,  Siêu êm, độ ồn chỉ có 45 db(A) (ở cấp độ 3) thôi ạ, không ồn ào, kể cả khi ...",3390000,0,0,0,,,Brandson 
162028379,Quạt đứng Lifan Đ-616A - Hàng chính hãng,"Quạt đứng Lifan thiết kế 5 cánh với màu sắc hiện đại, kiểu dáng đơn giản, tạo nét sang trọng và thanh lịchQuạt thuộc dòng quạt điện cơ có công suất hoạt động 45W, quạt có đường kính 40 cm, sải cánh ...",732000,0,0,0,,,Lifan
275849569,Quạt tháp làm mát SHIMONO SM-CTF42T - Hàng chính hãng,"1. Chiều cao: 106,68cm với thiết kế kiểu dáng hiện đại sang trọng tiện dụng thích hợp cho không gian phòng máy lạnh.2. Công nghệ làm mát hơi nước tự nhiên, khả năng tạo độ ẩm mang đến không gian tươi...",3590000,0,0,0,,,Shimono
274951959,Quạt gấp thông minh Elegant KW-MF01B - Hàng chính hãng, Quạt gấp thông minh Elegant - sản phẩm cao cấp của Đức ! Mê nhất là mỗi khi mất điện quath chạy pin lên tới 8h thật quá ưu việtMã SP: QM60Sản phẩm siêu tiện lợi cho mọi ngôi nhà và những chuyến đi p...,2090000,0,0,0,,,Elegant
260234384,Quạt đứng công nghiệp Sowun SW 899 - Hàng chính hãng,"THIẾT KẾ PHÙ HỢP, DỄ SỬ DỤNG VÀ VỆ SINHQuạt đứng công nghiệp Sowun SW 899 được thiết kế thanh gọn, chiều cao cân đối, cọc sắt dạng rút tiện lợi được sơn tĩnh điện cao cấpQuạt được thiết kế bằng chân...",1690000,560000,25,0,,,Sowun
278448728,QUẠT SÀN 2LOCK Model 2025 Hàng chính hãng,"Thiết kế retro trắng kem cực đẹp Đường kính lớn 52.5cm – Gió siêu mát 4 tốc độ, xoay linh hoạt, chạy cực êm Công suất 80W – Động cơ dây đồng siêu bền Hẹn giờ đến 60 phút – Rất tiện lợi!...",1490000,0,0,0,,,2lock
366884,Quạt Sạc USS B2 QS-01 - Xanh Lá - Hàng chính hãng,Quạt Sạc USS B2 QS-01 - Xanh Lá Quạt Sạc USS B2 QS-01 - Xanh Lá thích hợp cho những ngày hè nóng bức mà nguy cơ mất điện cao với bộ lưu trữ điện. Chỉ cần sạc đầy điện quạt sẽ sử dụng được ở những nơi...,490000,0,0,7,,42.0,USS
274862903,"Quạt đứng, Quạt điều khiển, Quạt cây Koreno mẫu mã samg trọng động cơ chạy êm gió mát hàng chính hãng Bảo hành 2 năm.","CÁC ĐẶC ĐIỂM NỔI BẬT:- Quạt cây cao cấp KRENO với thiết kế nổi bật mang lại vẻ sang trọng, lịch sự tô thêm vẻ đẹp cho ngôi nhà của bạn- Được thiết kế động cơ êm ái, bền bỉ không gây rung lắc khi qua...",1450000,0,0,0,,,KORENO
129805645,Quạt bàn Senko sang trọng cao cấp B1216 màu ngẫu nhiên - Hàng Chính Hãng,"Quạt bàn Senko B1216Sản xuất theo dây chuyền hiện đại quạt bàn Senko B1216 được thiết kế với nhiều tính năng đặc biệt, đảm bảo an toàn cho người tiêu dùngCánh quạt rộng thiết kế 3 cánh quạt rộng, sả...",312000,0,0,1,,4.0,SENKO
126996497,Quạt bàn Senko sang trọng cao cấp B1210 màu ngẫu nhiên - Hàng Chính Hãng,Dòng sản phẩm: Quạt Bàn Tốc độ gió: 3 tốc độ Cánh quạt: 3 lá Đường kính cánh: 29 cm Chuyển hướng cơ Chiều cao sản phẩm: 59 cmQuạt bàn Senko B1210Sản xuất theo dây chuyền hiện đại quạt bàn Senko B121...,312000,0,0,0,,1.0,SENKO
172435736,"Quạt Đứng, Quạt Cây 5 Cánh Midea FS40-15Q (Quạt Điện Công Suất 55W, Chỉnh Gió 3 Tốc Độ, Có Chức Năng Hẹn Giờ)",...,1950000,0,0,0,,,Midea
72694571,Quạt Đứng USS DCN308 - Hàng Chính Hãng ( Giao màu ngẫu nhiên),Quạt đứng ống sắt USS DCN308 có 7 cánh và 3 cấp tốc độ từ thấp đến cao cho người sử dụng có thể tùy chỉnh theo sở thích và mục đích sử dụng của mình. Được sản xuất tại Việt Nam dựa trên công nghệ Nhật...,368500,0,0,1,,11.0,USS
278610928,Quạt đứng Tiross TS958 - Hàng chính hãng,"Tính năng sản phẩm:– Kiểu dáng nhỏ gọn, màu sắc ghi đậm sẽ làm đẹp thêm cho ngôi nhà của bạn– Lồng quạt bằng thép chắc chắn và có độ bền cao.– Thân quạt có điều chỉnh độ cao giúp bạn tùy chỉnh độ c...",1690000,0,0,0,,,Tiross
274937146,"Quạt Đứng, Quạt Cây 3 Cánh Midea FTS40-17VD (Quạt Điện, Quạt Máy Hàng Chính Hãng Công Suất 36W, Chỉnh Gió 3 Tốc Độ)",...,790000,0,0,0,,,Midea
277820736,Quạt đứng ASIAVINA Turbo One VY6199E0 - 55W Đen Cánh Trong - Hàng Chính Hãng,"Quạt đứng Asia VY6199E0 với thiết kế chắc chắn, trang bị 5 cánh quạt đường kính 40 cm cùng công suất hoạt động đến 55W, tạo ra 3 mức gió khác nhau trải rộng khắp phòng, quạt hoạt động ổn định nhờ động...",645000,240000,27,2,,4.0,ASIAvina
127046441,Combo 2 Quạt bàn b1216 senko (1 thùng / 2 cái) - Hàng Chính Hãng (giao màu ngẫu nhiên),"•   Màu sắc: Cốm, Kem Môn, Kem Nâu•   Dòng sản phẩm: Quạt Bàn•   Tốc độ gió: 3 tốc độ•   Cánh quạt: 3 lá•   Chuyển hướng cơ•   Chiều cao sản phẩm: 54 cmAN TOÀN SỬ DỤNG SẢN PHẨM+   Lồng quạt có ...",610000,0,0,2,,4.0,SENKO
275195664,Quạt Đứng Công Nghiệp Senko DCN1809 - Lồng Quạt Mạ Crom - Hàng Chính Hãng - Bảo Hành 24 Tháng,THÔNG TIN SẢN PHẨMQuạt Đứng Công Nghiệp Senko DCN1809 - Lồng Quạt Mạ Crom - Hàng Chính Hãng - Bảo Hành 24 ThángCông suất: 75WMotor: Dây đồngĐộng cơ: Bạc thauGóc quay: 75 độLưu lượng gió: 110m3/...,905000,0,0,0,,1.0,SENKO
58400681,Quạt Bàn Đảo 3 Tấc Senko BD1012 cao cấp - Màu Ngẫu Nhiên - Hàng chính hãng,"Quạt Bàn Đảo 3 Tấc Senko BD1012 cao cấp - Màu Ngẫu Nhiên - Hàng chính hãng Quạt Bàn Đảo Senko BD1012 có thiết kế nhỏ gọn, màu sắc trang nhã, chất liệu vỏ nhựa cao cấp, ít bám bụi, dễ lau chùi. Quạt...",511000,0,0,33,,89.0,SENKO
275869161,"Quạt tích điện Lebenlang LBL1702, quạt cây có điều khiển 5in1, 35W, sạc từ 4-6h, 5 tốc độ gió, bảo hành 2 năm – hàng chính hãng","  9 LÝ DO BẠN NÊN CHỌN QUẠT TÍCH ĐIỆN LEBENLANG LBL1702- Công suất 35W, hoạt động mạnh mẽ, tạo luồng gió mát mạnh;- Thiết kế 5 cánh quạt tạo gió mạnh mẽ, ổn định trong suốt quá trình hoạt động;- ...",2599000,0,0,0,,3.0,Lebenlang
127046577,Quạt bàn Senko sang trọng cao cấp B1216 màu ngẫu nhiên - Hàng Chính Hãng,"  Màu sắc: Cốm, Kem Môn, Kem Nâu•   Dòng sản phẩm: Quạt Bàn•   Tốc độ gió: 3 tốc độ•   Cánh quạt: 3 lá•   Chuyển hướng cơ•   Chiều cao sản phẩm: 54 cmAN TOÀN SỬ DỤNG SẢN PHẨM+   Lồng quạt có k...",312000,0,0,82,,450.0,SENKO
31889220,Quạt điện Senko mẫu mới BX1212 tiện lợi cao cấp màu ngẫu nhiên - Hàng Chính Hãng,"Quạt bàn Senko BX1212Sản xuất theo dây chuyền hiện đại quạt bàn Senko BX1212 được thiết kế với nhiều tính năng đặc biệt, đảm bảo an toàn cho người tiêu dùngThiết kế nhỏ gọn chiều cao 54 cm tiết kiệ...",352000,0,0,17,,38.0,SENKO
249483591,"Quạt Cây Đứng Mitomo FCE-60 có điều khiễn từ xa, hẹn giờ hàng chính hãng"," Hiện tại công ty phân phối 2Model quạt đứng Mitomo như sau:- Model FCE - 60AE ( Quạt điện tử: phím cảm úng, có điều khiễn, có hẹn giờ )- Model FCE - 60HE ( Quạt cơ: phím cơ, không có điều khiễn,...",1278000,0,0,12,,57.0,Mitomo
278244719,"Quạt Điện Cây Masuto MS Smart Air Thông Minh AI, Điều Khiển Bằng Giọng Nói Tiếng Việt, Quạt Mát Ion Âm Bổ Sung Oxy, Điều Hòa Không Khí, Có Remote Từ Xa - Hàng chính hãng",Quạt Điện Cây Masuto Thông Minh AI Điều Khiển Bằng Giọng Nói Quạt Mát Ion Âm Bổ Sung Oxy Điều Hòa Không Khí Remote Từ XaQuạt điện thông minh AI điều khiển bằng giọng nói TV - Masuto Smart AirModel: ...,1459000,0,0,0,,1.0,Masuto
277614463,Quạt điện để bàn USB Tiross TS3421 - Hàng chính hãng,Thông tin chi tiết:- Chất liệu nhựa cao cấp- Có màn hình LED hiển thị- Điều chỉnh tốc độ mượt mà 100 cấp độ- Bảng điều khiển bằng nút bấm- Cổng kết nối type-C dài 1m- Đầu vào định mức 5V-1A- C...,299000,0,0,1,,5.0,Tiross
403275,Quạt Bàn 16 Tiross TS953 - Hàng chính hãng,"Quạt Bàn 16"" Tiross TS953 Mùa hè nóng nực, độ ẩm cao sẽ thêm khó chịu nếu gia đình thiếu các vật dụng làm mát. Quạt Bàn 16'' Tiross TS953 với kiểu dáng sang trọng sẽ mang đến cho bạn những phút giây ...",1490000,0,0,0,,,Tiross
46561639,Quạt bàn Senko B1616 hàng chính hãng (màu sắc ngẫu nhiên),"Quạt điện Senko được sản xuất tại Việt Nam, kiểu dáng tinh tế, gọn nhẹ.Tiết kiệm điện, quạt có ba cánh, với ba tốc độ mạnh. Lồng quạt được thiết kế an toàn cho trẻ nhỏCông tắc các phần bảo vệ mối ...",352000,0,0,7,,19.0,SENKO
185549901,Quạt lỡ Senko LTS1636 Đen Cam - Hàng Chính Hãng,"Thiết kế nhỏ gọnQuạt lỡ Senko LTS1636 Đen Cam sở hữu thiết kế nhỏ gọn để bàn rất tiện lợi, tiết kiệm không gian cùng nhiều tính năng thông minh, giúp cuộc sống của bạn trở nên thật thoải mái và dễ...",452000,0,0,1,,1.0,SENKO
276236800,"Quạt Hơi Nước Có Tích Điện, Quạt Phun Sương Mini 4 cánh, Quạt Để Bàn 2 Tầng Có Đèn Led, remote Tiện Lợi - Hàng Chính Hãng Double ended Spray Fan, Máy tạo ẩm","Quạt Điều Hoà Hơi Nước Size lớn loại Có tích điện + 4 Cánh Quạt + 2 tầng + Có remote Tạo Độ Ẩm  Đèn Ngủ RGB, Phun Sương Làm MátQuạt hơi nước để bàn  tận hưởng cảm giác mát mẻ, ẩm ướt thoải mái mà...",220000,120000,35,0,,2.0,LED
162865715,Quạt đứng Kangaroo KG729 - Hàng Chính Hãng,"Quạt đứng Kangaroo KG729 có tính năng hẹn giờ lên tới 12 tiếng, giúp người dùng chủ động trong quá trình sử dụng quạt.Có remote điều khiển quạt từ xa, thuận tiện bật/tắt và điều khiển quạt mà khôn...",2840000,0,0,0,,,Kangaroo
121314863, Quạt cây có điều khiển Toshiba F-LSA20(W)VN - Hàng chính hãng,"Quạt Toshiba F-LSA20(H)VN thuộc dòng quạt điện cơ với thiết kế thon gọn, chân đế vững chắc, giữ quạt đứng ổn định trên mọi mặt phẳngCông suất 60W, 5 cánh quạt với đường kính tới 40 cm giúp tạo làn g...",1590000,0,0,1,,7.0,Toshiba
403452,Quạt Cây Có Điều Khiển Tiross TS951 (45W) - Hàng chính hãng,"Quạt Cây Có Điều Khiển Tiross TS951 Quạt cây có điều khiển Tiross TS951 nổi bật với kiểu dáng sang trọng, hiện đại, góp phần làm đẹp cho không gian phòng ở. Quạt có công suất 45W, 4 tốc độ gió, 3 chế...",1390000,0,0,1,,3.0,Tiross
278225713,"Quạt Mini Để Bàn, Quạt Tích Điện Sạc USB - Quạt Cầm Tay Tốc Độ, Điều Chỉnh Hướng Gió Xoay 360 Độ, Kiểu Dáng Sang Trọng , Không Gây Ồn, Pin Sạc - Giao Màu Ngẫu Nhiên - Hàng Nhập Khẩu 1","Cái nắng ngày hè đã đến hãy sắm ngay chiếc quạt năng lượng thần thánh này với xây cất lạ lùng hình tai thỏ, tai gấu, tai mèo ngộ nghĩnh, rất có thể để mặt bàn hay cầm mang đi mọi chính nơi đây bạn muố...",160000,0,0,0,,1.0,LuckyJQR
274591341,Quạt tích điện 4000mAH Kachi MK372 - hàng chính hãng,"   Quạt tích điện Kachi MK372 là một sản phẩm quạt tích điện đa năng với nhiều tính năng nổi bật, phù hợp với nhiều nhu cầu sử dụng khác nhau.Đặc điểm nổi bật của quạt tích điện Kachi M...",399000,0,0,0,,8.0,Kachi
278706124,"Quạt để bàn hàng chính hãng WiWU Snow Small Hurricane 2000mAh Wi-FS07: Quạt mini tích điện, điều chỉnh góc độ", THÔNG TIN CƠ BẢNThương hiệu: WiWUModel: Wi-FS07Năm sản xuất: 2025Loại quạt: Quạt mini tích điện để bànKích thước: 20.3 x 15.9 x 8.4 (cm)Khối lượng: 495 gramChất liệu:...,370000,0,0,0,,,WIWU
187063377,Quạt đứng AC 55W hẹn giờ - ASF03A165 (remote)- Hàng chính hãng,"Quạt đứng AC ASF03A165 sở hữu thiết kế hiện đại kết hợp màu xám vô cùng tinh tế và sang trọng, phù hợp đối với không gian hiện đại. Kiểu dáng nhỏ gọn và có thể điều chỉnh chiều cao phù hợp với nhu cầu...",1400000,0,0,0,,,AC
16654650,Quạt Đứng Có Điều Khiển Tiross TS9184 - Hàng Chính Hãng,"Thiết kế sang trọng, hiện đạiQuạt Đứng Có Điều Khiển Tiross TS9184 có kiểu dáng sang trọng phù hợp đặt nhiều vị trí trong mọi không gian nội thất, đạt tiêu chuẩn Châu Âu, là sản phẩm chất lượng dành ...",1190000,0,0,0,,,Tiross
275157916,Quạt Công Nghiệp Stanley 24inch Mã SLF306125D - Hàng chính hãng,"Quạt công nghiệp Stanley 24inch SLF306125D là sản phẩm thiết thực và tiện lợi, đáp ứng nhu cầu làm mát cho các không gian rộng lớn như nhà xưởng, kho bãi, nhà hàng, quán ăn,Ưu điểm nổi bật:+ Thi...",4025000,0,0,0,,,Stanley
275697820,QUẠT ĐỐI LƯU BONECO F235 Hàng chính hãng,Quạt đối lưu BONECO F235 là một trong những mẫu quạt đa năng đến từ thương hiệu Boneco - Thuỵ Sĩ. Đây là một trong những thương hiệu nổi tiếng Thế Giới với bề dày 60 năm kinh nghiệm cung cấp đến người...,12300000,0,0,0,,,BONECO
274937165,"Quạt Đứng, Quạt Cây 3 Cánh Midea FS40-18C (Quạt Điện Hàng Chính Hãng, Công Suất 50W, Chỉnh Gió 3 Tốc Độ)",...,1950000,0,0,0,,,Midea
278575282,Quạt Đứng TEFAL Turbo Silence Extreme VH699690 hàng chính hãng,"Bảo hành chính hãng: 2 năm  Xuất xứ: Việt Nam Điểm nổi bật: Công suất 60W – Tiết kiệm điện, làm mát hiệu quả 7 cánh quạt, đường kính 40cm – Gió mạnh, tỏa rộng 26 tốc độ gió, 5 chế độ thông minh: T...",2090000,0,0,0,,,Tefal
192908841,Quạt Lửng 819 Ống Nhựa SanKyo - Hàng Chính Hãng,"Quạt Lửng 819 Sankyo - Động Cơ Motor Dây Đồng - Cỡ Vừa 16 Inch: Quạt lửng thiết kế hiện đại, tiện dụng Đường kính cánh quạt lửng 40cm ( 16 Inch ) Công suất động cơ mot...",450000,0,0,0,,,SanKyo
275597879,"Quạt điện, quạt cây có điều khiển LEBENLANG LBL1864, chế độ hẹn giờ, công suất 60w, bảo hành 2 năm – hàng chính hãng","Quạt điện, quạt cây có điều khiển LEBENLANG LBL1864, chế độ hẹn giờ, công suất 60w, bảo hành 2 năm – hàng chính hãng8 Lý Do Bạn Nên Chọn Quạt Đứng Lebenlang LBL1864-  Thiết Kế Hiện Đại: Phù hợp v...",1059000,1040000,50,1,,1.0,Lebenlang
729830,Quạt Hộp Mini Lifan HO-MI - Hồng - Hàng Chính Hãng,"   Quạt Hộp Mini Lifan HO-MI - Hồng  với cánh quạt dài 10cm, tạo ra những luồng gió mát làm dịu không khí xung quanh.   Sản phẩm hoạt động êm với 2 tốc độ gió để bạn có thể lựa chọn mức độ gió phù h...",195000,0,0,0,,2.0,Lifan
278610999,Quạt đứng Tiross TS956-1 - Hàng chính hãng,Tính năng nổi bật:– Động cơ bền bỉ mạnh mẽ theo công nghệ của motor điều hòa .– Công suất: 75 W– 5 Cánh quạt và có lớp cánh quạt tản gió giúp tạo ra gió tập trung hoặc gió tản đều– 3 chế độ gió: g...,1890000,0,0,0,,,Tiross
114963703,Quạt Đứng Tiross TS9187 Động cơ DC - 7 Cánh Quạt Có Điều Khiển- Hàng Chính Hãng,"Quạt đứng Tiross TS9187 tiêu thụ điện năng thấpƯu điểm của quạt cây Tiross TS9187 là được thiết kế cánh quạt độc đáo cùng động cơ DC Inverter tiên tiến mạnh mẽ giúp luồng gió thổi mạnh hơn, xa hơn nh...",1990000,0,0,0,,1.0,Tiross
278638046,Quạt sàn Brandson Đường kính 50cm hàng chính hãng,"Công suất 120W mạnh mẽ , chạy siêu êm Lưu lượng gió cao, Quạt sàn phong cách RetroQuạt kim loại cổ điển Brandson với thiết kế bằng tuyệt đẹpTính năng: 3 mức tốc độ khác nhauQuạt độc lập với đầu quạt c...",5000000,0,0,0,,,Brandson 
127058322,Combo 2 Quạt bàn b1612 senko (1 thùng / 2 cái) - Hàng Chính Hãng (giao màu ngẫu nhiên),Xuất xứ thương hiệuViệt NamXuất xứViệt NamModelB1612Trọng lượng3.1KGCông suất47 WLưu lượng không khí64.4 m3/minThương hiệuSENKO +   Lồng quạt có khe hở nang q...,678000,0,0,0,,1.0,SENKO
795679,Quạt Bàn Đảo 2 Tấc Senko BD230 (27W) - Hàng chính hãng,"AN TOÀN SỬ DỤNG SẢN PHẨM+ Lồng quạt có khe hở nang quạt nhỏ, ngón tay người không thể chạm vào cánh quạt.+ Người sử dụng không chạm được vào bộ phận mang điện bên trong quạt+ Có cầu chì bảo vệ chốn...",238000,0,0,21,,138.0,SENKO
276525767,Quạt không cánh Lumias T08 Hàng chính hãng,Tên sản phẩmQuạt không cánh Lumias T08ModelT08Công suất33WMàu sắcXám trắngĐiện áp220V/50HzĐộ ồn12.9dBChất liệuNhựa ABSTiện íchTự động tắt nếu máy nghiêng quá 45°Màn ...,3290000,0,0,0,,1.0,Lumena
189475890,"Quạt Tích Điện Gấp Gọn - Quạt Mini Để Bàn Xoay 180 Độ, 3 Tốc Độ Gió, Cổng Sạc USB Có Thể Điều Chỉnh Độ Cao Siêu Tiện Lợi - HÀNG CHÍNH HÃNG MINIIN","Quạt Tích Điện Gấp Gọn - Quạt Mini Để Bàn Xoay 180 Độ, 3 Tốc Độ Gió, Cổng Sạc USB Có Thể Điều Chỉnh Độ Cao Siêu Tiện Lợi - HÀNG CHÍNH HÃNG MINIIN THÔNG SỐ KĨ THUẬT CỦA QUẠT:- Chất liệu: nhựa- Kích...",149000,0,0,24,,119.0,MINIIN
274937092,"Quạt Tuần Hoàn Không Khí Midea MFS070R0APBH (Quạt Cây, Hàng Chính Hãng, Có Điều Khiển Từ Xa & Ngăn Chứa Tinh Dầu, Công Suất 35W)",...,3190000,0,0,0,,,Midea
181194161,Quạt Bàn Đảo 2 Tấc Senko BD230 (27W) - Hàng chính hãng,"AN TOÀN SỬ DỤNG SẢN PHẨM+   Lồng quạt có khe hở nang quạt nhỏ, ngón tay người không thể chạm vào cánh quạt.+   Người sử dụng không chạm được vào bộ phận mang điện bên trong quạt+   Có cầu chì bảo v...",236000,0,0,1,,6.0,SENKO
276062567,"Quạt Sạc Để Bàn Comet Nhiều Chức Năng Bảo Hành 12 Tháng, Lỗi 1 Đổi 1 Trong 6 Tháng hàng chính hãng","Quạt Sạc Để Bàn Comet Nhiều Chức Năng Bảo Hành 12 Tháng, Lỗi 1 Đổi 1 Trong 6 Tháng QUẠT SẠC COMET CRF1506– Công suất 7W– Pin lithium– Điện áp sạc 5V DC– Kích thước lồng quạt: 6 inch– Cấp độ gi...",159000,0,0,0,,,Comet
105602617,"Quạt đứng SENKO sải cảnh lớn , hẹn giờ bật tắt cao cấp hàng chính hãng- GIAO MÀU NGẪU NHIÊN  ","Quạt đứng SENKO sải cảnh lớn , hẹn giờ bật tắt cao cấp hàng chính hãng - GIAO MÀU NGẪU NHIÊN Kiểu dáng nhỏ gọn dễ di chuyển, vỏ nhựa cứng cáp, độ bền cao, dễ vệ sinh.Quạt có chức năng đặc biệt: ngư...",472000,0,0,11,,53.0,SENKO
729831,Quạt Hộp Mini Lifan HO-MI - Xanh Dương - Hàng Chính Hãng,"   Quạt Hộp Mini Lifan HO-MI - Xanh Dương  với cánh quạt dài 10cm, tạo ra những luồng gió mát làm dịu không khí xung quanh.   Sản phẩm hoạt động êm với 2 tốc độ gió để bạn có thể lựa chọn mức độ gió...",195000,0,0,0,,,Lifan
276006087,Quạt cây Rowenta VU5450 Turbo Silence hàng chính hãng,"Quạt cây Rowenta VU5450 Turbo Silence là Quạt đứng, mức tốc độ: 8, dao động, điều chỉnh độ cao, hẹn giờ, điều khiển từ xa, khoảng. Đường kính giỏ 40 cm, công suất 32 watt.Hiệu suất tốt nhất và độ yên...",4690000,0,0,0,,1.0,Rowenta
274678718,QUẠT BÀN KDK A40B Hàng chính hãng,"ường kính cánh: 40 cmCông tắc bật tắt điều chỉnh 3 tốc độCánh quạt kim loạiMàu sắc cánh: Xanh, Xám, VàngBảo hành: 2 nămSải cánh: 40cmModelĐiện ápCông suấtĐiện ápSố vòng quayVận tốc gió...",1990000,0,0,0,,,KDK
78633205,"Quạt đứng 4,5 tấc lồng mạ Crom Senko DCN1808 - Màu ngẫu nhiên - Hàng Chính Hãng","+   Lồng quạt có khe hở nang quạt nhỏ, ngón tay người không thể chạm vào cánh quạt.+   Người sử dụng không chạm được vào bộ phận mang điện bên trong quạt+   Có cầu chì bảo vệ chống cháy khi cách quạ...",617000,0,0,0,,,SENKO
275190506,Quạt Bàn Rowenta VU2730 Hàng chính hãng,"Mạnh mẽ nhấtQuạt Bàn Rowenta VU2730 Turbo Silence Fan Extreme + mang đến một luồng không khí mạnh mẽ cho căn phòng của bạn. Với thiết kế lưu lượng lên đến 45m3/phút ở tốc độ tối đa, có thể nói đây là...",3290000,0,0,0,,,Rowenta
76138021,Quạt bàn 2000mah 360 độ màu xám Ugreen 308ACC80907LP Hàng chính hãng,1. Color: Gray2. Battery capacity: 2000Mah3. Rotate 360 degrees4. Easy to disassemble and clean...,504000,0,0,0,,3.0,UGREEN
270303798,Quạt sạc SUNHOUSE SHD7228 - Hàng chính hãng,"Quạt sạc SUNHOUSE SHD7228 có thiết kế nhỏ gọn, sử dụng pin sạc chất lượng cao, hoạt động liên tục trong 5-16 giờ (tùy tốc độ) giúp làm mát hiệu quả cho cả gia đình bạn trong những lúc mất điện. Sản p...",1545000,0,0,0,,,Sunhouse
275191141,Quạt sàn Brandson Đường kính 45cm Hàng chính hãng,"Công suất 120W mạnh mẽ , chạy siêu êm Lưu lượng gió cao, Quạt sàn phong cách RetroQuạt kim loại cổ điển Brandson với thiết kế bằng tuyệt đẹpTính năng: 3 mức tốc độ khác nhauQuạt độc lập với đầu quạt c...",4590000,0,0,0,,,Brandson 
26679299,"Quạt Đứng Senko Có Chức Năng Hẹn Giờ Sang Trọng, Cao Cấp DH873 - Hàng Chính Hãng","Quạt điện Senko có hẹn giờ DH873.Quạt điện là vật dụng hầu như không thể thiếu trong mỗi gia đình Việt, ngoài chức năng giúp xua tan đi không khí oi bức, còn góp phần tô điểm thêm không gian sống của...",472000,0,0,0,,1.0,SENKO
57624912,Quạt Bàn B3 Giả Lào Senko B1210-Hàng chính hãng (giao màu ngẫu nhiên),"Quạt được thiết kế kiểu dáng đẹp, chức năng tốt, chạy êm, sử dụng trong phòng khách, phòng ngủ Nút điều khiển to dễ bấm, các bộ phận quạt dễ tháo lắp, dễ lau chùi vệ sinhSải cánh 30cm, lồng quạt có ...",315000,0,0,1,,2.0,SENKO
271593015,Quạt Tích Điện Đa Năng Saiko RF-716A 33W Hàng Chính Hãng,Quạt tích điện hay còn gọi là quạt sạc là loại quạt có khả năng dự trữ điện năng trong bình ắc quy để sử dụng khi điện lưới bị cắt. Quạt tích điện được coi là giải pháp tối ưu để sử dụng khi mất điện ...,1650000,0,0,0,,1.0,Saiko
519278,Quạt Tháp Tiross TS9180 - Đen - Hàng chính hãng,Quạt Tháp Tiross TS9180 - Đen Quạt Tháp Tiross TS9180 - Đen có kiểu dáng được thiết kế mới lạ cùng khả năng làm mát hiệu quả sẽ mang lại sự tiện dụng và thoải mái tối đa cho bạn và người thân để sử d...,1490000,0,0,0,,4.0,Tiross
198537706,Quạt đứng lỡ Senko LTS1636 ( Màu ngẫu nhiên) - Hàng chính hãng,"Model - LTS1636DÒNG SẢN PHẨM F23•   Màu sắc: Đen Cam, Đen Két•   Dòng sản phẩm: Quạt Lỡ•   Tốc độ gió: 3 tốc độ•   Cánh quạt: 7 lá•   Đường kính cánh: 39 cm•   Chuyển hướng cơ.•   Chiều cao sả...",452000,0,0,0,,1.0,SENKO
217478945,Quạt lỡ 3 cánh 47W Senko L1638 - Giao màu ngẫu nhiên - Hàng chính hãng,"Quạt lỡ 3 cánh 47W Senko L1638 Quạt lỡ 3 cánh Senko L1638 trang bị công suất 47W, có thể điều chỉnh chiều cao từ 77cm đến 95cm phù hợp với từng nhu cầu. Quạt thiết kế chắn chắn, động cơ bền bỉ, có k...",375000,0,0,0,,1.0,SENKO
50408721,Quạt Đứng Điều Khiển Từ Xa Elefan D4003R - Màu Ngẫu Nhiên - Chính Hãng,Mã quạt : D4003RRemote : nhiều chức năng điều khiển quạt từ xaLoại cánh 40cm 3 lá bản lớn Moter công suất 45wĐiện thế :220v - 50 hzlưu lượng gió : 60m3 / phútĐóng thùng :1 cái / thùng...,980000,0,0,0,,,Elefan
162865711,Quạt đứng Kangaroo KG728 - Hàng Chính Hãng,"Làm mát mọi hướng – Quay được 360ºThiết kế độc đáo giúp Quạt đứng Kangaroo KG728 của Kangaroo quay góc tới 360º, tức là làm mát mọi hướng. Quạt KG278 có các góc độ xoay 60°, 90°, 180°, 360° mang gió ...",2082000,1108000,35,2,,7.0,Kangaroo
56492437,Quạt Bàn Đảo 3 Tấc Senko BD1010 - Màu Ngẫu Nhiên - Hàng chính hãng,"Quạt Bàn Đảo Senko BD1010 có thiết kế nhỏ gọn, màu sắc trang nhã, chất liệu vỏ nhựa cao cấp, ít bám bụi, dễ lau chùi. Quạt thích hợp với những không gian nhỏ như bàn học, bàn làm việc, phòng ngủ của t...",366000,0,0,30,,92.0,SENKO
127058159,Quạt bàn B4 Senko B1612 - Giao màu ngẫu nhiên - Hàng Chính Hãng,"hương hiệuSENKOXuất xứ thương hiệuViệt NamXuất xứViệt NamModelB1612Trọng lượng3.1kgCông suất47wĐộ ồnhạn chế tiếng ồn, vận hành êm áiLưu lượng không khí64.4m3/phút...",349000,0,0,0,,,SENKO
126989688,Quạt Bàn Đảo 3 Tấc Senko BD1010 - Màu Ngẫu Nhiên - Hàng chính hãng,"3 tốc độ gió Đường kính cánh: 30cm Lồng quạt đảo chiều tiện lợi Công suất hoạt động: 40W Loại motor: Bạc thauQuạt Bàn Đảo Senko BD1010 có thiết kế nhỏ gọn, màu sắc trang nhã, chất liệu vỏ nhựa cao cấ...",363000,0,0,3,,6.0,SENKO
130063441,Quạt sạc điện Sunhouse SHD7223 - Hàng chính hãng,"Tạo luồng gió mát thổi bay mọi cái nóng khó chịu với 5 cánh quạt đường kính 38 cm, công suất hoạt động 24W3 tốc độ gió (lưu lượng gió thổi tối đa 4.5 m/s), 1 chế độ gió thường, có quay đảo chiều giú...",1580000,0,0,0,,,Sunhouse
263959759,Quạt đứng Bear DFS-D47F2 - Hàng chính hãng,Quạt đứng Bear DFS-D47F2Công suất định mức :  47WĐiều chỉnh 4 chế độ gió khác nhau9 cánh quạt tăng hiệu quả làm mátKhoảng cách cấp gió lên đến 13mHẹn giờ tự động thông minh tối đa 8 tiếngThiết ...,1490000,0,0,0,,,Bear
78631347,Quạt bàn B4 Senko B1612 - Giao màu ngẫu nhiên - Hàng Chính Hãng,"+   Lồng quạt có khe hở nang quạt nhỏ, ngón tay người không thể chạm vào cánh quạt.+   Người sử dụng không chạm được vào bộ phận mang điện bên trong quạt+   Có cầu chì bảo vệ chống cháy khi cách quạ...",352000,0,0,4,,35.0,SENKO
278473606,"Quạt Phun Sương Mini, Quạt Để Bàn, Quạt Làm Mát Bằng Hơi Nước Có Chân Vững Chắc - Hàng Nhập Khẩu","QUẠT PHUN SƯƠNG MINI, QUẠT TÍCH ĐIỆN, QUẠT ĐỂ BÀN    - Quạt phun sương mini tích điện để bàn dùng rất thích hợp cho học sinh, sinh viên và dân văn phòng khi ngồi học và làm việc tại bàn mà không...",155000,0,0,0,,,HT SYS
118735230,Quạt Đứng Rowenta VU5840 Turbo Silence Extreme + Standventilator - Hàng Nhập Khẩu Đức,Quạt Đứng Rowenta VU5840 Turbo Silence Extreme + StandventilatorTận hưởng khả năng làm mát vượt trội nhưng vẫn giữ được không gian yên tĩnh với Quạt Đứng Rowenta VU5840 Turbo Silence Extreme+. Với độ...,4690000,0,0,0,,,Rowenta
50643212,Quạt bàn đảo 4 Tấc chuyển hướng điện cao cấp Senko ( Hàng Chính Hãng ) BD1410,"Thông số kỹ thuật: Quạt hộp Senko BD1410Thông tin: Quạt hộp Senko BD1410Quạt hộp Senko BD1410 – Nhỏ gọn, tiện ích và an toàn khi sử dụngThiết kế dạng hộp nhỏ gọn, đẹp mắtQuạt Senko BD1410 có thiế...",512000,0,0,12,,41.0,SENKO
273545960,Quạt sàn Tefal TB Silence Plus VH686790-Xám Cánh Trắng - Hàng chính hãng,THÔNG TIN SẢN PHẨM:Thương hiệu: TefalModel: VH686790Công Suất: 80WKích thước Cánh Quạt: 40cmChất Liệu: Lồng quạt: Nhựa cao cấpSố Cánh Quạt: 06 cánhChế Độ Gió: Gió thườngTốc Độ Gió: 03 tốc độ g...,1005000,664000,40,2,,7.0,Tefal
274678448, Quạt đứng Kadeka KLV–30DC Hàng chính hãng,"Mã sản phẩm: KLV–30DCQuạt đứng lửng sải cánh : 30cm (12"")Tốc độ : 32 tốc độLoại động cơ : Động cơ DCCông suất : 22WĐiện áp: 220V/50HzCánh quạt nhựa trong AS : 7 cánhChức năng gió tự nhiênTạo gió nhẹ n...",3490000,0,0,0,,,KDK
1733821,Quạt Hộp Mini Lifan HO-MI - Xanh lá - Hàng Chính Hãng,"Quạt Hộp Mini Lifan HO-MI là sự lựa chọn hoàn hảo dành cho cá nhân. Với kích thước 20 x 9 x 24.5cm, quạt không chiếm nhiều diện tích nên bạn có thể thoải mái đặt trên bàn học hay giường ngủ cá nhân....",195000,0,0,0,,2.0,Lifan
98848784,Quạt bàn B4 Senko B1616 - Màu ngẫu nhiên - Hàng Chính Hãng,"Model - B1616• Màu sắc: Kem Môn, Cốm, Kem Nâu• Dòng sản phẩm: Quạt Bàn• Tốc độ gió: 3 tốc độ• Cánh quạt: 3 lá• Chuyển hướng cơ• Chiều cao sản phẩm: 64 cm• Sải cánh: 39 cm      AN TOÀN SỬ DỤ...",349000,0,0,14,,87.0,SENKO
275630055,Quạt điện cao cấp Bear SB-QC47K Hàng chính hãng,"9 cánh quạt tăng hiệu quả làm mátĐiều chỉnh 4 chế độ gió khác nhauKhoảng cách cấp gió lên đến 13mHẹn giờ tự động tối đa 8 tiềngĐiều khiển từ xa bằng remote 6mThiết kế trang nhã, hiện đại, tháo rờ...",1176000,314000,21,1,,11.0,Bear
274558439,Quạt không cánh để bàn U ULTTY PETIT LIDI - Hàng chính hãng,"1. Giới Thiệu tổng quan quạt không cánh ULTTY PETIT LIDIThiết kế mini, sang trọng với viền bạc kết hợp màu trắng tinh khôi. Được tối ưu để phù hợp với bàn làm việc, phòng ngủ và cũng là một phần củ...",1800000,0,0,0,,8.0,U ULTTY
127060997,Quạt bàn B4 Senko B1616 - Màu ngẫu nhiên - Hàng Chính Hãng,Xuất xứ thương hiệuViệt NamXuất xứViệt NamModelB1616Trọng lượng2.9 KgĐiện áp220V/50HzCông suất47WĐộ ồnNhỏĐiều khiểnNút bấmLưu lượng không khí64.4 m3/phútHẹn gi...,349000,0,0,0,,1.0,SENKO
729835,Quạt Hộp Mini Lifan HO-MI - Xám - Hàng Chính Hãng," Quạt Hộp Mini Lifan HO-MI - Xám  với cánh quạt dài 10cm, tạo ra những luồng gió mát làm dịu không khí xung quanhSản phẩm hoạt động êm với 2 tốc độ gió để bạn có thể lựa chọn mức độ gió phù hợp với nh...",195000,0,0,0,,,Lifan
52067128,Quạt đứng Senko có đèn DD1602 hàng chính hãng màu sắc ngẫu nhiên ,"Đặc điểm nổi bậtThiết kế thon gọn, có thể điều chỉnh được chiều cao linh hoạt, dễ dàng di chuyển. Tích hợp 3 cấp độ gió, có túp năng quay trái/phải 180 độ. Được trang bị cầu chì bảo vệ chống cháy...",567000,0,0,8,,35.0,SENKO
28081931,Quạt điện cao cấp Senko TR1428 điều khiển từ xa bằng Remote màu ngẫu nhiên - Hàng Chính Hãng,"Quạt treo tường Senko TR1428 vận hành 3 tốc độ gió, giúp người sử dụng có thể tùy chọn tốc độ mà mình mong muốn theo từng mục đích sử dụng khác nhau. Tiết kiệm diện tíchQuạt treo Senko TR1428 tre...",543000,0,0,4,,7.0,SENKO
230081126,Quạt lỡ Senko LTS1632 Đen Cam - Hàng chính hãng,"Đặc điểm nổi bậtThiết kế chân đế quạt to, vững chắc, không rung lắc khi hoạt động5 cánh quạt sải cánh dài 39 cm làm mát hiệu quả trên không gian lớnQuạt Senko có lồng quạt đan khít, bảo đảm an toàn...",495000,0,0,0,,,SENKO
44912695,QUẠT BÀN THAÍ LAN ĐA NĂNG HATARI PS20M1 - Màu ngẫu nhiên - HÀNG CHÍNH HÃNG,"QUẠT BÀN ĐA NĂNG HATARI HÀNG NHẬP KHẨU THAILAN NGUYÊN CHIẾCQuạt bàn HT_PS20M1 có kiểu dáng sang trọng hiện đại, nhiều mầu sắc. Quạt làm bằng chất liệu nhựa ABS bền đẹp, Không độc h...",500000,0,0,31,,107.0,Hatari
274669384,QUẠT LỬNG KDK P30KH Hàng chính hãng,"Chức năng làn gió tự nhiên 1/f yuragiMàng lọc siêu kháng khuẩn, Tinh chất trà xanh và Enzyme kháng khuẩnCông tắc điện tử điều chỉnh 3 tốc độĐộ cao điều chỉnh được: 66 – 85 cmHẹn giờ 4 tiếng điện t...",2790000,0,0,0,,2.0,KDK
253401335,Quạt cây Panasonic F409K - Hàng Chính hãng bảo hành 12 tháng,"Quạt cây Panasonic F409K là sự lựa chọn lý tưởng cho gia đình bạn. F409K màu be tiết kiệm điện, chạy êm và rất an toàn với trẻ nhỏ. Tên sản phẩm: Quạt cây panasonic F409KMàu sắc...",3528000,392000,10,0,,1.0,Panasonic
