id,name,short_description,price,discount,discount_rate,review_count,day_ago_created,quantity_sold,brand_name
118537278,Smart Tivi Coocaa HD 32 inch 32S3U,"       ️ Bluetooth conectivity   230nit chromecast   Youtube/netflix/prime video google store   ️ Tivi thông minh coocaa 32"" 32S3U   _ CC cast , youtube, Swaiot Home, Game, Boundless screen, D...",3100000,0,0,3,,4.0,coocaa
278009387,Google Tivi Coocaa Full. HD 43 inch  43Z73 - hàng chính hãng,"Coocaa Google TV 43 inch Full HD 43Z73 là lựa chọn phù hợp cho phòng ngủ hoặc phòng làm việc cá nhân. Thiết bị này sở hữu hàng loạt công nghệ hiện đại, mang đến trải nghiệm hình ảnh sắc nét và âm than...",4999000,0,0,0,,,coocaa
276931435,Tivi Android  LED Hisense 40 inch 40A4N - HÀNG CHÍNH HÃNG - CHỈ GIAO HCM," Tổng quan sản phẩmLoại Tivi:Android TiviKích cỡ màn hình:40 inchĐộ phân giải:Full HDLoại màn hình:Đèn nền: LED nền (Direct LED), Tấm nền: VA LCDHệ điều hành:AndroidChất liệu chân ...",7990000,0,0,0,,2.0,Hisense
7532597,Smart Tivi Asanzo Full HD 43 inch 43AS560,"TÍNH NĂNG NỔI BẬT CỦA SMART TV 43"" - 43SL9001. ***Đã KHẮC PHỤC HOÀN TOÀN lỗi không xem được YOUTUBE.2. Chạy hệ điều hành 14 cùng bộ xử lý 4 nhân 64-bit- Giảm thiểu tình trạng bị treo máy khi chạy tải...",4999000,0,0,2,,4.0,Asanzo
181927063,Kệ tivi,"Chất liệu        : Gỗ MDF bề mặt phủ Melamine Màu sắc         : trắng - đen - vân sồi - vân gỗ óc chóKích thước     : Kệ dưới cao 55, sâu 25, dài 180cm, 1 Thanh ngang rộng 1m4.2 thanh ngang rộng 40c...",2501400,0,0,0,,,HUCHU
189176771,Google Tivi Coocaa 4K 55 Inch - Model 55Y72 - Hàng chính hãng,...,8299000,0,0,0,,,coocaa
25445985,Kệ Tivi 053,"Tên sản phẩm: Kệ Tiv 053Mã sản phẩm: KTV053Kích thước: dài 1600 x rộng 350 x cao 450mmMô tả: 2 hộc cánh mở, 2 hộc kéo, 1 hộc trống tiện dụngVật liệu: MDF phủ Melamine nhập khẩu Thái LanPhụ kiện l...",3870000,620000,14,0,,,OEM
278309716,Android Tivi Aqua 43 inch AQT43K800UG - Hàng Chính Hãng - Mới 100%,"Tổng quan sản phẩmLoại Tivi:Android TiviKích cỡ màn hình:43 inchĐộ phân giải:4K (Ultra HD)Loại màn hình:Đèn nền: LED nền (Direct LED), Tấm nền: VA LCDHệ điều hành:Android 11.0Chất liệu chân đế:NhựaChấ...",5588000,2112000,27,0,,,Aqua
278527150,Tivi Philips MediaSuite 65HFL5214U - Hàng chính hãng,Thông số kỹ thuật Tivi Philips MediaSuite 65HFL5214/97- Thương Hiệu: Philips - Châu Âu- Năm ra mắt : 2024- Xuất xứ: Malaysia- Bảo hành: 3 năm - Tại nơi lắp đặt- Model: 65HFL5214/97- Loại Tivi: ...,26790000,0,0,0,,,Philips
207853937,TV 43IN HÀNG CHÍNH HÃNG NHẬP KHẨU HÀN QUỐC GIÁ ƯU ĐÃI,"Chất lượng hình ảnh Ultra HD 4K sắc nét từng điểm ảnhSở hữu gấp 4 lần điểm ảnh so với TV Full HD thông thường, TV UHD K-Elec mang đến khung hình sắc nét và sống động, cho bạn trải nghiệm xem chân thậ...",7990000,0,0,0,,,K-ELEC
207825500,Tivi 43IN Hàng Chính Hãng Hàn Quốc Gía TỐT NHẤT THỊ TRƯỜNG,"Chất lượng hình ảnh siêu sắc nétVới chất lượng hình ảnh Full HD sắc nét và dải màu sắc phong phú, rực rỡ, TV K-Elec mang đến trải nghiệm điện ảnh trọn vẹn với những khung hình sống động, chân thực nh...",7190000,0,0,0,,,K-ELEC
278527117,Tivi Philips MediaSuite 50HFL5214U - Hàng chính hãng,Thông số kỹ thuật Tivi Philips MediaSuite 50HFL5214U- Thương Hiệu: Philips - Châu Âu- Năm ra mắt : 2024- Xuất xứ: Malaysia- Bảo hành: 3 năm - Tại nơi lắp đặt- Model: 50HFL5214/97- Loại Tivi: An...,17990000,0,0,0,,,Philips
23191435,Kệ Tivi 020,"kích thước: dài 1600 x rộng 350 x cao 450mmVật liệu: MDF phủ Melamine nhập khẩu Thái LanPhụ kiện lắp ráp: ray bi 3 tầng, bản lề hơi, bát sắt, ốc liên kết cao cấp...",3010000,580000,16,0,,,OEM
25439879,Kệ Tivi 052,"Tên sản phẩm: Kệ Tivi 052Mã sản phẩm: KTV052Kích thước: dai 1600 x rộng 350 x cao 450mmMô tả: 2 hộc cánh mở, 2 hộc kéo, 1 hộc trống tiện dụngVật liệu: MDF phủ Melamine nhập khẩu Thái LanPhụ kiện ...",3870000,620000,14,0,,,OEM
278220734,[NEW 2026 TV Series] Smart Tivi Xiaomi TV A Pro 43 2026 - 43 Inch - Hàng Chính Hãng,"Tivi Xiaomi QLED 4K A Pro 43 inch 2026 thiết kế nguyên khối, chất liệu kim loại đẳng cấp cùng viền siêu mỏng trải nghiệm tràn viền ấn tượng. Kích thước màn hình 43 inch, chất lượng 4K sắc nét cùng tấm...",7350000,0,0,0,,,Xiaomi
207640624,"TIVI 50IN NHẬP KHẨU TỪ HÀN QUỐC , HÀNG CHÍNH HÃNG","Sở hữu gấp 4 lần điểm ảnh so với TV Full HD thông thường, TV UHD K-Elec mang đến khung hình sắc nét và sống động, cho bạn trải nghiệm xem chân thật nhất. Dải màu phong phú giúp tái tạo hình ảnh gần vớ...",9200000,0,0,0,,,K-ELEC
25185156,Kệ Tivi 044,"Tên sản phẩm: Kệ Tivi 044Mã sản phẩm: KTV044Kích thước: dài 1600 x rộng 350 x cao 500mmMô tả: 2 hộc cánh mở, 1 hộc kéo, 1 hộc trống tiện dụngVật liệu: MDF phủ Melamine nhập khẩu Thái LanChân gỗ t...",3870000,620000,14,0,,,OEM
277991140,[NEW 2026 TV Series] Smart Tivi Xiaomi TV A 43 2026 - 43 Inch - UHD 4K - Hàng Chính Hãng,"Tivi Xiaomi 43 inch A Google TV 2026 – chiếc TV mang đến trải nghiệm hình ảnh sắc nét 4K kết hợp công nghệ HDR tối ưu độ tương phản và màu sắc. Với công nghệ MEMC, mọi chuyển động trở nên mượt mà, sốn...",6990000,0,0,0,,1.0,Xiaomi
23168520,Kệ Tivi 009,"Kích thước: dài 1600 x rộng 350 x cao 500Vật liệu: MDF phủ Melamine nhập khẩu Thái LanChân gỗ tự nhiên sơn PUPhụ kiện lắp ráp: ray bi 3 tầng, bản lề hơi, bát sắt, ốc liên kết hàng cao cấp...",3870000,620000,14,0,,,OEM
253600925,Tivi AQUA 4K TV 6600 43 inches - LE43AQT6600UG - Hàng Chính Hãng,  ông số cơ bản   - Xuất xứ: Việt Nam   ông số kỹ thuật   - Dòng sản phẩm: 6600   - Kích thước màn hình (inches): 43   - Độ phân giải: 3840*2160   - Góc nhìn:160/150   - HDR - 4K HDR   ông ti...,12590000,0,0,0,,,Aqua
23206506,Kệ Tivi 031,"Kích thước: dài 1600 x rộng 350 x cao 450mmVật liệu: MDF phủ Melamine nhập khẩu Thái LanPhụ kiện lắp ráp: ray bi 3 tầng, bản lề hơi, bát sắt, ốc liên kết cao cấp...",3870000,620000,14,0,,,OEM
25181468,Kệ Tivi 042,"Tên sản phẩm: Kệ Tivi 042Mã sản phẩm: KTV042Kích thước: dài 1600 x rộng 350 x cao 450mmMô tả: 2 hộc cánh mở, 2 hộc kéo, 2 hộc trống tiện dụngVật liệu: MDF phủ Melamine nhậ khẩu Thái Lan Phụ kiện ...",3010000,580000,16,0,,,OEM
207872108,Tivi 32IN HÀNG CHÍNH HÃNG NHẬP KHẨU TỪ HÀN QUỐC,"Với chất lượng hình ảnh HD sắc nét và dải màu sắc phong phú, rực rỡ, TV K-Elec mang đến trải nghiệm điện ảnh trọn vẹn với những khung hình sống động, chân thực như bước ra từ cuộc sống.Tấm nền IPS số...",4990000,0,0,0,,,K-ELEC
23207679,Kệ Tivi 033,"Kích thước: dài 1600 x rộng 350 x cao 400mmVật liệu: MDF phủ Melamine nhập khẩu Thái LanPhụ kiện lắp ráp: ray bi 3 tầng, bản lề hơi, bát sắt, ốc liên kết cao cấp...",3870000,620000,14,0,,,OEM
25194292,Kệ Tivi 049,"Tên sản phẩm: Kệ Tivi 49Mã sản phẩm: KTV049Kích thước: dài 1600 x rộng 350x cao 500mmMô tả: 2 hộc kéo, 2 hộc cánh mởVật liệu: MDF phủ Melamine nhập khẩu Thái LanChân gỗ tự nhiên sơn PUPhụ kiện l...",3870000,620000,14,0,,,OEM
23200447,Kệ Tivi 027,"Kích thước: dài 1600 x rộng 350 x cao 500mmVật liệu: MDF phủ Melamine nhập khẩu Thái LanPhụ kiện lắp ráp: ray bi 3 tầng, bản lề hơi, bát sắt, ốc liên kết cao cấp...",3010000,580000,16,0,,,OEM
25189078,Kệ Tivi 047,"Tên sản phẩm: Kệ Tivi 047Mã sản phẩm: KTV047Kích thước: dài 1600 x rộng 350 x cao 500mmMô tả: 2 hộc cánh mở, 2 hộc kéoVật liệu: MDF phủ Melamine nhập khẩu Thái LanChân gỗ tự nhiên sơn PUPhụ kiện...",3870000,620000,14,0,,,OEM
23198916,Kệ Tivi 025,"Vật liệu: MDF phủ Melamine nhập khẩu Thái LanPhụ kiện lắp ráp: ray bi 3 tầng, bản lề hơi, bát sắt, ốc liên kết cao cấp...",3010000,580000,16,0,,,OEM
160086580,[Trả góp 0%] Kệ Tivi Teramo đen IBIE nhiều tùy chọn,THÔNG TIN CHI TIẾT:Chất liệu chính: Sắt; Màu sắc: Màu đen; Thời hạn bảo hành: 24 tháng; Thời gian giao hàng: 7-10 ngày; Phòng chính: Phòng khách; Yêu cầu lắp đặt: Có; Bộ sưu tập: Bộ Venice; Tình trạn...,3590000,0,0,0,,,IBIE
160089493,[Trả góp 0%] Kệ Tivi Camillo đen IBIE nhiều tùy chọn,THÔNG TIN CHI TIẾT:Chất liệu chính: Sắt; Màu sắc: Màu đen; Thời hạn bảo hành: 24 tháng; Thời gian giao hàng: 7-10 ngày; Phòng chính: Phòng khách; Yêu cầu lắp đặt: Có; Bộ sưu tập: Bộ Venice; Tình trạn...,3590000,0,0,0,,,IBIE
44615533,Kệ Tivi 058,Tên sản phẩm: KỆ TIVI 058Mã sản phẩm: KTV058Kích thước: dài 1600 x rộng 350 x cao 500mmMô tả: 3 hộc cánh mở tiện dụngVật liệu: ván MDF phủ Melamine nhập khẩu Thái LanChân gỗ tự nhiên sơn PUPhụ k...,3010000,580000,16,1,,1.0,OEM
25186776,Kệ Tivi 046,"Tên sản phẩm: Kệ Tivi 046Mã sản phẩm: KTV046Kích thước: dài 1600 x rộng 350 x cao 500mmMô tả: 2 hộc cánh mở, 2 hộc kéo, 1 hộc trống tiện dụngVật liệu: MDF phủ Melamine nhập khẩu Thái LanChân gỗ t...",3870000,620000,14,0,,,OEM
25186267,Kệ Tivi 045,"Tên sản phẩm: Kệ Tivi 045Mã sản phẩm: KTV045Kích thước: dài 1600 x rộng 350 x cao 500mmMô tả: 2 hộc cánh mở, 2 hộc trống hiện đại, 1 hộc trống tiện dụngVật liệu: MDF phủ Melamine nhập khẩu Thái La...",3870000,620000,14,0,,,OEM
23175083,Kệ Tivi 013,"Kích thước: dài 1600 x rộng 350 x cao 600mmVật liệu: MDF phủ Melamine nhập khẩu Thái LanPhụ kiện lắp ráp: ray bi 3 tầng, bản lề hơi, bát sắt, ốc liên kết hàng cao cấp ...",4090000,900000,18,0,,,OEM
28420258,KỆ TIVI 055,Tên sản phẩm: KỆ TIVI 055Mã sản phẩm: KTV055Kích thước: dài 1600 x rộng 350 x cao 500mmMô tả: 3 hộc cánh mở tiện dụngVật liệu: MDF phủ Melamine nhập khẩu Thái LanChân gỗ tự nhiên sơn PUPhụ kiện ...,3870000,620000,14,0,,,OEM
25453846,Kệ Tivi 054,"Tên sản phẩm: Kệ Tivi 052Mã sản phẩm: KTV052Kích thước: dài 1600 x rộng 350 x cao 450mmMô tả: 2 hộc cánh mở, 2 hộc kéo, 1 hộc trống tiện dụngVật liệu: MDF phủ Melamine nhập khẩu Thái LanPhụ kiện ...",3870000,620000,14,0,,,OEM
25127486,Kệ Tivi 039,"Tên sản phẩm: Kệ Tivi 039Mã sản phẩm: KTV039Kích thước: dài 1600 x rộng 350 x cao 500mmMô tả: 2 hộc cánh mở, 2 hộc kéo, 1 hộc trốngVật liệu: MDF phủ Melamine nhập khẩu Thái LanChân gỗ tự nhhieen ...",3870000,620000,14,0,,,OEM
275194363,Smart TV HD Coocaa 32 Inch Wifi - Model 32S3U+ - Hàng Chính Hãng," ** Màn hình HD sống động: Thỏa sức đắm chìm vào thế giới giải trí với màn hình hiển thị hình ảnh sắc nét, màu sắc trung thực, đưa bạn vào từng khung cảnh. ** Thiết kế tinh tế: Thiết kế siêu mỏng, ...",2689000,901000,25,2,,6.0,coocaa
160087455,[Trả góp 0%] Kệ Tivi Camillo trắng IBIE nhiều tùy chọn,THÔNG TIN CHI TIẾT:Chất liệu chính: Sắt; Màu sắc: Màu trắng; Thời hạn bảo hành: 24 tháng; Thời gian giao hàng: 7-10 ngày; Phòng chính: Phòng khách; Yêu cầu lắp đặt: Có; Bộ sưu tập: Bộ Venice; Tình tr...,3590000,0,0,0,,,IBIE
23157098,Kệ Tivi 037,"Kích thước: dài 1600 x rộng 350 x cao 500mmVật liệu: MDF phủ Melamine nhập khẩu Thái LanChân gỗ tự nhiên sơn PUPhụ kiện lắp ráp: ray bi 3 tầng, bản lề hơi, bát sắt, ốc liên kết hàng cao cấp...",3010000,580000,16,0,,,OEM
278527144,Tivi Philips MediaSuite 55HFL5214U - Hàng chính hãng,Thông số kỹ thuật Tivi Philips MediaSuite 55HFL5214U- Thương Hiệu: Philips - Châu Âu- Năm ra mắt : 2024- Xuất xứ: Malaysia- Bảo hành: 3 năm - Tại nơi lắp đặt- Model: 55HFL5214/97- Loại Tivi: An...,18590000,0,0,0,,,Philips
278310289,Google Tivi Coocaa 4K 55 inch 55Y73 - Hàng chính hãng - Mới 100%,Tivi...,6933000,3057000,31,0,,,coocaa
25140471,Kệ Tivi 041,Tên sản phẩm: Kệ Tivi 041Mã sản phẩm: KTV041Kích thước: dài 1600 x rộng 350 x cao 500mmMô tả: dài 1600 x rộng 350 x cao 500mmVật liệu: MDF phủ Melamine nhập khẩu Thái LanChân gỗ tự nhiên sơn PUP...,3870000,620000,14,0,,,OEM
276861471,"Android Tivi LED Hisense 40 inch A4N trợ lý ảo Google Voice Control, bảo hành 2 năm - Hàng Chính Hãng","Android Tivi LED Hisense A4N sở hữu màn hình lớn 40 inch, công nghệ âm thanh vòm DTS Virtual X thể hiện chất âm sống động, nhiều công nghệ hình ảnh tăng cường chất lượng hiển thị như High Contrast, Na...",7990000,0,0,0,,,Hisense
276861683,"Android Tivi LED Hisense 43 inch A4N Trợ Lý Ảo Google Voice Control, Bảo Hành 2 Năm - Hàng Chính Hãng","Android Tivi LED Hisense A4N sở hữu màn hình lớn 43 inch, công nghệ âm thanh vòm DTS Virtual X thể hiện chất âm sống động, nhiều công nghệ hình ảnh tăng cường chất lượng hiển thị như High Contrast, Na...",8990000,0,0,0,,,Hisense
278527161,Tivi Philips MediaSuite 75HFL5214U - Hàng chính hãng,Thông số kỹ thuật Tivi Philips MediaSuite 75HFL5214/97- Thương Hiệu: Philips - Châu Âu- Năm ra mắt : 2024- Xuất xứ: Malaysia- Bảo hành: 3 năm - Tại nơi lắp đặt- Model: 75HFL5214/97- Loại Tivi: ...,36390000,0,0,0,,,Philips
276606018,Smart tivi 65 inch Qled 4K tivi Khung Tranh Google Frame tivi coocaa 65LN7000G - HÀNG CHÍNH HÃNG - CHỈ GIAO HCM, Đặc điểm sản phẩmModel:65LN7000GMàu sắc:ĐenNhà sản xuất:CoocaaXuất xứ:IndonesiaNăm ra mắt :Đang cập nhậtThời gian bảo hành:24 ThángĐịa điểm bảo hành:Toàn QuốcLoại Tivi:Googl...,12190000,6800000,36,0,,,coocaa
276415813,"Android Tivi LED Hisense 43 inch 43A4N trợ lý ảo Google Voice Control, bảo hành 2 năm - HÀNG CHÍNH HÃNG","Android Tivi LED Hisense 43 inch 43A4N sở hữu màn hình lớn 43 inch, công nghệ âm thanh vòm DTS Virtual X thể hiện chất âm sống động, nhiều công nghệ hình ảnh tăng cường chất lượng hiển thị như High Co...",5490000,3500000,39,0,,,Hisense
273605129,Google Tivi Coocaa 32Z72 HD 32 inch - Hàng Chính Hãng,"Google Tivi Coocaa 32Z72 HD 32 inch Màn hình tràn viền: Thiết kế màn hình tivi chiếm tỷ lệ cao trên thân máy. Khung viền nhỏ, được thiết kế hình chữ F nhằm tăng trải nghiệm xem của người dùng....",5990000,0,0,0,,,coocaa
180580943,Tivi Casper Internet 43 Inch 43FX6200- Hàng Chính Hãng,"Thiết kế sang trọng, viền màn hình mỏng nhẹSmart Tivi Casper 43 inch 43FX6200 - sự lựa chọn thông minh mở ra thế giới mới cho gia đình bạn. Sản phẩm được thiết kế tinh tế, viền màn hình mỏng nhẹ, ma...",6890000,0,0,0,,,Casper
277976029,Google Tivi QLED TCL Full HD 43 inch 43S5K - Hàng chính hãng,"Nếu bạn đang tìm kiếm một chiếc tivi không chỉ mang đến hình ảnh sắc nét, màu sắc sống động mà còn sở hữu kích thước màn hình lý tưởng để lấp đầy không gian giải trí của gia đình thì  chính là lựa chọ...",6390000,0,0,0,,2.0,TCL
92504473,ULED TIVI AKINO 55 inch TL-HU9 - android - Hàng Chính Hãng (Giao Hàng Toàn Quốc),Chất lượng hình ảnh: - Tỉ lệ tương phản 4000:1- Độ sáng 440 cd/m2- Độ phân giải 4K- Chất lượng hình ảnh Dolby Vision có HDR10- Tính năng Local Dimming: Tự động điều chỉnh vùng sáng và tối để tăng...,6500000,0,0,0,,,AKINO
275987600,Google Tivi Coocaa 4K 65 Inch 65Y73 - Hàng Chính Hãng - Chỉ Giao HCM,"Google Tivi Coocaa 4K 65 inch 65Y73 mỏng nhẹ hiện đại, siêu sắc nétGoogle Tivi Coocaa 4K 65 inch 65Y73 là sự lựa chọn tuyệt vời cho những ai đang tìm kiếm một chiếc tivi thông minh với thiết kế đẹp m...",10099000,6691000,40,0,,,coocaa
278295329,Google Tivi QLED Aqua 4K 43 inch AQT43S800UX- Hàng Chính Hãng - Mới 100%," Màn hình 43 inch phù hợp với các không gian có diện tích nhỏ.Độ phân giải 4K cùng công nghệ màn hình QLED cho hình ảnh hiển sắc nét, sống động.Công nghệ Dolby Vision mang đến trải nghiệm rạp phim tạ...",6018000,3972000,40,0,,,Aqua
23199428,Kệ Tivi 026,"Kích thước: dài 1600 x rộng 350 x cao 500mmVật liệu: MDF phủ Melamine nhập khẩu Thái LanChân gỗ tự nhiên sơn PUPhụ kiện lắp ráp: ray bi 3 tầng, bản lề hơi, bát sắt, ốc liên kết hàng cao cấp...",3010000,580000,16,0,,,OEM
278442629,Google TV Philips 43 inch FullHD LED 43PFT6509 - Hàng Chính Hãng ,"Google TV Philips 43 inch FullHD LED 43PFT6509 với thiết kế đẹp, phù hợp lắp đặt ở mọi nơi.Bạn đang tìm kiếm TV phù hợp nhất cho căn hộ hoặc căn phòng nhỏ hơn? Google TV Philips 43 inch FullHD LED 43...",6190000,0,0,0,,1.0,Philips
25136218,Kệ Tivi 040,"Tên sản phẩm: Kệ Tivi 040Mã sản phẩm: KTV040Kích thước: dài 1600 x rộng 350 x cao 500mmMô tả: 2 hộc cánh mở, 2 hộc kéo, 1 hộc trống tiện dụngVật liệu: MDF phủ Melamine nhập khẩu Thái LanChân gỗ t...",3870000,620000,14,0,,,OEM
23170558,Kệ Tivi 010,"Kích thước: dài 1600 x rộng 350 x cao 500mmVật liệu: MDF phủ Melamine nhập khẩu Thái LanChân gỗ tự nhiên sơn PUPhụ kiện lắp ráp: ray bi 3 tầng, bản lề hơi, bát sắt, ốc liên kết hàng cao cấp...",3010000,580000,16,0,,,OEM
276379164,Android Tivi Aqua 43 inch AQT43K800UG - Hàng chính hãng - Bảo hành 1 đổi 1 trong 730 ngày đối với lỗi màn hình,Thông số cơ bản- Xuất xứ: Việt NamThông số kỹ thuật- Dòng sản phẩm: Entry- Kích thước màn hình (inches): 43- Độ phân giải: 4K- Góc nhìn: 178/178- HDR: Yes- Gamut: NoThông tin âm thanh- Stere...,7490000,0,0,0,,,Aqua
113760019,Kệ Tivi Daily White Bên Jang In 1001400001-03,"Kệ Tivi bên Jang In - Daily White màu trắng ngàTHÔNG TIN SẢN PHẨMThương hiệu: JANG INXuất xứ: Việt NamBộ sưu tập: DAILY WHITEKích cỡ: 485 x 450 x 435 mmMàu sắc: Thân tủ màu Trắng ngà, ch...",3440000,860000,20,0,,,JangIn
25125950,Kệ Tivi 038,"Tên sản phẩm: Kệ Tivi 038Mã sản phẩm: KTV038Kích thước: dài 1600 x rộng 350 x cao 450mmMô tả: 2 hộc cánh mở, 2 hộc kéo, 1 hộc trống tiện dụngVật liệu: MDF phủ Melamine nhậ khẩu Thái LanPhụ kiện l...",3870000,620000,14,0,,,OEM
23193050,Kệ Tivi 021,"Kích thước: dài 1600 x rộng 350 x cao 500 mmMô tả: Kệ gồm 2 hộc cánh mở, 2 hộc kéo, 1 hộc trống tiện dụngVật liệu: MDF phủ Melamine nhập khẩu Thái LanChân gỗ tự nhiên sơn PUPhụ kiện lắp ráp: ray b...",3870000,620000,14,0,,,OEM
160089524,[Trả góp 0%] Kệ Tivi Teramo trắng IBIE nhiều tùy chọn,THÔNG TIN CHI TIẾT:Chất liệu chính: Sắt; Màu sắc: Màu trắng; Thời hạn bảo hành: 24 tháng; Thời gian giao hàng: 7-10 ngày; Phòng chính: Phòng khách; Yêu cầu lắp đặt: Có; Bộ sưu tập: Bộ Venice; Tình tr...,3590000,0,0,0,,,IBIE
73681047,Smart Tivi Casper HD 32 inch 32HX6200,"Thiết kế hiện đại, chắc chắnSmart Tivi Casper HD 32 inch 32HX6200 sở hữu độ phân giải HD đem lại hình ảnh có độ nét cao tối ưu với màn hình kích thước 32 inch, chân đế thiết kế hình chữ V vững chãi ở...",2953000,547000,16,0,,6.0,Casper
28433520,KỆ TIVI 057,Tên sản phẩm: KỆ TIVI 057Mã sản phẩm: KTV057Kích thước: dài 1600 x rộng 350 x cao 500mmMô tả: 3 hộc cánh mở tiện dụngVật liệu: MDF phủ Melamine nhập khẩu Thái LanChân gỗ tự nhiên sơn PUPhụ kiện ...,3870000,620000,14,0,,,OEM
23205823,Kệ Tivi 030,"Kích thước: dài 1600 x rộng 350 x cao 450mmVật liệu: MDF phủ Melamine nhập khẩu Thái LanPhụ kiện lắp ráp: ray bi 3 tầng, bản lề hơi, bát sắt, ốc liên kết cao cấp ...",3870000,620000,14,0,,,OEM
274604306,Smart tivi Samsung 4K 65 inch UA65AU7002KXXV - Hàng chính hãng,Smart Tivi Samsung Crystal UHD 4K - Tái hiện rực rỡ sắc màu cuộc sốngSmart Tivi Samsung Crystal UHD 4K 65 inch UA65AU7002KXXV được trang bị những công nghệ xử lý âm thanh và hình ảnh hiện đại nhất n...,11546000,0,0,0,,,Samsung
160090256,[Trả góp 0%] Kệ Tivi Renzo đen IBIE nhiều tùy chọn,THÔNG TIN CHI TIẾT:Chất liệu chính: Sắt; Màu sắc: Màu đen; Thời hạn bảo hành: 24 tháng; Thời gian giao hàng: 7-10 ngày; Phòng chính: Phòng khách; Yêu cầu lắp đặt: Có; Bộ sưu tập: Bộ Venice; Tình trạn...,3590000,0,0,0,,,IBIE
278636428,"Tivi thông minh LG AI 4K 43 Inch 43UA7350PSB/ 50 Inch 50UA7350PSB/ 55 Inch 55UA7350PSB/ 65 Inch 65UA7350PSB  - Hàng chính hãng, Mới 100%", Màu sắc:ĐenNhà sản xuất:LGXuất xứ:Việt NamNăm ra mắt :2025Thời gian bảo hành:24 ThángĐịa điểm bảo hành:Toàn QuốcLoại Tivi:Smart Tivi Độ phân giải:4KTần số quét:60 HzBộ vi xử lí:Bộ xử lý α7...,7337000,2063000,22,0,,,LG
44615580,Kệ Tivi 059,Tên sản phẩm: KỆ TIVI 059Mã sản phẩm: KTV059Kích thước: dài 1600 x rộng 350 x cao 450mmMô tả: 3 hộc cánh mở tiện dụngVật liệu: ván MDF phủ Melamine nhập khẩu Thái LanChân gỗ tự nhiên sơn PUPhụ k...,3870000,620000,14,1,,1.0,OEM
25182881,Kệ Tivi 043,"Tên sản phẩm: Kệ Tivi 043Mã sản phẩm: KTV043Kích thước: dài 1600 x rộng 350 x cao 450mmMô tả: 2 hộc cánh mở, 2 hộc kéo,2 hộc trống tiện dụngVật liệu: MDF phủ Melamine nhập khẩu Thái LanPhụ kiện l...",3010000,580000,16,0,,,OEM
23186233,Kệ Tivi 018,"Kích thước: dài 1800 x rộng 350 x cao 500mmVật liệu: MDF phủ Melamine nhập khẩu Thái LanChân gỗ tự nhiên sơn PUPhụ kiện lắp ráp: ray bi 3 tầng, bản lề hơi, bát sắt, ốc liên kết hàng cao cấp...",3010000,580000,16,0,,1.0,OEM
23152159,Kệ Tivi 002,"Kích thước: dài 1600 x rộng 350 x cao 450mmMô tả: 2 hộc cánh mở, 3 hộc trống tiện dụng.Vật liệu: MDF phủ Melamine nhập khẩu Thái LanPhụ kiện lắp ráp: ray bi 3 tầng, bản lề hơi, bát sắt, ốc liên kết...",3870000,620000,14,0,,,OEM
160087000,[Trả góp 0%] Kệ Tivi Gavino đen IBIE nhiều tùy chọn,THÔNG TIN CHI TIẾT:Chất liệu chính: Sắt; Màu sắc: Màu đen; Thời hạn bảo hành: 24 tháng; Thời gian giao hàng: 7-10 ngày; Phòng chính: Phòng khách; Yêu cầu lắp đặt: Có; Bộ sưu tập: Bộ Venice; Tình trạn...,3590000,0,0,0,,,IBIE
248237801,Android TV K-Elec Full HD 43LK885V - Hàng nhập khẩu,"Chất lượng hình ảnh siêu sắc nétVới chất lượng hình ảnh Full HD sắc nét và dải màu sắc phong phú, rực rỡ, TV K-Elec mang đến trải nghiệm điện ảnh trọn vẹn với những khung hình sống động, chân thực nh...",8690000,0,0,0,,,K-ELEC
276362981,"Smart Tivi QLED TOSHIBA 55 inch 55M450NP, Màn Hình Quantum Dot 4K UHD -  Giao Hàng Toàn Quốc - Hàng Chính Hãng","TV Toshiba 55 inch M450NP là thiết bị thuộc dòng sản phẩm tivi Toshiba 55M450NP - thế hệ VIDAA tivi màn hình QLED thông minh nhất hiện nay. Với những ưu thế nổi trội từ công nghệ độc quyền, tivi Toshi...",16990000,3300000,16,0,,1.0,Toshiba
23181531,Kệ Tivi 015,"Kích thước: dài 1800 x rộng 350 x cao 500Vật liệu: MDF phủ Melamine nhập khẩu Thái LanChân gỗ tự nhiên sơn PUPhụ kiện lắp ráp: ray bi 3 tầng, bản lề hơi, bát sắt, ốc liên kết hàng cao cấp...",4300000,1690000,28,0,,,OEM
248208320,Android TV K-Elec HD 32LK885V - Hàng nhập khẩu,"Chất lượng hình ảnh siêu sắc nétVới chất lượng hình ảnh Full HD sắc nét và dải màu sắc phong phú, rực rỡ, TV K-Elec mang đến trải nghiệm điện ảnh trọn vẹn với những khung hình sống động, chân thực nh...",6790000,0,0,0,,,K-ELEC
23173203,Kệ Tivi 012,"Kích thước: dài 1600 x rộng 350 x cao 600mmVật liệu: MDF phủ Melamine nhập khẩu Thái LanPhụ kiện lắp ráp: ray bi 3 tầng, bản lề hơi, bát sắt, ốc liên kết hàng cao cấp...",3870000,620000,14,0,,,OEM
160090855,Kệ Tivi Tore mặt tole IBIE nhiều tùy chọn,THÔNG TIN CHI TIẾT:Chất liệu chính: Sắt; Màu sắc: Màu đen; Thời hạn bảo hành: 24 tháng; Thời gian giao hàng: 7-10 ngày; Phòng chính: Phòng khách; Yêu cầu lắp đặt: Có; Bộ sưu tập: Bộ Venice; Tình trạn...,2590000,0,0,0,,1.0,IBIE
275135940,Ti vi smart COOCAA 43S3U-HÀNG CHÍNH HÃNG,"THÔNG SỐ SẢN PHẨMMàn hình43 inchKích thước (có chân đế)954.5 x 199.2 x 603mmTrọng lượng(có chân đế)6kgKết nối KTSDVB-T2, DVB-CCổng internetLANBộ nhớRAM: 512MB + Bộ nhớ trong:...",4499000,0,0,0,,,coocaa
28427204,KỆ TIVI 056,Tên sản phẩm: KỆ TIVI 056Mã sản phẩm: KTV056Kích thước: dài 1600 x rộng 350 x cao 500mmMô tả: 3 hộc cánh mở tiện dụngVật liệu: MDF phủ Melamine nhập khẩu Thái LanChân gỗ tự nhiên sơn PUPhụ kiện ...,3870000,620000,14,0,,,OEM
178093791,Tivi Casper 43 inch 43FG5200 - Hàng chính hãng,"Thiết kế viền mỏng tinh tế giúp nâng tầm không gian nội thấtAndroid Tivi Casper 43 inch 43FG5200 có thiết kế tinh giản, viền mỏng tối ưu cùng kích thước 43 inch dễ dàng bố trí lắp đặt ở những căn ph...",7490000,0,0,0,,,Casper
278309583,Android Tivi Aqua 50 inch AQT50K800UG - Hàng Chính Hãng - Mới 100%,"Thông số kỹ thuật   Tổng quan sản phẩmLoại Tivi:Google TiviKích cỡ màn hình:50 inchĐộ phân giải:4K (Ultra HD)Loại màn hình:Đèn nền: LED nền (Direct LED), Tấm nền: VA LCDHệ điều hành:Google T...",6502000,1988000,23,0,,,Aqua
23207001,Kệ Tivi 032,"Kích thước: dài 1600 x rộng 350 x cao 450mmVật liệu: MDF phủ Melamine nhập khẩu Thái LanPhụ kiện lắp ráp: ray bi 3 tầng, bản lề hơi, bát sắt, ốc liên kết cao cấp...",3870000,620000,14,0,,,OEM
49089541,Tivi LED Sharp HD 32 inch 2T-C32BD1X,"Thiết kế góc nhìn rộng, độ bền caoTivi LED Sharp HD 32 inch 2T-C32BD1X sở hữu với kích cỡ 32 inch cùng góc nhìn rộng lên đến 176º theo cả chiều ngang và chiều dọc, bạn có thể trải nghiệm xem hoàn toà...",3898000,0,0,0,,,Sharp
278436126,Google TV Philips 32 Inch HD LED 32PHT6509 - - Hàng chính hãng ,"Google TV Philips 32 Inch HD LED 32PHT6509 với thiết kế đẹp, phù hợp lắp đặt ở mọi nơi.Bạn đang tìm kiếm TV phù hợp nhất cho căn hộ hoặc căn phòng nhỏ hơn? Google TV Philips 32 Inch HD LED 32PHT6509 ...",4990000,0,0,0,,,Philips
107223650,Smart Tivi LG Full HD 43 inch 43LM5750PTC,GIAO HÀNG VÀ LẮP ĐẶT CÙNG LÚC.Trải nghiệm chuẩn mực Full HDLG TV Full HD mang đến hình ảnh chính xác hơn với độ phân giải tuyệt đẹp với màu sắc sống động. Chất lượng hình ản...,6531000,2169000,25,2,,10.0,LG
14886963,Kệ Tivi FTV017,"Kệ tivi theo phong cánh hiện đại đã được khách hàng tin dùng vì uy tín và chất lượng sản phẩm vượt trội. Kệ Tivi sản phẩm rất cần thiết cho không gian phòng khách, phòng ngủ và phòng giải trí. Sản ph...",3550000,2350000,40,0,,1.0,OEM
278592360,"Smart Tivi Hisense 43 inch FHD 43A4Q, Giao hàng toàn quốc, Bảo hành 2 năm - HÀNG CHÍNH HÃNG","Smart Tivi Hisense 43 inch 43A4QSmart Tivi Hisense 43 inch 43A4Q sở hữu độ phân giải FHD mang đến chất lượng hình ảnh sắc nét, màu sắc chân thực nhờ công nghệ Depth Enhancer và Pixel Tuning. Công ngh...",5990000,4000000,40,0,,,Hisense
220682758,Kệ tivi mẫu mới HC-319,"Kệ tivi thương hiệu là dòng kệ tivi được sản xuất bằng chất liệu gỗ công nghiệp MDF,  sản xuất kệ tivi với nhiều kiểu dáng từ hiện đại tới cổ điển phù hợp với mọi không gian gia đình Việt. Phòng khác...",1864500,0,0,0,,,HUCHU
276860956,"Android Tivi LED Hisense 32 inch 32A4N trợ lý ảo Google Voice Control, bảo hành chính hãng 2 năm - Hàng Chính Hãng","Android Tivi LED Hisense 32 inch 32A4N sở hữu màn hình lớn 32 inch, công nghệ âm thanh vòm DTS Virtual X thể hiện chất âm sống động, nhiều công nghệ hình ảnh tăng cường chất lượng hiển thị như High Co...",5990000,0,0,0,,,Hisense
276412012,Google Tivi Aqua QLED 4K 43 inch AQT43S800UX - Freeship toàn quốc - Bảo hành 1 đổi 1 trong 730 ngày đối với lỗi màn hình - Hàng chính hãng,"Tổng quan sản phẩmLoại Tivi: Google Tivi QLEDKích cỡ màn hình: 43 inchĐộ phân giải: 4KLoại màn hình: Đèn nền: LED nền (Direct LED), Tấm nền: VA LCDHệ điều hành: Google TVChất liệu ch...",9990000,0,0,0,,,Aqua
247416137,Kệ Tivi 2 cánh kính Juno Sofa 150 x 45 x 50 cm,"*** Quý khách hàng vui lòng chọn sản phẩm nhà bán JUNO SOFA để nhận được sản phẩm đúng với chất lượng *** Kích Thước Phủ Bì ( Ngang x Sâu x Cao )cmKệ Ti Vi , CD + 2 Cánh Kính  - 01 Cái Kích Thư...",4090000,837000,17,0,,,Tundo
278592401,"Smart Tivi Hisense 43 inch QLED 4K 43Q6Q, Lắp đặt toàn quốc - HÀNG CHÍNH HÃNG","Smart Tivi Hisense QLED 4K Q6Q sắc nét đến từng chi tiết, sở hữu công nghệ Quantum Dot, Dolby Vision và Dolby Atmos mang đến hình ảnh sống động và âm thanh sống thực như rạp chiếu. Hệ điều hành VIDAA/...",7990000,5000000,38,0,,,Hisense
160089606,[Trả góp 0%] Kệ Tivi Taranto trắng IBIE nhiều tùy chọn,"Kệ tivi Taranto được làm từ chất liệu chính là sắt dày sơn tĩnh điện bền đẹp, màu sắc đa dạng. Mặt kệ có thể thay đổi chất liệu như gỗ, đá... Hộc kéo gỗ MDF sơn PU chống thấm, chống trầy, tùy chọn các...",3690000,0,0,0,,,IBIE
13776528,Kệ Tivi BL404 ,"- Đường nét tinh tế và hiện đại phù hợp với phong cách Việt Nam.- Ngăn trên mở rộng tiện lợi để đầu máy, đầu đĩa, máy hát hoặc amply. - 2 ngăn kéo phía dưới rất rộng cất giữ các thiết bị liên quan h...",2790000,400000,13,0,,,OEM
160088907,[Trả góp 0%] Kệ Tivi Renzo trắng IBIE nhiều tùy chọn,THÔNG TIN CHI TIẾT:Chất liệu chính: Sắt; Màu sắc: Màu trắng; Thời hạn bảo hành: 24 tháng; Thời gian giao hàng: 7-10 ngày; Phòng chính: Phòng khách; Yêu cầu lắp đặt: Có; Bộ sưu tập: Bộ Venice; Tình tr...,3590000,0,0,0,,,IBIE
278310014,Google Tivi Aqua QLED 4K 43 inch AQT43S80EUX - Hàng Chính Hãng - Mới 100%,"Đặc điểm nổi bậtThiết kế màn hình QLED 43 inch, độ phân giải 4K UHD rõ nét từng chi tiết.Công nghệ MEMC giảm thiểu tối đa tình trạng mờ nhòe, mang lại những khung hình chuyển động nhanh với tốc độ ca...",6018000,2482000,29,1,,1.0,Aqua
196157208,Kệ tivi để sàn lật mặt thương hiệu HC-TV1,"Mã sản phẩm: HC-TV1Chất liệu: Gỗ MDF phủ Melamin chống xước bề mặt cao.Kích thước (D x R x C): (D)1800mm/1600mmx (R)400mmx (C)450mm Màu sắc:  trắng/ đen bóngPhụ kiện: Bản lề, ốc vít, phụ kiện cơ b...",1441000,0,0,0,,,HUCHU
276412004,Google Tivi Aqua QLED 4K 43 inch AQT43S80EUX - Freeship toàn quốc - Bảo hành 1 đổi 1 trong 730 ngày đối với lỗi màn hình - Hàng chính hãng,"Tổng quan sản phẩmLoại Tivi: Google Tivi QLEDKích cỡ màn hình: 43 inchĐộ phân giải: 4KLoại màn hình: Đèn nền: LED nền (Direct LED), Tấm nền: VA LCDHệ điều hành: Google TVChất liệu ch...",9990000,0,0,0,,,Aqua
118792385,"STADDI, Kệ tivi gỗ cao cấp, Chính hãng VAV","STADDI, Kệ tivi được thiết kế kích thước phù hợp với các không gian nhỏ hẹp.Thiết kế mạch lạc, tối giản, giúp không gian của bạn tinh tế hơn.-----------------------------------------------------Vật l...",1999000,0,0,0,,,VAV 
160086910,[Trả góp 0%] Kệ Tivi Varo IBIE nhiều tùy chọn,THÔNG TIN CHI TIẾT:Chất liệu chính: Sắt; Màu sắc: Màu trắng; Thời hạn bảo hành: 24 tháng; Thời gian giao hàng: 7-10 ngày; Phòng chính: Phòng khách; Yêu cầu lắp đặt: Có; Bộ sưu tập: Bộ Venice; Tình tr...,2390000,0,0,0,,,IBIE
14875194,Kệ Tivi FTV002,"Kệ tivi theo phong cánh hiện đại đã được khách hàng tin dùng vì uy tín và chất lượng sản phẩm vượt trội. Kệ Tivi sản phẩm rất cần thiết cho không gian phòng khách, phòng ngủ và phòng giải trí. Sản ph...",3980000,1920000,33,0,,,OEM
160089652,[Trả góp 0%] Kệ Tivi Davide đen IBIE nhiều tùy chọn,THÔNG TIN CHI TIẾT:Chất liệu chính: Sắt; Màu sắc: Màu đen; Thời hạn bảo hành: 24 tháng; Thời gian giao hàng: 7-10 ngày; Phòng chính: Phòng khách; Yêu cầu lắp đặt: Có; Bộ sưu tập: Bộ Venice; Tình trạn...,3890000,0,0,0,,,IBIE
75727867,Kệ tivi gỗ hiện đại SMLIFE Talia,Kệ Tivi gỗ hiện đại SMLIFE Talia là một sự bổ sung hoàn hảo cho phòng khách của bạn. Kệ tivi Talia được thiết kế độc đáo mang đến một không gian lớn để lưu trữ các thiết bị điện tử hoặc vật dụng trang...,1493000,0,0,0,,,SMLIFE
121610064,Kệ tivi gia đình đẹp phong cách hiện đại SMLIFE Torah,Kệ Tivi gỗ SMLIFE Torah là một sự bổ sung hoàn hảo cho phòng khách của bạn. Kệ Tivi gỗ hiện đại SMLIFE được thiết kế độc đáo mang đến một không gian lớn để lưu trữ các thiết bị điện tử hoặc vật dụng t...,893000,0,0,0,,,SMLIFE
277389947,Khung mâm chính hãng CP giá treo tivi led cố định cho mọi hãng tivi từ 43-100 inch kèm ốc vít K100 - Hàng Chính Hãng,"Thông số kỹ thuật:️Tên sản phẩm: giá treo tivi thẳng tường, khung tivi áp tường️Xuất xứ: Việt Nam️Thương hiệu:  Chánh Phát️Chất liệu: thép sắt, sơn tĩnh điện cao cấp️Trọng lượng: chịu tô...",427000,0,0,0,,,CP
120672593,Kệ tivi gắn tường cho phòng ngủ SMLIFE Taelia,Kệ Tivi gỗ SMLIFE Taelia là một sự bổ sung hoàn hảo cho phòng khách của bạn. Kệ Tivi gỗ hiện đại SMLIFE được thiết kế độc đáo mang đến một không gian lớn để lưu trữ các thiết bị điện tử hoặc vật dụng ...,1308000,0,0,0,,,SMLIFE
273386285,Khung mâm chính hãng CP giá treo tivi led cố định cho mọi hãng tivi từ 43-100 inch kèm ốc vít M100 - Hàng Chính Hãng,"Thông số kỹ thuật:️Tên sản phẩm: giá treo tivi thẳng tường, khung tivi áp tường️Xuất xứ: Việt Nam️Chất liệu: thép sắt, sơn tĩnh điện cao cấp️Trọng lượng: chịu tối đa dành cho tivi từ 70...",116000,0,0,0,,7.0,CP
90135132,Kệ tivi phòng ngủ sang trọng SMLIFE Tenzing,Kệ Tivi gỗ hiện đại SMLIFE Tenzing là một sự bổ sung hoàn hảo cho phòng khách của bạn. Kệ tivi Tenzing được thiết kế độc đáo mang đến một không gian lớn để lưu trữ các thiết bị điện tử hoặc vật dụng t...,2940000,0,0,1,,1.0,SMLIFE
120673385,Tủ tivi phòng ngủ phong cách hiện đại SMLIFE Tseng,Kệ Tivi gỗ SMLIFE Tseng là một sự bổ sung hoàn hảo cho phòng khách của bạn. Kệ Tivi gỗ hiện đại SMLIFE được thiết kế độc đáo mang đến một không gian lớn để lưu trữ các thiết bị điện tử hoặc vật dụng t...,3863000,0,0,0,,,SMLIFE
120673127,Kệ tivi gỗ đẹp cho phòng ngủ gia đình SMLIFE Tailong,Kệ Tivi gỗ SMLIFE Tailong là một sự bổ sung hoàn hảo cho phòng khách của bạn. Kệ Tivi gỗ hiện đại SMLIFE được thiết kế độc đáo mang đến một không gian lớn để lưu trữ các thiết bị điện tử hoặc vật dụng...,1792000,0,0,0,,,SMLIFE
196897091,"GIÁ TREO TIVI DI ĐỘNG 32-75 INCH,HÀNG CHÍNH HÃNG","KHUNG TREO TIVI DI ĐỘNG 32-75 INCH (E1900)Thiết kế linh động, trọng lượng nhẹ Điều chỉnh chiều cao TV độc đáo và thuận tiện Quản lý cáp được thiết kế tích hợp trên than giá Khóa an toàn được thiết...",780000,0,0,8,,58.0,North Bayou
278442833,Google TV Philips 50 inch 4K UHD LED 50PUT7029 - Hàng Chính Hãng ,Google TV Philips 50 inch 4K UHD LED 50PUT7029 - Giao diện hiện đại. Hoạt động thông minh hình ảnh sống động.Google TV Philips 50 inch 4K UHD LED 50PUT7029 với độ phân giải 4K luôn mang đến hình ảnh...,9900000,0,0,0,,,Philips
278444779,Google TV Philips 65 Inch 4K UHD QLED 65PQT8169  - Hàng Chính Hãng ,Google TV Philips 65 Inch 4K UHD QLED 65PQT8169 với giao diện hiện đại. Hoạt động thông minh. Hình ảnh sống động.TV màn hình QLED của Philips với độ phân giải 4K UHD luôn mang đến hình ảnh sống động...,17690000,0,0,0,,,Philips
248259119,Android TV K-Elec 55UK885V - Hàng nhập khẩu,"Chất lượng hình ảnh siêu sắc nétVới chất lượng hình ảnh Full HD sắc nét và dải màu sắc phong phú, rực rỡ, TV K-Elec mang đến trải nghiệm điện ảnh trọn vẹn với những khung hình sống động, chân thực nh...",16990000,0,0,0,,,K-ELEC
37553252,Kệ TV Gỗ Hiện Đại A9310TV - Màu Trắng,"Kệ TV gỗ MFC với bề mặt cánh tủ sáng màu tạo nên sự hiện đại và sang trọng cho không gian phòng khách ấm áp của nhà bạn.Gỗ MFC qua xử lí để loại bỏ gần như hoàn toàn những tác nhân gây mối mọt, ẩm mố...",5440000,2060000,27,0,,,OEM
276090972,Ổ cắm TV,"Mã sản phẩm: WEV2501SWChất liệu: NhựaMàu sắc: Trắng75 OhmĐóng gói:10 cái/hộp, 100 cái/thùngTHÔNG TIN SẢN PHẨMỔ cắm TV  Panasonic WEV2501SW được thiết kế theo công nghệ hiện đại của Nhật Bản và...",82000,0,0,0,,,Panasonic
160087574,[Trả góp 0%] Kệ Tivi Felice trắng IBIE nhiều tùy chọn,THÔNG TIN CHI TIẾT:Chất liệu chính: Sắt; Màu sắc: Màu trắng; Thời hạn bảo hành: 24 tháng; Thời gian giao hàng: 7-10 ngày; Phòng chính: Phòng khách; Yêu cầu lắp đặt: Có; Bộ sưu tập: Bộ Venice; Tình tr...,3590000,0,0,0,,,IBIE
75725777,Kệ tivi treo tường đẹp SMLIFE Tobey,Kệ Tivi gỗ hiện đại SMLIFE Tobey là một sự bổ sung hoàn hảo cho phòng khách của bạn. Kệ tivi Tobey được thiết kế độc đáo mang đến một không gian lớn để lưu trữ các thiết bị điện tử hoặc vật dụng trang...,1919000,0,0,0,,1.0,SMLIFE
121610062,Kệ tivi gia đình mang phong cách hiện đại đẹp SMLIFE Topaz,Kệ Tivi gỗ SMLIFE Topaz là một sự bổ sung hoàn hảo cho phòng khách của bạn. Kệ Tivi gỗ hiện đại SMLIFE được thiết kế độc đáo mang đến một không gian lớn để lưu trữ các thiết bị điện tử hoặc vật dụng t...,1576000,0,0,0,,,SMLIFE
90135095,Kệ tivi gỗ hiện đại SMLIFE Trixie,Kệ Tivi gỗ hiện đại SMLIFE Trixie là một sự bổ sung hoàn hảo cho phòng khách của bạn. Kệ tivi Trixie được thiết kế độc đáo mang đến một không gian lớn để lưu trữ các thiết bị điện tử hoặc vật dụng tra...,2436800,0,0,0,,,SMLIFE
189088209,Kệ tivi treo tường bo cong không cánh TD687,"Chất liệu: Gỗ MD  phủ Melamin Kích thước: 120x20x24cmMàu sắc:  trắng đenPhụ kiện: Bản lề, ốc vít, phụ kiện cơ bản cho việc lắp đặtBảo hành: 12 thángGiao hàng: Giao hàng toàn quốc....",469700,0,0,0,,1.0,HUCHU
196154938,Kệ tivi để sàn di động HC-7,"Mã sản phẩm: HC-7Chất liệu: Gỗ MDF phủ Melamin chống xước bề mặt cao.Kích thước (D x R x C): (D)1800mm x (R)350mmx (C)350mm Màu sắc: trắng/ đen/ bóng, chì xám kết hợp màu vân sồi, màu gỗ óc chó.Ph...",1527900,0,0,0,,2.0,HUCHU
120673169,Kệ tivi gia đình phong cách hiện đại SMLIFE Turles,Kệ Tivi gỗ SMLIFE Turles là một sự bổ sung hoàn hảo cho phòng khách của bạn. Kệ Tivi gỗ hiện đại SMLIFE được thiết kế độc đáo mang đến một không gian lớn để lưu trữ các thiết bị điện tử hoặc vật dụng ...,3941000,0,0,0,,,SMLIFE
120671427,Kệ TV hiện đại cho phòng khách gia đình SMLIFE Tenchi,Kệ Tivi gỗ SMLIFE Tenchi là một sự bổ sung hoàn hảo cho phòng khách của bạn. Kệ Tivi gỗ hiện đại SMLIFE được thiết kế độc đáo mang đến một không gian lớn để lưu trữ các thiết bị điện tử hoặc vật dụng ...,2065000,0,0,0,,,SMLIFE
45336996,kệ tivi để sàn rút gọn,"kích thước Rộng 140-210cm, cao 42cm, sâu 30cmchất liệu Gỗ MDF phủ Min / Độ Dày 17mmmô hình Tháo Lắp Ráptrọng lượngmàu sắc Trắng - Đen - Vân Sồi- Lắp ráp và sử dụng ngay- Bề mặt chống trầy xước- Không...",1166000,0,0,0,,5.0,HUCHU
120673212,Kệ tivi gia đình thiết kế đơn giản sang trọng SMLIFE Tecna,Kệ Tivi gỗ SMLIFE Tecna là một sự bổ sung hoàn hảo cho phòng khách của bạn. Kệ Tivi gỗ hiện đại SMLIFE được thiết kế độc đáo mang đến một không gian lớn để lưu trữ các thiết bị điện tử hoặc vật dụng t...,1472000,0,0,0,,,SMLIFE
278138956,Smart Tivi LG 4K 43 Inch 43UA8450PSA- Hàng Chính Hãng,"Trong kỷ nguyên số hiện nay, chiếc tivi không chỉ đơn thuần là một thiết bị trình chiếu mà còn là trung tâm giải trí đa phương tiện của mọi gia đình. Nắm bắt xu hướng đó, LG đã không ngừng cải tiến và...",11400000,0,0,0,,40.0,LG
75725765,Kệ tivi treo tường đẹp SMLIFE Timmy,Kệ Tivi gỗ hiện đại SMLIFE Timmy là một sự bổ sung hoàn hảo cho phòng khách của bạn. Kệ tivi Timmy được thiết kế độc đáo mang đến một không gian lớn để lưu trữ các thiết bị điện tử hoặc vật dụng trang...,5570000,0,0,0,,,SMLIFE
3530257,Tủ TV Romsey Góc Gỗ Sồi IBIE TVROMCO,THÔNG TIN CHI TIẾT:Chất liệu chính: Gỗ sồi/ Veneer; Màu sắc: Màu tự nhiên; Thời hạn bảo hành: 24 tháng; Thời gian giao hàng: 7-10 ngày; Phòng chính: Phòng khách; Phòng khác: Phòng ngủ; Yêu cầu lắp đặ...,5590000,0,0,0,,,IBIE
102734334,Kệ Tivi Gỗ MDF Phủ Melamine Cao Cấp Viva Gía Rẻ,"Kệ Tivi Gỗ MDF Phủ Melamine Cao Cấp Viva Gía RẻChất liệu: gỗ công nghiệp MDF phủ melmaine cao cấpSắc màu: màu nâu cánh xámThiết kế: Kiểu dáng hiện đại, đa năng phù hợp cho nội thất chung cư nhà phố.Kí...",2000000,0,0,0,,,Vi Va
120672265,Kệ tivi gia đình thiết kế đa năng SMLIFE Taomao,Kệ Tivi gỗ SMLIFE Taomao là một sự bổ sung hoàn hảo cho phòng khách của bạn. Kệ Tivi gỗ hiện đại SMLIFE được thiết kế độc đáo mang đến một không gian lớn để lưu trữ các thiết bị điện tử hoặc vật dụng ...,1847000,0,0,0,,,SMLIFE
120673145,Mẫu kệ tivi phòng ngủ thanh lịch SMLIFE Teppa,Kệ Tivi gỗ SMLIFE Teppa là một sự bổ sung hoàn hảo cho phòng khách của bạn. Kệ Tivi gỗ hiện đại SMLIFE được thiết kế độc đáo mang đến một không gian lớn để lưu trữ các thiết bị điện tử hoặc vật dụng t...,3018000,0,0,0,,,SMLIFE
75725775,Kệ tivi treo tường đơn giản SMLIFE Townes,Kệ Tivi gỗ hiện đại SMLIFE Townes là một sự bổ sung hoàn hảo cho phòng khách của bạn. Kệ tivi Townes được thiết kế độc đáo mang đến một không gian lớn để lưu trữ các thiết bị điện tử hoặc vật dụng tra...,2330000,0,0,0,,,SMLIFE
75716693,Kệ TV hiện đại bằng gỗ cho phòng ngủ SMLIFE Tyne,Kệ Tivi gỗ hiện đại SMLIFE Tyne là một sự bổ sung hoàn hảo cho phòng khách của bạn. Kệ tivi Tyne được thiết kế độc đáo mang đến một không gian lớn để lưu trữ các thiết bị điện tử hoặc vật dụng trang t...,1182000,0,0,0,,,SMLIFE
278313667,Smart Tivi LG AI 4K 50 inch 50UA8450PSA - Hàng Chính Hãng - Mới 100%,"Đặc điểm nổi bậtTivi 50 inch thiết kế thanh mảnh độ phân giải 4K cho trải nghiệm hình ảnh sống động.HDR10 hỗ trợ tái tạo vùng sáng tối hiệu quả, cải thiện độ sâu và độ tương phản khung hình.Bộ xử lý ...",10724000,5176000,33,0,,,LG
75724082,Kệ gỗ tivi đẹp cho phòng ngủ gia đình SMLIFE Tentree,Kệ Tivi gỗ hiện đại SMLIFE Tentree là một sự bổ sung hoàn hảo cho phòng khách của bạn. Kệ tivi Tentree được thiết kế độc đáo mang đến một không gian lớn để lưu trữ các thiết bị điện tử hoặc vật dụng t...,2613000,0,0,1,,1.0,SMLIFE
276048808,"GIÁ TREO TIVI DI ĐỘNG 32-70INCH,HÀNG CHÍNH HÃNG","Khung treo Tivi di động MK 70 32″-70″Giá treo tivi di động nhập khẩu MK70 dùng cho tivi 32-70inch, màu đen, được thiết kế để có thể sử dụng cho các tivi có trọng lượng lên đến 100 lbs (45.5kg) hoặc Mà...",850000,0,0,1,,12.0,HOÀNG THỊNH
120672246,Kệ để tivi gỗ cho phòng khách gia đình SMLIFE Tauton,Kệ Tivi gỗ SMLIFE Tauton là một sự bổ sung hoàn hảo cho phòng khách của bạn. Kệ Tivi gỗ hiện đại SMLIFE được thiết kế độc đáo mang đến một không gian lớn để lưu trữ các thiết bị điện tử hoặc vật dụng ...,1833000,0,0,0,,1.0,SMLIFE
75719348,Kệ tivi gỗ cho phòng ngủ giá rẻ SMLIFE Tamron,Kệ Tivi gỗ hiện đại SMLIFE Tamron là một sự bổ sung hoàn hảo cho phòng khách của bạn. Kệ tivi Tamron được thiết kế độc đáo mang đến một không gian lớn để lưu trữ các thiết bị điện tử hoặc vật dụng tra...,5097000,0,0,0,,,SMLIFE
274887957,GOOGLE TI VI 43 ASANZO-43EX9- ĐIỀU KHIẾU GIỌNG NÓI- HÀNG CHÍNH HÃNG,"GOOGLE TV 43"" - 43EX9SmartTV thương hiệu Việt đầu tiên chạy HĐH Google TVĐược trang bị công nghệ HDR10, hình ảnh chân thực sắc nét, độ tương phản caoCông nghệ âm thanh vòm Dolby Audio sống...",5199000,0,0,0,,1.0,Asanzo
120671415,Kệ TV gỗ phòng ngủ nhỏ gọn tiện dụng SMLIFE Tadao,Kệ Tivi gỗ SMLIFE Tadao là một sự bổ sung hoàn hảo cho phòng khách của bạn. Kệ Tivi gỗ hiện đại SMLIFE được thiết kế độc đáo mang đến một không gian lớn để lưu trữ các thiết bị điện tử hoặc vật dụng t...,1670000,0,0,0,,,SMLIFE
273380470,Khung mâm chính hãng Cảnh Phong giá treo tivi led cố định cho mọi hãng tivi từ 32-65 inch kèm ốc vít M65 - Hàng Chính Hãng,"Thông số kỹ thuật:️Tên sản phẩm: giá treo tivi thẳng tường, khung tivi áp tường️Xuất xứ: Việt Nam️Chất liệu: thép sắt, sơn tĩnh điện cao cấp️Trọng lượng: chịu tối đa dành cho tivi từ 60...",89000,0,0,0,,2.0,CP
75716706,Kệ tivi gia đình gắn tường nhỏ gọn SMLIFE Tamera,Kệ Tivi gỗ hiện đại SMLIFE Tamera là một sự bổ sung hoàn hảo cho phòng khách của bạn. Kệ tivi Tamera được thiết kế độc đáo mang đến một không gian lớn để lưu trữ các thiết bị điện tử hoặc vật dụng tra...,953000,0,0,0,,,SMLIFE
120673151,Kệ tivi gia đình thiết kế thông minh thanh lịch SMLIFE Todaji,Kệ Tivi gỗ SMLIFE Todaji là một sự bổ sung hoàn hảo cho phòng khách của bạn. Kệ Tivi gỗ hiện đại SMLIFE được thiết kế độc đáo mang đến một không gian lớn để lưu trữ các thiết bị điện tử hoặc vật dụng ...,4364000,0,0,0,,,SMLIFE
275020992,Google Tivi LED Sony 4K 55 inch K-55S30 VN3 - Hàng Chính Hãng,NHÀ BÁN HÀNG CAM KẾT: - SẢN PHẨM MỚI 100% - ĐƯỢC BẢO HÀNH CHÍNH HÃNG (Hãng trực tiếp bảo hành sản phẩm cho quý khách hàng theo chính sách).- QUÝ KHÁCH ĐƯỢC QUYỀN KHUI THÙNG KIỂM TRA TRƯỚC KHI THANH...,16049000,10941000,41,0,,,Sony
120672717,Kệ TV phòng ngủ hiện đại dạng thấp SMLIFE Tokashiki,Kệ Tivi gỗ SMLIFE Tokashiki là một sự bổ sung hoàn hảo cho phòng khách của bạn. Kệ Tivi gỗ hiện đại SMLIFE được thiết kế độc đáo mang đến một không gian lớn để lưu trữ các thiết bị điện tử hoặc vật dụ...,3539000,0,0,0,,,SMLIFE
278521879,"[SP Mới 2025] Smart Tivi Toshiba 65 inch AI 4K UHD 65C350RP, Giao Hàng Toàn Quốc, Bảo Hành 24 Tháng, Hàng Chính Hãng",Thông tin nổi bật của Smart TV TOSHIBA 65 inch AI 4K UHD 65C350RP- Độ phân giải: 4K (Utra HD)- Hệ điều hành: VIDAA TV- Tần số quét thực: 60 Hz- Tổng công suất loa: 24W- Bộ xử lý: Regza Engine ZR ...,14990000,2000000,12,0,,,Toshiba
278314448,Smart Tivi LG QNED AI 4K 43 Inch 43QNED80ASA/ 50 Inch 50QNED80ASA/ 55 Inch 55QNED80ASA /65 Inch 65QNED80ASA/ 75 Inch 75QNED80ASA/ 86 Inch 86QNED80ASA - Hàng Chính Hãng - Mới 100%,Thông số kỹ thuật Smart Tivi LG QNED AI 4K 43 Inch 43QNED80ASA/ 50 Inch 50QNED80ASA/ 55 Inch 55QNED80ASA /65 Inch 65QNED80ASA/ 75 Inch 75QNED80ASA/ 86 Inch 86QNED80ASAĐặc điểm sản phẩmModel:43QNED8...,11907000,1993000,14,0,,,LG
278138910,Smart Tivi LG AI 4K 50 Inch 50UA8450PSA- Hàng Chính Hãng," không chỉ là thiết bị để xem truyền hình mà còn là trung tâm kết nối và giải trí đa phương tiện. Nhờ sở hữu bộ xử lý tiên tiến cùng nhiều công nghệ nghe nhìn hiện đại, tivi này hứa hẹn sẽ mang đến tr...",13590000,0,0,0,,1.0,LG
277501123,Kệ tivi treo tường-kệ tivi phong khách tv01,Bộ Kệ Tivi Màu sắc : Đỏ - Đen - Trắng- nâu vân gỗ- vàng vân gỗKích thước: Bộ kệ gồm 1 kệ tivi:ngang 1m6 cao 25cm sâu 30cm. gỗ dày 15mmKhông bao gồm phí vận chuyển và lắp đặtBộ sản phẩm đã bao gồm ...,1045000,0,0,0,,,HUCHU
120673383,Kệ tivi gia đình thiết kế đa năng SMLIFE Teheran,Kệ Tivi gỗ SMLIFE Teheran là một sự bổ sung hoàn hảo cho phòng khách của bạn. Kệ Tivi gỗ hiện đại SMLIFE được thiết kế độc đáo mang đến một không gian lớn để lưu trữ các thiết bị điện tử hoặc vật dụng...,2503000,0,0,0,,,SMLIFE
253313239,Kệ Tivi 3 Cánh Sole Thương Hiệu SIB Decor,"* Lắp ráp và vận chuyển:+ Tại TP.HCM: 100% freeship. SIB Decor giao tận nơi, lắp ráp hoàn thiện cho khách hàng tại TP.HCM (trừ Cần Giờ) từ 1-3 ngày (thứ 2 - thứ 7).+ Các tỉnh/Tp khác: SIB Decor có g...",1845000,605000,25,0,,,SIB DECOR
278138258,Smart Tivi LG AI 4K 55 Inch 55UA8450PSA- Hàng Chính Hãng," là lựa chọn lý tưởng cho những ai tìm kiếm một chiếc tivi thông minh, hiện đại và hòa quyện hoàn hảo với không gian sống. Với thiết kế tinh tế, công nghệ hình ảnh sắc nét và âm thanh sống động, sản p...",15590000,0,0,2,,213.0,LG
45862345,BỘ KỆ TIVI TREO TƯỜNG ZICZAC - NT701A - MÀU TRẮNG,"HƯỚNG DẪN LẮP KỆ GỖ TREO TƯỜNG ĐƠN GIẢN1. Chuẩn bị dụng cụ và xác định vị trí lắp kệ gỗ treo tườngĐể lắp được kệ gỗ treo tường, các bạn cần chuẩn bị một số dụng cụ cần thiết như: Thước thăng bằng ...",3770000,730000,16,1,,1.0,OEM
19928605,Giá Treo Tivi Đa Năng Góc Xoay 180° - Nhập khẩu | Dùng Cho Tivi 32-55 Inch,"Giới thiệu sản phẩm:- Giá treo tivi đa năng góc xoay 180° của chúng tôi đã rất phổ biến trên thị trường, nó được thiết kế để người dùng có thể dễ dàng sử dụng nhất. Đây là phiên bản nâng cấp của mẫu ...",220000,0,0,7,,24.0,NB
90135137,Kệ tivi gỗ hiện đại SMLIFE Troian,Kệ Tivi gỗ hiện đại SMLIFE Troian là một sự bổ sung hoàn hảo cho phòng khách của bạn. Kệ tivi Troian được thiết kế độc đáo mang đến một không gian lớn để lưu trữ các thiết bị điện tử hoặc vật dụng tra...,2751000,0,0,0,,,SMLIFE
278311336,Smart Tivi LG AI 4K 55 inch 55UA8450PSA - Hàng Chính Hãng - Mới 100%,"Đặc điểm nổi bậtTivi 55 inch thiết kế nhỏ gọn, viền mỏng kết hợp màn hình độ phân giải 4K.HDR10 tăng cường khả năng thể hiện chi tiết trong cả vùng sáng và tối, nâng cao chiều sâu hình ảnh.Bộ xử lý α...",11316000,8084000,42,0,,,LG
75716708,Kệ tivi treo tường hiện đại cho phòng khách SMLIFE Tilda,Kệ Tivi gỗ hiện đại SMLIFE Tilda là một sự bổ sung hoàn hảo cho phòng khách của bạn. Kệ tivi Tilda được thiết kế độc đáo mang đến một không gian lớn để lưu trữ các thiết bị điện tử hoặc vật dụng trang...,920000,0,0,0,,,SMLIFE
120672278,Kệ tivi gia đình đẹp phong cách hiện đại SMLIFE Toutousai,Kệ Tivi gỗ SMLIFE Toutousai là một sự bổ sung hoàn hảo cho phòng khách của bạn. Kệ Tivi gỗ hiện đại SMLIFE được thiết kế độc đáo mang đến một không gian lớn để lưu trữ các thiết bị điện tử hoặc vật dụ...,2432000,0,0,3,,5.0,SMLIFE
278531000,Smart Tivi LG QNED AI 4K 50 Inch 50QNED80ASA - Hàng Chính Hãng," là sự kết hợp hoàn hảo giữa công nghệ tiên tiến và thiết kế hiện đại, mang đến trải nghiệm giải trí tuyệt vời cho mọi gia đình. Chiếc tivi này nổi bật với màn hình 4K sắc nét, âm thanh vòm sống động ...",15390000,0,0,0,,3.0,LG
102617679,Kệ Tivi Gỗ MDF Phủ Melamine Màu Vàng Cánh Trắng ViVa Đẹp Gía Rẻ,"Kệ Tivi Gỗ MDF Phủ Melamine Màu Vàng Cánh Trắng ViVa Đẹp Gía RẻChất liệu : MDF cao cấp nhập khẩu Malaysia, bề mặt phủ Melamine chống trầy xước, chống nước.Màu sắc : Vàng Cánh trắngMột chiếc kệ tivi là...",2000000,0,0,0,,,Vi Va
275357035,Kệ tivi gỗ Juno Sofa kích thước ngang 179 x sâu 48 x cao 61 cm,"*** Quý khách hàng vui lòng chọn sản phẩm nhà bán JUNO SOFA để nhận được sản phẩm đúng với chất lượng *** Kích Thước Phủ Bì ( Ngang x Sâu x Cao )cmTủ Kệ Ti Vi , CD , VCD Kích Thước ( Ngang 179 x...",4090000,1000000,20,0,,,Tundo
278442845,Google TV Philips 55 inch 4K UHD LED 55PUT7029 - Hàng Chính Hãng ,Google TV Philips 55 inch 4K UHD LED 55PUT7029 - Giao diện hiện đại. Hoạt động thông minh hình ảnh sống động.Google TV Philips 55 inch 4K UHD LED 55PUT7029 với độ phân giải 4K luôn mang đến hình ảnh...,11590000,0,0,0,,,Philips
120671722,Kệ tivi gia đình bằng gỗ công nghiệp nhỏ gọn SMLIFE Torisuma,Kệ Tivi gỗ SMLIFE Torisuma là một sự bổ sung hoàn hảo cho phòng khách của bạn. Kệ Tivi gỗ hiện đại SMLIFE được thiết kế độc đáo mang đến một không gian lớn để lưu trữ các thiết bị điện tử hoặc vật dụn...,4211000,0,0,0,,,SMLIFE
196906158,Tủ tivi 4 ngăn kéo Juno Sofa 138 x 48.5 x 89.5 cm,"*** Quý khách hàng vui lòng chọn sản phẩm nhà bán JUNO SOFA để nhận được sản phẩm đúng với chất lượng *** Kích Thước Phủ Bì ( Ngang x Sâu x Cao )cmTủ Ti Vi , CD , Vcd + 04 Hộc Kéo - 01 Cái Kích Th...",3760000,2140000,36,0,,,Juno Sofa
276412010,Google Tivi Aqua QLED 4K 50 inch AQT50S80EUX - Freeship toàn quốc - Bảo hành 1 đổi 1 trong 730 ngày đối với lỗi màn hình - Hàng chính hãng,"Tổng quan sản phẩmLoại Tivi: Google Tivi QLEDKích cỡ màn hình: 50 inchĐộ phân giải: 4KLoại màn hình: Đèn nền: LED nền (Direct LED), Tấm nền: VA LCDHệ điều hành: Google TVChất liệu ch...",11990000,0,0,0,,,Aqua
274604297,Smart tivi QLED 4K 43 inch Samsung QA43Q60BAKXXV - Hàng chính hãng,"Tuyệt tác thiết kế hiện đại, thời thượng tô điểm cho không gian nhà bạn thêm phần sang trọngSmart Tivi QLED Samsung 4K 43 inch QA43Q60BAKXXV có thiết kế AirSlim hiện đại thu hút mọi ánh nhìn với màn...",9823000,0,0,0,,,Samsung
208092608,[Hàng Chính Hãng] Giá Treo Tivi Di Động NB AVA1500 32 - 75 Inch Giá Treo Tivi Có Bánh Xe Di Chuyển,"Giá Treo Tivi Di Động NB-AVA1500 32 - 75 Inch Giá Treo Tivi Có Bánh Xe Di Chuyển ✪✪✪ Chú ý: Ở Phiên Bản có đế đặt Camera. Phần đế camera được shop đặt làm riêng từ nhà máy, và đặt sẵn vào trong thùng ...",1360000,0,0,2,,5.0,North Bayou
278592375,"Smart Tivi Hisense 4K UHD 55 inch 55A6Q, Giao lắp toàn quốc, Bảo hành 2 năm - HÀNG CHÍNH HÃNG","Smart Tivi Hisense 4K A6Q là lựa chọn hoàn hảo cho không gian sống hiện đại, sở hữu công nghệ HDR10+ và Dolby Vision mang đến hình ảnh sắc nét, màu sắc sống động, kết hợp với âm thanh vòm Dolby Atmos ...",8790000,5200000,37,0,,,Hisense
204769478,Kệ tivi gỗ Juno sofa trắng vàng,*** Quý khách hàng vui lòng chọn sản phẩm nhà bán JUNO SOFA để nhận được sản phẩm đúng với chất lượng ***Kích thước: 1300 x 55 x 76 cmChất liệu : Gỗ công nghiệpVới các đường nét thiết kế tinh tế t...,2800000,390000,12,0,,,Juno Sofa
278310735,Smart Tivi LG AI 4K 75 inch 75UA8450PSA - Hàng Chính Hãng - Mới 100%,"Đặc điểm nổi bậtThiết kế viền mỏng với màn hình 75 inch, mang lại trải nghiệm xem rộng rãi.Độ phân giải 4K cung cấp hình ảnh sắc nét và chân thực.HDR10 tăng độ sâu của khung hình, làm nổi bật độ tươn...",18144000,9756000,35,0,,,LG
120673041,Kệ TV phòng ngủ thiết kế hiện đại SMLIFE Tekkaman,Kệ Tivi gỗ SMLIFE Tekkaman là một sự bổ sung hoàn hảo cho phòng khách của bạn. Kệ Tivi gỗ hiện đại SMLIFE được thiết kế độc đáo mang đến một không gian lớn để lưu trữ các thiết bị điện tử hoặc vật dụn...,4770000,0,0,0,,1.0,SMLIFE
249033305,Android TV K-Elec 65UK885V - Hàng nhập khẩu,"Chất lượng hình ảnh siêu sắc nétVới chất lượng hình ảnh Full HD sắc nét và dải màu sắc phong phú, rực rỡ, TV K-Elec mang đến trải nghiệm điện ảnh trọn vẹn với những khung hình sống động, chân thực nh...",22990000,0,0,0,,,K-ELEC
278442864,Google TV Philips 65 Inch 4K UHD LED 65PUT7029  - Hàng Chính Hãng ,Google TV Philips 65 Inch 4K UHD LED 65PUT7029 - Giao diện hiện đại. Hoạt động thông minh hình ảnh sống động.Google TV Philips 65 Inch 4K UHD LED 65PUT7029 với độ phân giải 4K luôn mang đến hình ảnh ...,17590000,0,0,0,,,Philips
275196464,"chân tivi đa năng nhập khẩu 26-75inch ,Hàng Chính Hãng","CHÂN ĐẾ TIVI ĐA NĂNG VT01 19-40INCHTương thích màn hình từ 19 – 40 inchTải trọng: 50 kgTrọng lượng: 1,64 kgKích thước sản phẩm: 36 x 3 x 45 cmChân đế tivi đa năng là giải pháp tuyệt vời cho những khá...",161100,17900,10,3,,18.0,North Bayou
120673038,Kệ tivi treo tường đẹp SMLIFE Takami,Kệ Tivi gỗ SMLIFE Takami là một sự bổ sung hoàn hảo cho phòng khách của bạn. Kệ Tivi gỗ hiện đại SMLIFE được thiết kế độc đáo mang đến một không gian lớn để lưu trữ các thiết bị điện tử hoặc vật dụng ...,1567000,0,0,0,,,SMLIFE
120671674,Tủ kệ tivi đẹp phòng ngủ SMLIFE Toyama,Kệ Tivi gỗ SMLIFE Toyama là một sự bổ sung hoàn hảo cho phòng khách của bạn. Kệ Tivi gỗ hiện đại SMLIFE được thiết kế độc đáo mang đến một không gian lớn để lưu trữ các thiết bị điện tử hoặc vật dụng ...,1801000,0,0,0,,,SMLIFE
72797571,Smart Tivi OLED LG 4K 65 inch OLED65GXPTA,"GIAO HÀNG VÀ LẮP ĐẶT CÙNG LÚC, KHU VỰC CẦN GIỜ CÓ GIAO HÀNG TÍNH PHÍ, VUI LÒNG LIÊN HỆ TRƯỚCVật tư phát sinh tính phí theo thực tế.Bảo hành chính hãng , có người đến tận nhà hỗ trợ....",26961000,5339000,17,0,,,LG
272346134,"Tivi xách tay LG StanbyME Go 27LX5QKNA 27 inch không dây, tích hợp pin 3h , Hàng chính hãng","Màn hình của bạn, bản sắc của bạn      Thiết kế xách tayMang theo những niềm vuiDễ dàng mang theo màn hình của bạn dù bất cứ đâu nhờ th...",14057000,5943000,30,0,,,LG
277810492,Người TV,    Người TV      Nhà xuất bản : Nhà Xuất Bản Hội Nhà Văn.  Công ty phát hành : Nhã Nam.  Tác giả : Haruki Murakami.  Kích thước : 20.5 x 14 x 1 cm.  Số trang : 171.  Ngày xuất bản : .  Lo...,100000,0,0,0,,,
275270303,Google Tivi Sony 4K 65 inch K-65S30 Mới 2024 - Hàng chính hãng - Giao HCM và 1 số tỉnh thành,NHÀ BÁN HÀNG CAM KẾT: - SẢN PHẨM MỚI 100% - ĐƯỢC BẢO HÀNH CHÍNH HÃNG (Hãng trực tiếp bảo hành sản phẩm cho quý khách hàng theo chính sách).- QUÝ KHÁCH ĐƯỢC QUYỀN KHUI THÙNG KIỂM TRA TRƯỚC KHI THANH...,19789000,8201000,29,0,,,Sony
278350747,"Google Tivi QLED Aqua 4K 55 inch AQT55S80EUX - Hàng Chính Hãng, Mới 100% ","Thông số kỹ thuật  - Tổng quan sản phẩm: Loại Tivi:Google Tivi QLEDKích cỡ màn hình: 55 inchĐộ phân giải: 4K (Ultra HD)Loại màn hình: Đèn nền: LED nền (Direct LED), Tấm nền: VA LCDHệ điều hành: Go...",9376000,3614000,28,0,,,Aqua
120672629,Kệ tivi gia đình nhỏ gọn phong cách hiện đại SMLIFE Tukiji,Kệ Tivi gỗ SMLIFE Tukiji là một sự bổ sung hoàn hảo cho phòng khách của bạn. Kệ Tivi gỗ hiện đại SMLIFE được thiết kế độc đáo mang đến một không gian lớn để lưu trữ các thiết bị điện tử hoặc vật dụng ...,4744000,0,0,0,,,SMLIFE
120671790,Kệ TV hiện đại gỗ công nghiệp SMLIFE Toboe,Kệ Tivi gỗ SMLIFE Toboe là một sự bổ sung hoàn hảo cho phòng khách của bạn. Kệ Tivi gỗ hiện đại SMLIFE được thiết kế độc đáo mang đến một không gian lớn để lưu trữ các thiết bị điện tử hoặc vật dụng t...,1986000,0,0,0,,,SMLIFE
120673374,Kệ để tivi phòng khách thiết kế đẹp SMLIFE Taseru,Kệ Tivi gỗ SMLIFE Taseru là một sự bổ sung hoàn hảo cho phòng khách của bạn. Kệ Tivi gỗ hiện đại SMLIFE được thiết kế độc đáo mang đến một không gian lớn để lưu trữ các thiết bị điện tử hoặc vật dụng ...,3091000,0,0,0,,,SMLIFE
278311011,Smart Tivi LG AI 4K 65 inch 65UA8450PSA - Hàng Chính Hãng - Mới 100%,"Đặc điểm nổi bậtTivi 65 inch thiết kế nhỏ gọn, viền mỏng kết hợp màn hình độ phân giải 4K.HDR10 tăng cường khả năng thể hiện chi tiết trong cả vùng sáng và tối, nâng cao chiều sâu hình ảnh.Bộ xử lý α...",13197000,6703000,34,0,,,LG
273410765,Khung mâm chính hãng Cảnh Phong giá treo tivi led cố định cho mọi hãng tivi từ 19-55 inch kèm ốc vít M55 - Hàng Chính Hãng,"Thông số kỹ thuật:️Tên sản phẩm: giá treo tivi thẳng tường, khung tivi áp tường️Xuất xứ: Việt Nam️Thương hiệu: Cảnh Phong️Chất liệu: thép sắt, sơn tĩnh điện cao cấp️Trọng lượng: chịu tô...",72000,0,0,0,,1.0,CP
160086492,[Trả góp 0%] Kệ Tivi Fazio IBIE nhiều tùy chọn,THÔNG TIN CHI TIẾT:Chất liệu chính: Sắt; Màu sắc: Màu đen; Thời hạn bảo hành: 24 tháng; Thời gian giao hàng: 7-10 ngày; Phòng chính: Phòng khách; Yêu cầu lắp đặt: Có; Bộ sưu tập: Bộ Venice; Tình trạn...,3990000,0,0,0,,,IBIE
75716656,Kệ tivi gỗ hiện đại SMLIFE Takeshi,Kệ Tivi gỗ hiện đại SMLIFE Takeshi là một sự bổ sung hoàn hảo cho phòng khách của bạn. Kệ tivi Takeshi được thiết kế độc đáo mang đến một không gian lớn để lưu trữ các thiết bị điện tử hoặc vật dụng t...,1411000,0,0,1,,3.0,SMLIFE
120671781,Kệ tivi gia đình bằng gỗ công nghiệp SMLIFE Tachija,Kệ Tivi gỗ SMLIFE Tachija là một sự bổ sung hoàn hảo cho phòng khách của bạn. Kệ Tivi gỗ hiện đại SMLIFE được thiết kế độc đáo mang đến một không gian lớn để lưu trữ các thiết bị điện tử hoặc vật dụng...,1707000,0,0,0,,,SMLIFE
278529354,Smart Tivi LG QNED AI 4K 55 Inch 55QNED80ASA - Hàng Chính Hãng," mang đến trải nghiệm giải trí đỉnh cao với công nghệ tiên tiến và thiết kế tinh tế. Là sản phẩm nổi bật trong dòng QNED của LG năm 2025, tivi này kết hợp màn hình 4K sắc nét, âm thanh vòm sống động v...",18900000,0,0,0,,2.0,LG
75722437,Kệ gỗ tivi phòng ngủ hiện đại SMLIFE Terrel,Kệ Tivi gỗ hiện đại SMLIFE Terrel là một sự bổ sung hoàn hảo cho phòng khách của bạn. Kệ tivi Terrel được thiết kế độc đáo mang đến một không gian lớn để lưu trữ các thiết bị điện tử hoặc vật dụng tra...,1137000,0,0,1,,1.0,SMLIFE
120673110,Kệ TV phòng ngủ thiết kế thông minh SMLIFE Triela,Kệ Tivi gỗ SMLIFE Triela là một sự bổ sung hoàn hảo cho phòng khách của bạn. Kệ Tivi gỗ hiện đại SMLIFE được thiết kế độc đáo mang đến một không gian lớn để lưu trữ các thiết bị điện tử hoặc vật dụng ...,3417000,0,0,0,,,SMLIFE
277531870,Kệ TiVi bằng gỗ - Lắp ghép hiện đại ,"Kệ TiVi bằng gỗ lắp ghép nhiều ngăn thiết kế hiện đại, tiện lợi Kệ tivi thiết kế với phong cách hiện đại, đơn giản nhưng không kém phần thẩm mỹ. Với 4 màu trắng, xanh, vân gỗ kem, vân gỗ nâu phù hợp...",2189000,0,0,0,,1.0,HUCHU
120672964,Kệ tivi gia đình dáng thấp gỗ công nghiệp SMLIFE Tuxedo,Kệ Tivi gỗ SMLIFE Tuxedo là một sự bổ sung hoàn hảo cho phòng khách của bạn. Kệ Tivi gỗ hiện đại SMLIFE được thiết kế độc đáo mang đến một không gian lớn để lưu trữ các thiết bị điện tử hoặc vật dụng ...,3916000,0,0,0,,,SMLIFE
75716721,Kệ tivi phòng khách treo tường SMLIFE Taylor,Kệ Tivi gỗ hiện đại SMLIFE Taylor là một sự bổ sung hoàn hảo cho phòng khách của bạn. Kệ tivi Taylor được thiết kế độc đáo mang đến một không gian lớn để lưu trữ các thiết bị điện tử hoặc vật dụng tra...,1891000,0,0,0,,,SMLIFE
278580867,Smart Tivi LG QNED AI 4K 43 Inch 43QNED70ASA /55 Inch 55QNED70ASA/ 65 Inch 65QNED70ASA/ 75 Inch 75QNED70ASA/ 86 Inch 86QNED70ASA - Hàng Chính Hãng ,Thông số kỹ thuật Smart Tivi LG QNED AI 4K 43 Inch 43QNED70ASA/ 55 Inch 55QNED70ASA/ 65 Inch 65QNED70ASA/ 75 Inch 75QNED70ASA/ 86 Inch 86QNED70ASA Đặc điểm sản phẩm Màu sắc:ĐenNhà sản xuất:LGXu...,12767000,5633000,31,0,,,LG
160086877,[Trả góp 0%] Kệ Tivi Fazio trắng IBIE nhiều tùy chọn,THÔNG TIN CHI TIẾT:Chất liệu chính: Sắt; Màu sắc: Màu đen; Thời hạn bảo hành: 24 tháng; Thời gian giao hàng: 7-10 ngày; Phòng chính: Phòng khách; Yêu cầu lắp đặt: Có; Bộ sưu tập: Bộ Venice; Tình trạn...,3990000,0,0,0,,,IBIE
276661239,Người TV,    Người TV   Những người TV bất ngờ xâm nhập. Một chàng trai độc thoại như thể đang đọc thơ. Một nữ trúc sư xinh đẹp dễ bị đàn ông x.âm phạm. Một bà nội trợ đã không ngủ 17 ngày mà vẫn tỉnh táo ...,88000,12000,12,0,,,
121607864,Kệ tivi gia đình dáng thấp gỗ công nghiệp SMLIFE Toboe,Kệ Tivi gỗ SMLIFE Toboe là một sự bổ sung hoàn hảo cho phòng khách của bạn. Kệ Tivi gỗ hiện đại SMLIFE được thiết kế độc đáo mang đến một không gian lớn để lưu trữ các thiết bị điện tử hoặc vật dụng t...,1986000,0,0,1,,2.0,SMLIFE
273444939,Giá Treo TiVi Thẳng Cố Định 42-75 Inch (Hàng Chính Hãng),"Mô tả sản phẩmTÍNH NĂNG NỔI BẬT:Tháo ráp, lắp rời dễ dàng, có hướng dẫn sử dụngKhung treo thẩm mỹ, chắc chắn, gọn gang, tiện lợi treo mọi nơiThiết kế thông minh, nhẹ nhàng, chịu lực tốt hơn các...",149000,0,0,0,,4.0,Đăng Huấn
4984085,Tủ TV Góc Rivermead Gỗ Sồi IBIE LVCRIVO,THÔNG TIN CHI TIẾT:Chất liệu chính: Gỗ sồi/ Veneer; Màu sắc: Màu tự nhiên; Thời hạn bảo hành: 24 tháng; Thời gian giao hàng: 7-10 ngày; Phòng chính: Phòng khách; Phòng khác: Phòng ngủ; Yêu cầu lắp đặ...,5590000,0,0,0,,,IBIE
277180951,"Kệ -Tủ TiVi Phong Cách Đơn Giản, Cổ Điển HC-615 HUCHU","Phòng khách được ví như bộ mặt của gia chủ bởi đây là không gian được sử dụng nhiều mỗi khi có những vị khách ghé thăm nhà bạn. Bởi vậy, người ta luôn ưu tiên những thứ đẹp đẽ, thể hiện được gu thẩm m...",1498200,0,0,0,,1.0,HUCHU
120672723,Tủ kệ tivi đẹp phòng ngủ SMLIFE Trunk,Kệ Tivi gỗ SMLIFE Trunk là một sự bổ sung hoàn hảo cho phòng khách của bạn. Kệ Tivi gỗ hiện đại SMLIFE được thiết kế độc đáo mang đến một không gian lớn để lưu trữ các thiết bị điện tử hoặc vật dụng t...,4151000,0,0,0,,,SMLIFE
278443797,Google TV Philips 75 Inch 4K UHD LED 75PUT7029  - Hàng Chính Hãng ,"Google TV Philips 75 Inch 4K UHD LED 75PUT7029 với độ phân giải 4K luôn mang đến hình ảnh sống động bất kể nội dung là phim ảnh, chương trình truyền hình, trò chơi hay sự kiện thể thao.Nội dung giải...",25490000,0,0,0,,,Philips
275411366,Kệ tivi gỗ Tundo kích thước ngang 179 x sâu 48 x cao 61 cm,"*** Quý khách hàng vui lòng chọn sản phẩm nhà bán TUNDO để nhận được sản phẩm đúng với chất lượng *** Kích Thước Phủ Bì ( Ngang x Sâu x Cao )cmTủ Kệ Ti Vi , CD , VCD Kích Thước ( Ngang 179 x Sâu...",4093000,997000,20,0,,,Tundo
90135125,Kệ tivi phòng khách treo tường SMLIFE Toto,Kệ Tivi gỗ hiện đại SMLIFE Toto là một sự bổ sung hoàn hảo cho phòng khách của bạn. Kệ tivi Toto được thiết kế độc đáo mang đến một không gian lớn để lưu trữ các thiết bị điện tử hoặc vật dụng trang t...,2057000,0,0,0,,,SMLIFE
120672957,Kệ tivi tiện dụng cho phòng ngủ SMLIFE Tousin,Kệ Tivi gỗ SMLIFE Tousin là một sự bổ sung hoàn hảo cho phòng khách của bạn. Kệ Tivi gỗ hiện đại SMLIFE được thiết kế độc đáo mang đến một không gian lớn để lưu trữ các thiết bị điện tử hoặc vật dụng ...,1923000,0,0,0,,,SMLIFE
120672721,Kệ tivi gia đình đẹp kiểu dáng nhỏ gọn SMLIFE Tokajin,Kệ Tivi gỗ SMLIFE Tokajin là một sự bổ sung hoàn hảo cho phòng khách của bạn. Kệ Tivi gỗ hiện đại SMLIFE được thiết kế độc đáo mang đến một không gian lớn để lưu trữ các thiết bị điện tử hoặc vật dụng...,1689000,0,0,0,,,SMLIFE
75724120,Kệ tivi treo tường phòng khách phong cách tối giản SMLIFE Tamzin,Kệ Tivi gỗ hiện đại SMLIFE Tamzin là một sự bổ sung hoàn hảo cho phòng khách của bạn. Kệ tivi Tamzin được thiết kế độc đáo mang đến một không gian lớn để lưu trữ các thiết bị điện tử hoặc vật dụng tra...,1495000,0,0,0,,,SMLIFE
278138206,Smart Tivi LG AI 4K 65 Inch 65UA8450PSA- Hàng Chính Hãng," là lựa chọn lý tưởng cho những ai đang tìm kiếm một chiếc tivi thông minh vừa sở hữu thiết kế sang trọng, vừa tích hợp hàng loạt công nghệ tiên tiến. Với kích thước 65 inch chuẩn rạp chiếu tại gia, đ...",11190000,8300000,43,4,,341.0,LG
278580794,Smart Tivi LG QNED AI 4K 43 Inch 43QNED81ASA / 50 Inch 50QNED81ASA/ 55 Inch 55QNED81ASA/ 65 Inch 65QNED81ASA/ 75 Inch 75QNED81ASA/ 86 Inch 86QNED81ASA - Hàng Chính Hãng ,"Thiết kế nhỏ gọn với màn hình  viền mỏng, phù hợp cho không gian phòng nhỏ.Công nghệ Dynamic QNED Color tái hiện màu sắc sống động, trung thực hơn.HDR10 hiển thị hình ảnh có độ tương phản cao, chi ...",12122000,2778000,19,0,,,LG
