id,reason
160089795,Not JSON response
23204078,Not JSON response
277971781,Not JSON response
160089185,Not JSON response
120673108,Not JSON response
247787306,Not JSON response
276621107,Not JSON response
278518209,Not JSON response
16878549,Not JSON response
276365509,Not JSON response
247792941,Exceeded 30 redirects.
276286071,Exceeded 30 redirects.
277989480,Exceeded 30 redirects.
204338709,Exceeded 30 redirects.
277988890,Exceeded 30 redirects.
278592244,Exceeded 30 redirects.
277989405,Exceeded 30 redirects.
275646608,Exceeded 30 redirects.
278702037,Exceeded 30 redirects.
275245456,Exceeded 30 redirects.
278592297,Exceeded 30 redirects.
274604278,Exceeded 30 redirects.
277971948,Exceeded 30 redirects.
120673209,Exceeded 30 redirects.
113716915,Exceeded 30 redirects.
34673452,Exceeded 30 redirects.
36831640,Exceeded 30 redirects.
75724102,Exceeded 30 redirects.
189082506,Exceeded 30 redirects.
23171759,Exceeded 30 redirects.
160086362,Exceeded 30 redirects.
220677911,Exceeded 30 redirects.
275135664,Exceeded 30 redirects.
120672735,Exceeded 30 redirects.
278313709,Exceeded 30 redirects.
278521993,Exceeded 30 redirects.
277581462,Exceeded 30 redirects.
13758948,Exceeded 30 redirects.
176431308,Exceeded 30 redirects.
278592370,Exceeded 30 redirects.
120672270,Exceeded 30 redirects.
278528154,Exceeded 30 redirects.
278077327,Exceeded 30 redirects.
263580961,Exceeded 30 redirects.
247790922,Exceeded 30 redirects.
120673120,Exceeded 30 redirects.
75725770,Exceeded 30 redirects.
263580784,Exceeded 30 redirects.
278518509,Exceeded 30 redirects.
75724111,Exceeded 30 redirects.
104305699,Exceeded 30 redirects.
75718420,Exceeded 30 redirects.
121607871,Exceeded 30 redirects.
120673191,Exceeded 30 redirects.
75716676,Exceeded 30 redirects.
278444154,Exceeded 30 redirects.
176871719,Exceeded 30 redirects.
120673059,Exceeded 30 redirects.
106339322,Exceeded 30 redirects.
160089948,Exceeded 30 redirects.
31323180,Exceeded 30 redirects.
275020293,Exceeded 30 redirects.
278077419,Exceeded 30 redirects.
160086831,Exceeded 30 redirects.
120672891,Exceeded 30 redirects.
276268195,Exceeded 30 redirects.
204337932,Exceeded 30 redirects.
263580591,Exceeded 30 redirects.
120673239,Exceeded 30 redirects.
90135106,Exceeded 30 redirects.
120673234,Exceeded 30 redirects.
114853076,Exceeded 30 redirects.
277988926,Exceeded 30 redirects.
271305604,Exceeded 30 redirects.
36569353,Exceeded 30 redirects.
278519169,Exceeded 30 redirects.
253498992,Exceeded 30 redirects.
253237105,Exceeded 30 redirects.
120673166,Exceeded 30 redirects.
278530104,Exceeded 30 redirects.
276412014,Exceeded 30 redirects.
3519947,Exceeded 30 redirects.
278521254,Exceeded 30 redirects.
207692117,Exceeded 30 redirects.
75727858,Exceeded 30 redirects.
160089160,Exceeded 30 redirects.
278314064,Exceeded 30 redirects.
278592489,Exceeded 30 redirects.
275793315,Exceeded 30 redirects.
113759789,Exceeded 30 redirects.
274604316,Exceeded 30 redirects.
120672879,Exceeded 30 redirects.
275245427,Exceeded 30 redirects.
90135077,Exceeded 30 redirects.
248248449,Exceeded 30 redirects.
120673048,Exceeded 30 redirects.
120671708,Exceeded 30 redirects.
277972387,Exceeded 30 redirects.
220678601,Exceeded 30 redirects.
120672885,Exceeded 30 redirects.
248253347,Exceeded 30 redirects.
120673069,Exceeded 30 redirects.
120672648,Exceeded 30 redirects.
197920267,Exceeded 30 redirects.
95071438,Exceeded 30 redirects.
120671477,Exceeded 30 redirects.
273445958,Exceeded 30 redirects.
176881668,Exceeded 30 redirects.
90135130,Exceeded 30 redirects.
90135146,Exceeded 30 redirects.
75716635,Exceeded 30 redirects.
273380096,Exceeded 30 redirects.
273328811,Exceeded 30 redirects.
120673094,Exceeded 30 redirects.
120673075,Exceeded 30 redirects.
17872839,Exceeded 30 redirects.
197883135,Exceeded 30 redirects.
120671814,Exceeded 30 redirects.
176058957,Exceeded 30 redirects.
95071329,Exceeded 30 redirects.
275269812,Exceeded 30 redirects.
75716647,Exceeded 30 redirects.
120671831,Exceeded 30 redirects.
2650607,Exceeded 30 redirects.
272413703,Exceeded 30 redirects.
120671467,Exceeded 30 redirects.
275249046,Exceeded 30 redirects.
120673344,Exceeded 30 redirects.
21203206,Exceeded 30 redirects.
120673162,Exceeded 30 redirects.
120672898,Exceeded 30 redirects.
150493029,Exceeded 30 redirects.
278529360,Exceeded 30 redirects.
90135162,Exceeded 30 redirects.
120673185,Exceeded 30 redirects.
195660661,Exceeded 30 redirects.
120671432,Exceeded 30 redirects.
120673103,Exceeded 30 redirects.
120673214,Exceeded 30 redirects.
75716630,Exceeded 30 redirects.
120673372,Exceeded 30 redirects.
120672643,Exceeded 30 redirects.
75716654,Exceeded 30 redirects.
120671490,Exceeded 30 redirects.
120673154,Exceeded 30 redirects.
243046232,Exceeded 30 redirects.
261964647,Exceeded 30 redirects.
275136307,Exceeded 30 redirects.
95071488,Exceeded 30 redirects.
1892027,Exceeded 30 redirects.
216900923,Exceeded 30 redirects.
19401965,Exceeded 30 redirects.
120672622,Exceeded 30 redirects.
90135112,Exceeded 30 redirects.
274843323,Exceeded 30 redirects.
278507725,Exceeded 30 redirects.
273408599,Exceeded 30 redirects.
120673250,Exceeded 30 redirects.
75722446,Exceeded 30 redirects.
208069533,Exceeded 30 redirects.
95071362,Exceeded 30 redirects.
75719041,Exceeded 30 redirects.
90135086,Exceeded 30 redirects.
4678987,Exceeded 30 redirects.
2003631,Exceeded 30 redirects.
120672949,Exceeded 30 redirects.
120672259,Exceeded 30 redirects.
277769622,Exceeded 30 redirects.
188565089,Exceeded 30 redirects.
90135149,Exceeded 30 redirects.
75716699,Exceeded 30 redirects.
188519622,Exceeded 30 redirects.
185710113,Exceeded 30 redirects.
120671469,Exceeded 30 redirects.
120673243,Exceeded 30 redirects.
95071523,Exceeded 30 redirects.
270957887,Exceeded 30 redirects.
120672214,Exceeded 30 redirects.
75716603,Exceeded 30 redirects.
274680089,Exceeded 30 redirects.
120673097,Exceeded 30 redirects.
276621654,Exceeded 30 redirects.
6880019,Exceeded 30 redirects.
120673241,Exceeded 30 redirects.
120673132,Exceeded 30 redirects.
