id,name,short_description,price,discount,discount_rate,review_count,day_ago_created,quantity_sold,brand_name
174310364,Tủ lạnh Electrolux 94 Lít EUM0930BD-VN - Hàng chính hãng (chỉ giao HCM),GIAO HÀNG VÀ LẮP ĐẶT CƠ BẢN NỘI THÀNH HCM.Kiểu tủ - 1 cánhDung tích sử dụng94 lít - Dung tích tổngHãng không công bốDung tích ngăn đáKhông cóDung tích ngăn lạnh94 lítCông suất ti...,3320000,780000,19,0,,13.0,Electrolux
171574649,Tủ lạnh mini KEMIN 32L Chính Hãng - Chỉnh nhiệt có ngăn đá,Tủ Kemin 32L có hệ thống làm lạnh bằng lốc chạy gas tiêu thụ 55w sử dụng điện 220vMàn hình Led hiển thị hiện độ và điều chỉnhKích thước: 360*380*630mmNhiệt độ: -18 - 15 ℃Dung tích ngăn lạnh: 24LDung t...,3750000,0,0,6,,31.0,Kemin
161256706,Tủ lạnh mini Kemin 16L,TỦ LẠNH MINI KEMIN 16L LÀ DÒNG TỦ CHỈNH NHIỆT THEO Ý MUỐNkích thước: 35x32x29 cmMàn hình Led hiển thị hiện độ và điều chỉnh cảm ứngLàm nóng đến 65 độ CLàm lạnh 5-15 độ CSử dụng ở nhà (220V-50W) v...,2350000,0,0,15,,58.0,Kemin
178268021,Tủ lạnh Electrolux 94 Lít EUM0930BD-VN,GIAO HÀNG VÀ LẮP ĐẶT CƠ BẢN NỘI THÀNH HCM.Kiểu tủ - 1 cánhDung tích sử dụng94 lít - Dung tích tổngHãng không công bốDung tích ngăn đáKhông cóDung tích ngăn lạnh94 lítCông suất ti...,3320000,780000,19,1,,9.0,Electrolux
277502453,TỦ LẠNH MINI HCK - 48L Hàng chính hãng,"Để lưu trữ tủ mỹ phẩm, nước hoa, đồ skincare. Để đựng đồ uống: bia, rượu, nước ngọt,... Để lưu trữ sữa cho em bé dành cho các mẹ vừa sinh con ---- TỦ LẠNH MINI HCK - 48L Siêu bền bỉ với lốc lạnh th...",7590000,0,0,0,,,IVV
274375393,Tủ Lạnh Mini KEMIN KU800 - 8L - Công Nghệ Chống Ngưng Tụ - 2 Chiều Nóng Lạnh Hàng Chính Hãng,"Tủ Ku800 dung tích 8L có kích thước 23X25.5X35 cm là dòng tủ tự động, công nghệ mới Chống ngưng tụ hơi nướcLàm nóng đến 65 độ C - làm lạnh từ 10 - 15 độ CSử dụng nguồn điện 5v - tiêu thụ điện năng 1...",1450000,0,0,0,,2.0,Kemin
174309159,Tủ lạnh Electrolux 94 Lít EUM0930AD-VN - Hàng chính hãng (chỉ giao HCM),Tủ lạnh Electrolux mini bar 94 lít UltimateTaste 300Xám Arctic EUM0930AD-VNNhỏ gọn và hoạt động êm ái.Đèn LED sáng rõ dễ dàng tìm kiếm đồ.Ngăn CoolZone trữ thực phẩm lạnh hơn.Thông tin chun...,3339000,2160000,39,0,,4.0,Electrolux
275376568,Tủ Lạnh Mini OLLY OLR02M Made in Korea Hàng chính hãng,"Tủ Lạnh Mini OLLY, Dung Tích 24L, Tiết Kiệm Điện Năng, Bảo Quản Thực Phẩm, Đồ Uống, Mỹ Phẩm Tiện Dụng, Nội Địa HànChiếc tủ lạnh #OLLY xinh xắn khacha nhận ưng lắm ạ .dung tích 24L di động nhỏ xinh Kê...",6300000,0,0,0,,,Olly 
177629263,[HCM] Tủ Lạnh Electorlux EUM0930BD-VN / EUM0930AD-VN - Dung Tích 94L - Hàng Chính Hãng,Tủ lạnh mini bar 94 lít UltimateTaste 300 - Đen EUM0930BD-VNNhỏ gọn và hoạt động êm ái.Đèn LED sáng rõ dễ dàng tìm kiếm đồ.Ngăn CoolZone trữ thực phẩm lạnh hơn.Thông tin chungLoại sản phẩm...,3489000,2010000,37,0,,,Electrolux
171447474,Tủ Lạnh Mini KEMIN 25L Chính Hãng - Chỉnh Nhiệt - màu Xanh,TỦ LẠNH MINI KEMIN 25L LÀ DÒNG TỦ CHỈNH NHIỆT THEO Ý MUỐNTủ K25 có kích thước 34x31x51cmMàn hình Led hiển thị hiện độ và điều chỉnh cảm ứng -màn hình có thể mở lên gập xuốngTay xách có thể mở lên gập...,2350000,0,0,0,,5.0,Kemin
276882142,"Tủ Lạnh Mini Hisense 94 Lít HR09DB Làm Lạnh Nhanh, Tiết Kiệm Điện, Bảo Hành Chính Hãng 24 Tháng - Hàng Chính Hãng","Tủ lạnh Mini Bar Hisense 94L kiểu dáng đơn giản, nhỏ gọn nhưng không kém phần tiện ích và hiện đại, chiếc tủ lạnh mini 94 lít này chính là một sự lựa chọn lý tưởng cho các gia đình có từ 1 đến 3 thành...",5690000,0,0,0,,,Hisense
274289578,"[CỬA HÀNG CHÍNH HÃNG] Tủ Bàn Lạnh Cánh Kính 1,2m Quạt Gió"," CHÀO MỪNG QUÝ KHÁCH ĐẾN FUSHIMA CHÍNH HÃNG!Fushimavina chuyên cung cấp các thiết bị lạnh công nghiệp cho các mô hình kinh doanh nhà hàng, khách sạn, quán cafe, tiệm trà sữa, quầy bar, căng tin, trườn...",31900000,0,0,0,,,Fushimavina 
274289646,"[CỬA HÀNG CHÍNH HÃNG] Tủ Bàn Lạnh Cánh Kính 1,5m Quạt Gió"," CHÀO MỪNG QUÝ KHÁCH ĐẾN FUSHIMA CHÍNH HÃNG!Fushimavina chuyên cung cấp các thiết bị lạnh công nghiệp cho các mô hình kinh doanh nhà hàng, khách sạn, quán cafe, tiệm trà sữa, quầy bar, căng tin, trườn...",33550000,0,0,0,,,Fushimavina 
276862845,"Tủ lạnh Mini Bar Hisense 45 Lít HR05DB tiết kiệm điện, thiết kế gọn nhẹ, bảo hành 24 tháng - HÀNG CHÍNH HÃNG","Tủ lạnh Mini Bar Hisense 45L sẽ là lựa chọn hợp lý với chi phí thấp, tiết kiệm diện tích mà vẫn đủ để bạn luôn có sẵn thực phẩm tươi ngon, đảm bảo an toàn cho sức khỏe.Thông tin sản phẩm TỦ LẠNH MINI...",5390000,0,0,0,,,Hisense
162152249,Tủ lạnh mini Kemin Chính hãng 10L,"TỦ LẠNH MINI KEMIN 10L LÀ DÒNG TỦ TỰ ĐỘNGTủ K10 có kích thước 28x26x34cm là dòng tủ tự động, cắm điện là sử dụngLàm nóng đến 65 độ CLàm lạnh 10-15 độ CSử dụng ở nhà (220V-50W) và trên ô tô (12V)Lưu ý...",1300000,0,0,36,,161.0,Kemin
274289701,"[CỬA HÀNG CHÍNH HÃNG] Tủ Bàn Lạnh Cánh Kính 1,8m Quạt Gió"," CHÀO MỪNG QUÝ KHÁCH ĐẾN FUSHIMA CHÍNH HÃNG!Fushimavina chuyên cung cấp các thiết bị lạnh công nghiệp cho các mô hình kinh doanh nhà hàng, khách sạn, quán cafe, tiệm trà sữa, quầy bar, căng tin, trườn...",36300000,0,0,0,,,Fushimavina 
178264538,Tủ lạnh Electrolux 94 Lít EUM0930AD-VN,Tủ lạnh Electrolux 94 Lít EUM0930AD-VN là dạng tủ mini với 94 lít nên thiết kế nhỏ gọn dễ dàng đặt để ở nhiều không gian ngay cả những phòng có diện tích nhỏ. Sử dụng công nghệ làm lạnh trực tiếp giúp...,3489000,2010000,37,0,,,Electrolux
274289352,"[CỬA HÀNG CHÍNH HÃNG] Tủ Bàn Lạnh Cánh Inox 1,2m Quạt gió"," CHÀO MỪNG QUÝ KHÁCH ĐẾN FUSHIMA CHÍNH HÃNG!Fushimavina chuyên cung cấp các thiết bị lạnh công nghiệp cho các mô hình kinh doanh nhà hàng, khách sạn, quán cafe, tiệm trà sữa, quầy bar, căng tin, trườn...",30800000,0,0,0,,,Fushimavina 
274289412,"[CỬA HÀNG CHÍNH HÃNG] Tủ Bàn Lạnh Cánh Inox 1,5m Quạt gió"," CHÀO MỪNG QUÝ KHÁCH ĐẾN FUSHIMA CHÍNH HÃNG!Fushimavina chuyên cung cấp các thiết bị lạnh công nghiệp cho các mô hình kinh doanh nhà hàng, khách sạn, quán cafe, tiệm trà sữa, quầy bar, căng tin, trườn...",31900000,0,0,0,,,Fushimavina 
23474497,TỦ LẠNH FUNIKI FR-125CI 120L- Hàng chính hãng,Thông số kỹ thuật tủ lạnh Funiki FR-125CI tủ mini 2 cánh 125 lít không đóng tuyết:Model : FR-125CIMàu sắc: Ghi xámĐóng tuyết: KhôngSố cửa tủ lạnh: 2 cửaKích thước tủ (CxSxR): 1198 x 582 x 490 (m...,5110000,0,0,0,,,Funiki
161256222,Tủ lạnh mini Kemin 22L,TỦ LẠNH MINI KEMIN 22L LÀ DÒNG TỦ CHỈNH NHIỆT THEO Ý MUỐNkích thước: 38x29x42 cmMàn hình Led hiển thị hiện độ và điều chỉnh cảm ứngLàm nóng đến 65 độ CLàm lạnh 5-15 độ CSử dụng ở nhà (220V-50W) v...,2750000,0,0,2,,11.0,Kemin
276377624,"Tủ lạnh Mini Bar Hisense 45 Lít HR05DB tiết kiệm điện, thiết kế gọn nhẹ, bảo hành 24 tháng - HÀNG CHÍNH HÃNG","Tủ lạnh Mini Bar Hisense 45L HR05DBTủ lạnh Mini Bar Hisense 45L sẽ là lựa chọn hợp lý với chi phí thấp, tiết kiệm diện tích mà vẫn đủ để bạn luôn có sẵn thực phẩm tươi ngon, đảm bảo an toàn cho sức k...",2690000,2300000,46,0,,,Hisense
50560441,Tủ Lạnh Aqua 130 lít AQR-T150FA-BS,"Thiết kế đơn giản, gam màu tinh tếTủ Lạnh Aqua AQR-T150FA-BS được thiết kế đơn giản 2 cửa phẳng với gam màu đen huyền bí, sang trọng, kiểu dáng khá nhỏ gọn, tiết kiệm diện tích, cho phép bạn dễ dàng ...",4408000,0,0,6,,16.0,Aqua
274635587,[HÀNG CHÍNH HÃNG] Tủ đông lạnh 6 cánh trực tiếp Viner,Model: V-TDCN6CDung tích: 1500LKích thước: 1800x700x1920mmTrọng lượng: 180kgĐiện áp/Tần số: 220V/50HzCông suất: 660WNhiệt độ:  -18 ~ +0ºCGas lạnh: R290Cơ chế làm lạnh trực tiếp với hệ thống dà...,49500000,0,0,0,,,VinER
71996369,Tủ lạnh ô tô nhập khẩu - Chính hãng,Thông tin kỹ thuật Tủ lạnh mini Alpicool B/G22         – G22- Màu Xám đen / B22- Màu Trắng Xanh          – Dung tích: 22 lít.         – Kích thước (Dài x Rộng x Cao): 60cm x 32cm x 34cm         – ...,4990000,0,0,4,,10.0,Alpicool
276379775,"Tủ lạnh Mini Bar Hisense 94 Lít HR09DB làm lạnh nhanh, tiết kiệm điện, bảo hành 24 tháng - HÀNG CHÍNH HÃNG","Tủ lạnh Mini Bar Hisense 94L HR09DBTủ lạnh Mini Bar Hisense 94L kiểu dáng đơn giản, nhỏ gọn nhưng không kém phần tiện ích và hiện đại, chiếc tủ lạnh mini 94 lít này chính là một sự lựa chọn lý tưởng ...",2649000,1341000,34,0,,,Hisense
274635785,[HÀNG CHÍNH HÃNG] Tủ đông lạnh 2 cánh lạnh trực tiếp Viner,Model: V-TD2CDung tích: 500LKích thước: 600x700x1920mmTrọng lượng: 60kgĐiện áp/Tần số: 220V/50HzCông suất: 350WNhiệt độ:  -18 ~ +0ºCGas lạnh: R290Cơ chế làm lạnh trực tiếp với hệ thống dàn lạn...,21450000,0,0,0,,,VinER
274250836,[CỬA HÀNG CHÍNH HÃNG]  Tủ Mát 2 Cánh Lạnh Trực Tiếp," CHÀO MỪNG QUÝ KHÁCH ĐẾN FUSHIMA CHÍNH HÃNG!Fushimavina chuyên cung cấp các thiết bị lạnh công nghiệp cho các mô hình kinh doanh nhà hàng, khách sạn, quán cafe, tiệm trà sữa, quầy bar, căng tin, trườn...",20350000,0,0,0,,,Fushimavina 
274557048,[CỬA HÀNG CHÍNH HÃNG]  Tủ Mát 4 Cánh Lạnh Trực Tiếp," CHÀO MỪNG QUÝ KHÁCH ĐẾN FUSHIMA CHÍNH HÃNG!Fushimavina chuyên cung cấp các thiết bị lạnh công nghiệp cho các mô hình kinh doanh nhà hàng, khách sạn, quán cafe, tiệm trà sữa, quầy bar, căng tin, trườn...",30800000,0,0,0,,,Fushimavina 
275728793,[CỬA HÀNG CHÍNH HÃNG]  Tủ Mát 6 Cánh Lạnh Trực Tiếp,"CHÀO MỪNG QUÝ KHÁCH ĐẾN FUSHIMA CHÍNH HÃNG!Fushimavina chuyên cung cấp các thiết bị lạnh công nghiệp cho các mô hình kinh doanh nhà hàng, khách sạn, quán cafe, tiệm trà sữa, quầy bar, căng tin, trường...",48400000,0,0,0,,,Fushimavina 
71939724,Tủ lạnh mini ô tô nhập khẩu - Chính hãng,"Tủ Lạnh Mini Alpicool Việt Nam T36 ~ 36Lit, 2 ngăn lạnh độc lập cao cấp SIÊU HOT  Với thiết kế bánh xe + tay kéo dễ dàng di chuyển, chiếc tủ lạnh này có thể thích hợp để trên bất cứ chiếc xe nào và...",6990000,0,0,1,,3.0,Alpicool
275728679,[CỬA HÀNG CHÍNH HÃNG] Tủ Đông Mát 6 Cánh Lạnh Trực Tiếp,"CHÀO MỪNG QUÝ KHÁCH ĐẾN FUSHIMA CHÍNH HÃNG!Fushimavina chuyên cung cấp các thiết bị lạnh công nghiệp cho các mô hình kinh doanh nhà hàng, khách sạn, quán cafe, tiệm trà sữa, quầy bar, căng tin, trường...",50600000,0,0,0,,,Fushimavina 
273500655,[HÀNG CHÍNH HÃNG] Tủ bàn lạnh 1m5 cánh kính Viner,Model : V-BLCKQ1M5Thương hiệu: VinerKích thước: 1500 x 750 x 850mm hoặc 1500 x 600 x 850mmCánh tủ bằng kínhDung tích: 250L ~ 320LNhiệt độ: 0oC ~ +10oCĐiện áp: 220VCông suất: 300WTrọng lượng: 9...,33550000,0,0,0,,,VinER
273500288,[HÀNG CHÍNH HÃNG] Tủ bàn lạnh 1m5 cánh inox Viner,Model : V-BLCIQ1M5Thương hiệu: FushimaKích thước: 1500 x 750 x 850mm hoặc 1500 x 600 x 850mmCánh tủ bằng inoxDung tích: 250L ~ 320LNhiệt độ: 0oC ~ +10oCĐiện áp: 220VCông suất: 300WTrọng lượng:...,31900000,0,0,0,,,VinER
273501043,[HÀNG CHÍNH HÃNG] Tủ bàn lạnh 1m2 cánh kính Viner,Model : V-BLCKQ1M2Thương hiệu: VinerKích thước: 1200 x 750 x 850mm hoặc 1200 x 600 x 850mmCánh tủ bằng kínhDung tích: 200 ~ 250LNhiệt độ: 0oC ~ +10oCĐiện áp: 220VCông suất: 300WTrọng lượng: 85...,31900000,0,0,0,,,VinER
273500492,[HÀNG CHÍNH HÃNG] Tủ bàn lạnh 1m8 cánh kính Viner,Model: V-BLCKQ1M8Thương hiệu: VinerKích thước: 1800 x 750 x 850mm hoặc 1800 x 600 x 850mmCánh tủ bằng kínhDung tích: 320 ~ 400LNhiệt độ: 0oC ~ +10oCĐiện áp: 220VCông suất: 350WTrọng lượng: 115...,36300000,0,0,0,,,VinER
274635647,[HÀNG CHÍNH HÃNG] Tủ mát 4 cánh lạnh trực tiếp Viner,Model: V-TM4CDung tích: 1000LKích thước: 1200x700x1920mmTrọng lượng: 120kgĐiện áp/Tần số: 220V/50HzCông suất: 350WNhiệt độ:  -5 ~ +5ºCGas lạnh: R290Cơ chế làm lạnh trực tiếp với hệ thống dàn l...,30800000,0,0,0,,,VinER
273499987,[HÀNG CHÍNH HÃNG] Tủ bàn lạnh 1m8 cánh inox Viner,Model : V-BLCIQ1M8Thương hiệu: FushimaKích thước: 1800 x 750 x 850mm hoặc 1800 x 600 x 850mmCánh tủ bằng inoxDung tích: 320 ~ 400LNhiệt độ: 0oC ~ +10oCĐiện áp: 220VCông suất: 350WTrọng lượng: ...,33550000,0,0,0,,,VinER
274250355,[CỬA HÀNG CHÍNH HÃNG] Tủ Đông Mát 4 Cánh Lạnh Trực Tiếp," CHÀO MỪNG QUÝ KHÁCH ĐẾN FUSHIMA CHÍNH HÃNG!Fushimavina chuyên cung cấp các thiết bị lạnh công nghiệp cho các mô hình kinh doanh nhà hàng, khách sạn, quán cafe, tiệm trà sữa, quầy bar, căng tin, trườn...",33000000,0,0,0,,,Fushimavina 
77745320,Tủ lạnh Inverter AQR-T239FA(HB) - Hàng chính hãng ( chỉ giao HCM ),"Giao hàng & lắp đặt cùng lúc (nếu có), khu vực CẦN GIỜ có giao hàng tính phí, vui lòng liên hệ trước.Lắp đặt cơ bản miễn phí lúc giao hàng ở nhà trệt / có thang máy.Cần hỗ trợ giao hàng nhanh, ...",4750000,1340000,22,0,,,Aqua
201856176,[HÀNG CHÍNH HÃNG] Tủ bàn lạnh 1m2 cánh inox Viner,Model: V-BLCIQ 1.2Thương hiệu: VinerKích thước: 1200 x 750 x 850mm hoặc 1200 x 600 x 850mmCánh tủ bằng inoxDung tích: 200 ~ 250LNhiệt độ: 0oC ~ +10oCĐiện áp: 220VCông suất: 300WTrọng lượng: 85...,30800000,0,0,0,,,VinER
184419332,Tủ lạnh mini Kemin Ku400  Chính Hãng  - Dùng ở nhà và ô tô - Nóng lạnh 2 chiều,TỦ LẠNH MINI KEMIN KU400 LÀ DÒNG TỦ TỰ ĐỘNGkích thước: 263x192x280 mmDùng USBC 5V2 chế độ làm nóng (60-65 độ) và làm lạnh (7-15 độ) Lưu ý: Do tủ sử dụng công nghệ làm lạnh bán dẫn nên sẽ xảy ra h...,799000,0,0,2,,13.0,Kemin
50560420,Tủ lạnh Aqua 90 lít AQR-D99FA(BS),"Thiết kế nhỏ gọn, gam màu đen sang trọngTủ Lạnh Mini Aqua AQR-D99FA-BS thiết kế 1 cửa mở tiện lợi cho việc lấy đồ, kiểu dáng nhỏ gọn, đơn giản nhưng không kém phần sang trọng với gam màu đen thanh l...",2799000,0,0,13,,55.0,Aqua
177609910,[HCM] Tủ Lạnh Mini Bar Electrolux EUM0500AD-VN - Dung Tích 45 lít - Hàng Chính Hãng,Tủ lạnh Electrolux 45 lít EUM0500AD-VN có thiết kế nhỏ gọn và dung tích 45 lít nhìn giống như một chiếc tủ nhỏ nên dễ dàng đặt để ở nhiều nơi trong không gian. Công nghệ làm lạnh trực tiếp giúp duy tr...,2749000,971000,26,0,,2.0,Electrolux
50560418,Tủ Lạnh Mini Aqua 50 lít AQR-D59FA-BS - Hàng Chính Hãng - Chỉ giao tại HCM,"Thiết kế nhỏ gọn, gàm màu đen sang trọngTủ Lạnh Mini Aqua AQR-D59FA-BS thiết kế 1 cửa mở tiện lợi cho việc lấy đồ, kiểu dáng nhỏ gọn, đơn giản nhưng không kém phần sang trọng với gam màu đen thanh lị...",2398000,0,0,7,,21.0,Aqua
52780228,Tủ lạnh Samsung Inverter 208 lít RT20HAR8DBU/SV - HÀNG CHÍNH HÃNG,"Tủ Lạnh Samsung Ngăn Đông Trên RT20HAR8DBU với Digital Inverter 216 L, màu Đen RT20HAR8DBU/SVCông nghệ Digital Inverter bền bỉ, tiết kiệm điệnBộ lọc khử mùi than hoạt tínhTấm giữ nhiệt Mr Cool Pa...",4859000,3140000,39,36,,102.0,Samsung
274062392,Tủ Lạnh Aqua AQR-M727XA(GS)U1 660L Inverter - Hàng Chính Hãng (Chỉ giao HCM),"Khu vực ngoại thành HCM có giao hàng tính phí, vui lòng liên hệ trước.Lắp đặt MIỄN PHÍ ở nhà trệt / có thang máy, lên lầu thang bộ có phí.Cần hỗ trợ giao hàng nhanh, quý KH vui lòng liên hệ / chat ...",20849000,5141000,20,0,,,Aqua
189336414,Tủ lạnh mini Kemin K20A - K15 Chính Hãng - Chỉnh nhiệt - Công nghệ 2025,"MÔ TẢ SẢN PHẨMTủ lạnh mini đựng mỹ phẩm Kemin K20A/K15 là dòng sản phẩm cao cấp, đang hot nhất trên thị trường của hãng Kemin Công dụng sản phẩm:Bảo quản mỹ phẩm cao cấp: là tủ lạnh chuyên dụng để ...",2950000,0,0,7,,17.0,Kemin
278668303,TỦ LẠNH KAFF KF-BI233WL LUXURY, Tủ lạnh cao cấp âm toàn phần dạng (2 cánh)• Thiết kế âm tủ với cửa có thể lắp mặt gỗ phía trước theo ý thích và thiết kế riêng củatừng gian bếp• Thiết kế âm tủ với cửa có thể lắp mặt gỗ phía trước...,23120000,0,0,0,,,KAFF
276503580,Tủ lạnh Aqua Inverter 347 lít AQR-T390FA(WGM) - Bảo hành 2 năm - Freeship toàn quốc - Hàng chính hãng,Thông số cơ bản- Tổng Dung tích (L): 374- Xuất xứ: Việt Nam- Kích thước (R x S x C) (mm): 598 x 681 x 1775- Khối lượng tịnh: 66 Thông số kỹ thuật- Dung tích Tổng / thực: 374/347- Dung tích ngă...,11990000,0,0,0,,,Aqua
171262021,Tủ lạnh mini KEMIN 6L CAT HEAD Chính hãng,TỦ LẠNH MINI KEMIN 6L LÀ DÒNG TỦ TỰ ĐỘNGkích thước: 27x23x34 cmDùng được cả ở nhà (220V-50W) và trên ô tô (12V)2 chế độ làm nóng (60-65 độ) và làm lạnh (5-15 độ)Lưu ý: Do tủ sử dụng công nghệ làm lạnh...,1200000,0,0,6,,21.0,Kemin
253600932,Tủ Lạnh AQUA Inverter 189 Lít -AQR-T220FA - Hàng Chính Hãng,  Thông số cơ bản   Tổng Dung tích (L): 200   Xuất xứ: Việt Nam   Kích thước (R x S x C) (mm): 548 x 565 x 1355   Khối lượng tịnh: 38   Thông số kỹ thuật:   Dung tích Tổng / thực: 200/189   Du...,5490000,0,0,0,,,Aqua
275657894,TỦ LẠNH SAMSUNG INVERTER RT20HAR8DBU/SV - Hàng chính hãng,"Ngăn chặn mùi hôi khó chịu với bộ lọc than hoạt tính DeodorizerBộ lọc than hoạt tính Deodorizertrên tủ lạnh Samsung Inverter 208 lít RT20HAR8DBU/SVgiúp loại bỏ hoàn toàn những mùi hôi khó chịu, các n...",5069000,121000,2,0,,1.0,Samsung
274289465,"[CỬA HÀNG CHÍNH HÃNG] Tủ Bàn Lạnh Cánh Inox 1,8m Quạt gió"," CHÀO MỪNG QUÝ KHÁCH ĐẾN FUSHIMA CHÍNH HÃNG!Fushimavina chuyên cung cấp các thiết bị lạnh công nghiệp cho các mô hình kinh doanh nhà hàng, khách sạn, quán cafe, tiệm trà sữa, quầy bar, căng tin, trườn...",33550000,0,0,0,,,Fushimavina 
194212012,Freeship Toàn Quốc - Tủ lạnh ngăn đông dưới Aqua 324 Lít AQR-IG378EB(GB) - Bảo hàng 2 năm - Hàng chính hãng,"Thiết kế hiện đại, mặt gương sang trọng Tủ lạnh Aqua Inverter 324 lít AQR-IG378EB GB có thiết kế mặt gương màu đen sang trọng, kết hợp với bảng điều khiển cảm ứng bên ngoài cùng kiểu dáng ngăn đá dướ...",14790000,0,0,0,,,Aqua
274630794,[HÀNG CHÍNH HÃNG] Tủ đông mát 6 cánh lạnh trực tiếp Viner,Model: V-TDM6CLTTDung tích: 1500LKích thước: 1800x700x1920mmTrọng lượng: 180kgĐiện áp/Tần số: 220V/50HzCông suất: 680WNhiệt độ: -18ºC ~ 0ºC; -5 ~ +5ºCGas lạnh: R290Thiết kế 3 cánh trên là ngăn...,50600000,0,0,0,,,VinER
203897690,Tủ lạnh Funiki FR-51DSU tủ mini 46 lít - Hàng chính hãng( chỉ giao HCM),"Khu vực ngoại thành HCM có giao hàng tính phí, vui lòng liên hệ trước.Lắp đặt MIỄN PHÍ ở nhà trệt / có thang máy, lên lầu thang bộ có phí.Cần hỗ trợ giao hàng nhanh, quý KH vui lòng liên hệ / chat ...",3120000,0,0,0,,,Funiki
77745474,Tủ lạnh Inverter AQR-T239FA(HB) - Hàng chính hãng ( chỉ giao HCM ),"Giao hàng & lắp đặt cùng lúc (nếu có), khu vực CẦN GIỜ có giao hàng tính phí, vui lòng liên hệ trước.Lắp đặt cơ bản miễn phí lúc giao hàng ở nhà trệt / có thang máy.Cần hỗ trợ giao hàng nhanh, q...",4969000,2930000,37,0,,1.0,Aqua
200005232,[Freeship toàn quốc - Bảo hành chính hãng 2 năm] Tủ lạnh ngăn đông dưới Aqua 320 Lít AQR-B379MA(WGB) - Hàng chính hãng,● Miễn phí giao hàng toàn quốc (từ 5-7 ngày)● Miễn phí lắp đặt*● Bảo hành chính hãng 2 năm*Áp dụng cho sản phẩm máy giặt. *Miễn phí lắp đặt theo tiêu chuẩn của sản phẩm. Chi phí Vật tư và công...,15990000,0,0,0,,,Aqua
276882433,"Tủ Lạnh Mini 82 Lít Hisense HR08DR/HR08DW Tiết Kiệm Điện, Ngăn Đông Làm Đá Bảo Hành 24 Tháng - Hàng Chính Hãng","Với thiết kế nhỏ gọn vừa mang đến sự tiện ích trong cuộc sống vừa giúp bảo quản thực phẩm, hoa quả tươi ngon hơn với nhiều tính năng khác biệt: ngăn đông đạt chuẩn 3 sao -18 độ, ngăn đa chức năng trán...",7990000,0,0,0,,,Hisense
273466722,Tủ lạnh Panasonic Diệt Khuẩn 366L NR-TL381GVKV Lấy Nước Ngoài Kháng Khuẩn -  Bộ Cảm biến Econavi - Ngăn Đá Trên - Hàng Chính Hãng,"Khu vực ngoại thành HCM có giao hàng tính phí, vui lòng liên hệ trước.Lắp đặt MIỄN PHÍ ở nhà trệt / có thang máy, lên lầu thang bộ có phí.Cần hỗ trợ giao hàng nhanh, quý KH vui lòng liên hệ / chat ...",13149000,2241000,15,0,,,Panasonic
186133756,Tủ lạnh Aqua 50 lít AQR-D59FA (BS) - Hàng Chính Hãng [Giao hàng toàn quốc],"Khu vực ngoại thành HCM có giao hàng tính phí, vui lòng liên hệ trước.Lắp đặt MIỄN PHÍ ở nhà trệt / có thang máy, lên lầu thang bộ có phí.Cần hỗ trợ giao hàng nhanh, quý KH vui lòng liên hệ / chat v...",3400000,0,0,0,,,Aqua
276379911,"Tủ lạnh Mini Hisense 82 Lít HR08DR/HR08DW tiết kiệm điện, làm lạnh nhanh, bảo hành 24 tháng - HÀNG CHÍNH HÃNG","Tủ lạnh Mini Hisense 82 Lít HR08DR/HR08DWTủ lạnh Mini Hisense 82L với thiết kế nhỏ gọn vừa mang đến sự tiện ích trong cuộc sống vừa giúp bảo quản thực phẩm, hoa quả tươi ngon hơn với nhiều tính năng ...",3790000,3200000,46,0,,,Hisense
276492183,Tủ lạnh Aqua 90 lít AQR-D100FA(BS) - Freeship toàn quốc - Hàng chính hãng - Bảo hành 2 năm,...,3590000,0,0,0,,4.0,Aqua
260812131,Tủ lạnh Electrolux  EQE5660A-B  Inverter 562 lít - hàng chính hãng - chỉ giao HCM,"Khu vực ngoại thành HCM có giao hàng tính phí, vui lòng liên hệ trước.Lắp đặt MIỄN PHÍ ở nhà trệt / có thang máy, lên lầu thang bộ có phí.Cần hỗ trợ giao hàng nhanh, quý KH vui lòng liên hệ / chat v...",32260000,0,0,0,,,Electrolux
77744257,Tủ lạnh Inverter AQR-T238FA(FB) - Hàng chính hãng ( Chỉ giao HCM ),...,5230000,0,0,0,,,Aqua
278588303,Tủ lạnh LG 195 lít LOB16BGM - Hàng Chính Hãng,"Kiểu tủ 1 cửa riêng biệt, cửa viền bo tròn, màu be thời trang.Dung tích sử dụng 195 lít phù hợp gia đình 2 - 3 người.Công nghệ làm lạnh trực tiếp giúp làm lạnh thực phẩm nhanh chóng.Ngăn Moist Bal...",4189000,2801000,40,0,,,LG
277486657,Tủ lạnh Funiki 126 lít FR-132CI.1  - HÀNG CHÍNH HÃNG - CHỈ GIAO HCM,Tên modelFR-132CI.1Ngoại quanKiểu tủ2 cánhngăn đá trênVật liệu cánh tủCửa thépghi đenKiểu tay nắmNgangNhựa đenThể tích(Hiện đang áp dụng)Tổng (Net Volume - L)126Ngăn đông_FC (...,5990000,0,0,0,,,Funiki
260110595,Tủ Lạnh Samsung RT31CB56248ASV Inverter 305 Lít - hàng chính hãng - chỉ giao HCM,"Khu vực ngoại thành HCM có giao hàng tính phí, vui lòng liên hệ trước.Lắp đặt MIỄN PHÍ ở nhà trệt / có thang máy, lên lầu thang bộ có phí.Cần hỗ trợ giao hàng nhanh, quý KH vui lòng liên hệ / chat v...",8359000,7631000,48,0,,,Samsung
274635742,[HÀNG CHÍNH HÃNG] Tủ mát 2 cánh lạnh trực tiếp Viner,Model: V-TM2CDung tích: 500LKích thước: 600x700x1920mmTrọng lượng: 60kgĐiện áp/Tần số: 220V/50HzCông suất: 300WNhiệt độ:  -5 ~ +5ºCGas lạnh: R290Cơ chế làm lạnh trực tiếp với hệ thống dàn lạnh...,20350000,0,0,0,,,VinER
276272486,Tủ lạnh Electrolux Inverter 492 lít EQE4960A-B - Hàng Chính Hãng - Giao HCM,Tủ lạnh Electrolux Inverter 492 lít EQE4960A-BBạn đang tìm kiếm một chiếc tủ lạnh 4 cửa sang trọng thì không thể nào bỏ lỡ tủ lạnh EQE4960A-B mẫu mới nhất của Electrolux. Được trang bị Công nghệ Even...,14160000,3940000,22,0,,1.0,Electrolux
274660207,Tủ lạnh Aqua 200/189 lít AQR-T220NE(HB)-Hàng chính hãng,"Tủ lạnh Aqua Inverter 189 lít AQR-T220NE(HB) có khả năng làm lạnh đa chiều, giúp bảo quản thực phẩm tối ưu, giảm thiểu tỷ lệ hư hỏng. Ngoài ra, tủ lạnh cũng mang lại hiệu quả tiết kiệm điện nhờ sử dụn...",4862000,0,0,0,,,Aqua
276275695,Tủ lạnh Aqua 90 lít ( CÓ ĐÓNG TUYẾT) AQR-D100FA(BS) - HÀNG CHÍNH HÃNG - CHỈ GIAO HCM,"Đặc điểm nổi bậtThiết kế 90 lít nhỏ gọn, di chuyển dễ dàng.Làm lạnh thực phẩm nhanh với công nghệ làm lạnh trực tiếp.Tùy chỉnh nhiệt độ làm lạnh dễ dàng với nút vặn điều chỉnh nhiệt độ.Ch...",3089000,901000,23,0,,1.0,Aqua
174311813,Tủ lạnh Electrolux 45 lít EUM0500AD-VN - Hàng chính hãng (chỉ giao HCM),Tủ lạnh Electrolux mini bar 45 lít UltimateTaste 300 - Xám ArcticEUM0500AD-VNNhỏ gọn và hoạt động êm ái.Ngăn CoolZone trữ thực phẩm lạnh hơn.Cửa tủ sâu hơi để chứa các chai lớn.Thông tin ch...,2539000,1161000,31,2,,10.0,Electrolux
274290833,[CỬA HÀNG CHÍNH HÃNG] Tủ Bàn Mát 1m8 Lạnh Trực Tiếp," CHÀO MỪNG QUÝ KHÁCH ĐẾN FUSHIMA CHÍNH HÃNG!Fushimavina chuyên cung cấp các thiết bị lạnh công nghiệp cho các mô hình kinh doanh nhà hàng, khách sạn, quán cafe, tiệm trà sữa, quầy bar, căng tin, trườn...",25850000,0,0,0,,,Fushimavina 
274635701,[HÀNG CHÍNH HÃNG] Tủ đông lạnh 4 cánh trực tiếp Viner,Model: V-TD4CLTTDung tích: 1000LKích thước: 1200x700x1920mmTrọng lượng: 120kgĐiện áp/Tần số: 220V/50HzCông suất: 430WNhiệt độ:  -18 ~ +0ºCGas lạnh: R290Cơ chế làm lạnh trực tiếp với hệ thống d...,31900000,0,0,0,,,VinER
274635065,[HÀNG CHÍNH HÃNG] Tủ mát 6 cánh lạnh trực tiếp Viner,Model: V-TM6CDung tích: 1500LKích thước: 1800x700x1920mmTrọng lượng: 180kgĐiện áp/Tần số: 220V/50HzCông suất: 600WNhiệt độ:  -5 ~ +5ºCGas lạnh: R290Cơ chế làm lạnh trực tiếp với hệ thống dàn l...,48400000,0,0,0,,,VinER
273499930,[HÀNG CHÍNH HÃNG] Tủ bàn mát 1m8 lạnh trực tiếp Viner,Model: V-BLCI1M8Dung tích: 400LKích thước: 1800 x 700 x 800mmTrọng lượng: 90kgĐiện áp/Tần số: 220V/50HzCông suất: 230WNhiệt độ:  0 ~ +10ºCGas lạnh: R290Thiết kế 3 cánh cửa inoxCơ chế làm lạnh...,25850000,0,0,0,,,VinER
274290746,[CỬA HÀNG CHÍNH HÃNG] Tủ Bàn Mát 1m5 Lạnh Trực Tiếp," CHÀO MỪNG QUÝ KHÁCH ĐẾN FUSHIMA CHÍNH HÃNG!Fushimavina chuyên cung cấp các thiết bị lạnh công nghiệp cho các mô hình kinh doanh nhà hàng, khách sạn, quán cafe, tiệm trà sữa, quầy bar, căng tin, trườn...",24750000,0,0,0,,,Fushimavina 
217190344,[Hàng chính hãng] Tủ lạnh BESPOKE Multidoor Samsung 599L Trắng/Xanh Navy (RF60A91R177),"Thiết kế sang trọng, tinh tế, có thể ẩn mình trong mọi căn bếp Tủ lạnh Samsung Inverter 599 lít RF60A91R177/SV có thiết kế 4 cửa kiểu Pháp sang trọng, kết hợp với mặt kính Glam Glass đầy tinh tế cùng...",33559000,17440000,34,0,,,Samsung
274635626,[HÀNG CHÍNH HÃNG] Tủ đông mát 4 cánh lạnh trực tiếp Viner,Model: V-TD4CDung tích: 1000LKích thước: 1200x700x1920mmTrọng lượng: 120kgĐiện áp/Tần số: 220V/50HzCông suất: 430WNhiệt độ:  -18 ~ +0ºCGas lạnh: R290Cơ chế làm lạnh trực tiếp với hệ thống dàn ...,33000000,0,0,0,,,VinER
274290695,[CỬA HÀNG CHÍNH HÃNG] Tủ Bàn Mát 1m2 Lạnh Trực Tiếp," CHÀO MỪNG QUÝ KHÁCH ĐẾN FUSHIMA CHÍNH HÃNG!Fushimavina chuyên cung cấp các thiết bị lạnh công nghiệp cho các mô hình kinh doanh nhà hàng, khách sạn, quán cafe, tiệm trà sữa, quầy bar, căng tin, trườn...",23650000,0,0,0,,,Fushimavina 
3813421,Tủ lạnh Hitachi Inverter 540 lít R-FW690PGV7X GBK,"KHU VỰC CẦN GIỜ CÓ GIAO HÀNG TÍNH PHÍ, VUI LÒNG LIÊN HỆ TRƯỚC.* Lắp đặt miễn phí lúc giao hàng ở nhà trệt / có thang máy.* Cần hỗ trợ giao hàng nhanh, quý KH vui lòng liên hệ / chat với shop nhé* B...",22379000,14220000,39,2,,14.0,Hitachi
147824185,"Kệ Đỡ Tủ Lạnh - Máy Giặt, KB-901","Chân Đỡ Máy Giặt - Tủ lạnhSản phẩm có thể tăng giảm theo kích thước Tủ Lạnh - Máy GiặtLoại lớn tăng giảm trong khoảng từ 53 đến 75 cm, chịu tải đến 150kgLoại nhỏ tăng giảm trong khoảng 50 đến 60 cm...",250000,0,0,0,,,KIBATH
273364219,Tủ lạnh Toshiba Inverter 338 lít GR-RT468WE-PMV(58)-MM - Hàng chính hãng - Chỉ giao HCM,"Khu vực ngoại thành HCM có giao hàng tính phí, vui lòng liên hệ trước.Lắp đặt MIỄN PHÍ ở nhà trệt / có thang máy, lên lầu thang bộ có phí.Cần hỗ trợ giao hàng nhanh, quý KH vui lòng liên hệ / chat ...",7259000,4740000,40,0,,1.0,Toshiba
104958468,Tủ lạnh Panasonic Inverter 234 lít NR-TV261BPKV - Chỉ giao tại HCM,GIAO HÀNG VÀ LẮP ĐẶT CÙNG LÚC.Đặc điểm sản phẩmKiểu tủ:260 lít234 lítSố cánh cửa:2 cánhSố người sử dụng:Dung tích ngăn đá:75 lítDung tích ngăn lạnh:159 lít~ 0.92 kW...,8622000,1678000,16,0,,,Panasonic
3813231,Tủ lạnh Hitachi Inverter 540 lít R-FW690PGV7X GBK,"KHU VỰC CẦN GIỜ CÓ GIAO HÀNG TÍNH PHÍ, VUI LÒNG LIÊN HỆ TRƯỚC.* Lắp đặt miễn phí lúc giao hàng ở nhà trệt / có thang máy.* Cần hỗ trợ giao hàng nhanh, quý KH vui lòng liên hệ / chat với shop nhé* B...",22369000,14230000,39,3,,8.0,Hitachi
275883159,Tủ lạnh LG Inverter 617 lít Multi Door InstaView LFB61BLGAI - HÀNG CHÍNH HÃNG - CHỈ GIAO HCM,Kiểu tủ:Multi Door - 4 cánhDung tích sử dụng:617 lít - Trên 5 ngườiDung tích tổng:677 lítDung tích ngăn đá:176 lítDung tích ngăn lạnh:441 lítChất liệu cửa tủ lạnh:Vật liệu P...,28890000,1100000,4,0,,,LG
273697367,TỦ LẠNH TOSHIBA INVERTER GR-RT416WE-PMV(58)-MM  312L - HÀNG CHÍNH HÃNG (CHỈ GIAO HCM),"Khu vực ngoại thành HCM có giao hàng tính phí, vui lòng liên hệ trước.Lắp đặt MIỄN PHÍ ở nhà trệt / có thang máy, lên lầu thang bộ có phí.Cần hỗ trợ giao hàng nhanh, quý KH vui lòng liên hệ / chat ...",6979000,4320000,38,0,,1.0,Toshiba
247461730,Tủ lạnh Panasonic NR-BC361VGMV 325 lít - Hàng chính hãng (chỉ giao HCM),"GIAO HÀNG VÀ LẮP ĐẶT CÙNG LÚC,KHU VỰC CẦN GIỜ CÓ GIAO HÀNG TÍNH PHÍ, VUI LÒNG LIÊN HỆ TRƯỚC.Hỗ trợ giao hàng và miễn phí lắp đặt cơ bản ở nhà trệt/có thang máy.Bảo hành chính hãng 02 năm, có người ...",13459000,2941000,18,0,,1.0,Panasonic
214592962,Tủ đông Hòa Phát 205 Lít HPF BN6205 Dàn lạnh nhôm Model 2022 - Hàng chính hãng (Chỉ giao HCM),"Tủ đông Hòa Phát 2 ngăn 2 cánh HPF BN6205Mã sản phẩm: HPF BN6205Tủ đông 2 ngăn 2 cánhDung tích 205LDàn đồng, On/OffKích thước tổng (RxCxS): 1035x915x610 mm2 chế độ đông và mátMôi chất lạnh...",5119000,2880000,36,0,,,Funiki
247464773,Tủ lạnh Panasonic NR-BV281BGMV inverter 255 lít - Hàng chính hãng (chỉ giao HCM),"GIAO HÀNG VÀ LẮP ĐẶT CÙNG LÚC,KHU VỰC CẦN GIỜ CÓ GIAO HÀNG TÍNH PHÍ, VUI LÒNG LIÊN HỆ TRƯỚC.Hỗ trợ giao hàng và miễn phí lắp đặt cơ bản ở nhà trệt/có thang máy.Bảo hành chính hãng 02 năm, có người ...",14200000,0,0,0,,,Panasonic
83419113,Tủ lạnh Panasonic Inverter 377 lít NR-BX421GPKV - Chỉ giao HCM,"Bảo quản thực phẩm không cần rã đông với ngăn cấp đông mềm Prime Fresh+Tủ lạnh Panasonic Inverter 377L NR-BX421GPKV được trang bị ngăn đông mềm thế hệ mới Prime Fresh+ với mức nhiệt độ ở -3 độ C, chỉ...",14437000,4263000,23,0,,1.0,Panasonic
48583111,"BẢO VỆ TỦ LẠNH, THIẾT BỊ LẠNH VỚI STANDA BẢO VỆ AN TOÀN TUYỆT ĐỐI ","Mô tả chi tiết về bảo vệ tủ lạnh Standa:Thiết bị bảo vệ tủ lạnh STANDA được thiết kế hoàn chỉnh, hoạt động chính xác tin cậy, với bảo vệ tủ lạnh STANDA tủ lạnh của bạn sẽ tuyệt đối an toàn làm vi...",139000,0,0,8,,25.0,OEM
116135563,Sò lạnh tủ lạnh  Nhật âm 4 loại tốt,"ĐIỆN LẠNH THUẬN DUNG Cam KếtTất cả sản phẩm đều được test và đóng gói nghiêm chỉnh trước khi chuyển cho kháchHình sản phẩm là hình thật Shop chụp 100% không sao chép hình trên mạng , không lấy hình n...",30000,0,0,3,,35.0,Thuận Dung
97015567,Tủ lạnh Panasonic Inverter 306 lít NR-TV341VGMV - Chỉ giao tại HCM,HỖ TRỢ GIAO HÀNG VÀ LẮP ĐẶT CÙNG LÚC.Kiểu tủ:340 lít306 lítSố cánh cửa:2 cánhSố người sử dụng:Dung tích ngăn đá:82 lítDung tích ngăn lạnh:224 lít~ 1.04 kW/ngàyCôn...,10741000,3559000,25,0,,,Panasonic
276619390,Tủ lạnh LG Inverter 340 lít InstaView LBB33BLMAI - Hàng chính hãng,"Đặc điểm nổi bậtDung tích sử dụng 340 lít phù hợp 3 - 4 thành viên.Công nghệ InstaView dễ quan sát bên trong với 2 lần gõ nhẹ vào cửa tủ.Công nghệ LINEARCooling làm giảm biến động nhiệt độ, thực ...",16289000,701000,4,0,,,LG
195953048,Tủ lạnh Toshiba Inverter 325 lít GR-RB410WE-PMV(37)-SG - Hàng chính hãng [Giao hàng toàn quốc],"Thực phẩm tươi lạnh mà không cần rã đông với ngăn Flex-zone -1 độ CTủ lạnh trang bị ngăn Flex-zone -1 độ C để bảo quản các loại thịt, cá,... ở nhiệt độ đông lạnh đến 3-4 ngày mà thực phẩm vẫn tươi ng...",7679000,4501000,37,0,,1.0,Toshiba
134250875,Tủ lạnh Toshiba Inverter 311 lít GR-RT395WE-PMV(06)-MG - Hàng chính hãng - Giao hàng toàn quốc,"Khu vực ngoại thành HCM có giao hàng tính phí, vui lòng liên hệ trước.* Lắp đặt miễn phí lúc giao hàng ở nhà trệt / có thang máy.* Cần hỗ trợ giao hàng nhanh, quý KH vui lòng liên hệ / chat với s...",9990000,0,0,2,,2.0,Toshiba
276425094,Tủ Lạnh Aqua Inverter 292 lít AQR-B360MA(SLB) - Hàng Chính Hãng - Giao Hàng TP HCM,Tổng quanKiểu tủ:Ngăn đá dưới - 2 cánhDung tích sử dụng:292 lít - 2 - 3 ngườiDung tích tổng:317 lítDung tích ngăn đá:91 lítDung tích ngăn lạnh:167 lítDung tích ngăn chuyển đổi:...,8639000,4560000,35,0,,,Aqua
276146077,Tủ lạnh LG Inverter 459 lít LTD46SVMA - hàng chính hãng - giao nội thành HCM,"Dung tích sử dụng 459 lít của tủ lạnh LG Inverter 459 lít LTD46SVMA phù hợp cho các gia đình từ 4 - 5 người, trang bị nhiều công nghệ bảo quản thực phẩm giữ được độ tươi ngon lâu dài, chứa nhiều ngăn ...",11789000,1361000,10,0,,,LG
55964013,Tủ lạnh Inverter Panasonic NR-BA229PKVN (188L) - Hàng chính hãng - Chỉ giao tại HCM,"Kháng khuẩn, loại bỏ mùi hôi mạnh mẽ với công nghệ Ag CleanTủ lạnh Panasonic Inverter 188 lít NR-BA229PKVN sở hữu công nghệ Ag Clean, có khả năng giải phóng các ion Ag+ giúp kháng khuẩn và loại bỏ...",6556000,1844000,22,0,,2.0,Panasonic
277688635,Tủ lạnh Samsung Inverter 655 lít Side By Side RS70F65Q3FSV - HÀNG CHÍNH HÃNG - CHỈ GIAO HCM,"Đặc điểm nổi bậtTủ lạnh có dung tích 655 lít phù hợp cho gia đình trên 5 thành viên.Công nghệ làm lạnh vòm All-around Cooling giúp duy trì nhiệt độ tủ luôn ổn định.Vận hành êm ái, tiết kiệm điện n...",14389000,11601000,45,0,,,Samsung
211926821,Tủ lạnh LG Inverter 530 Lít GR-B53MB - Chỉ giao HCM,"Vừa vặn hoàn hảo cho không gian của bạnTủ lạnh LG Inverter 530 Lít GR-B53MB có cửa kiểu Pháp và độ dày mỏng, chiều rộng 835mm, hẹp hơn tủ lạnh cửa kiểu Pháp thông thường, vừa vặn dễ dàng với hầu như ...",14733000,5267000,26,0,,,LG
203464555,Tủ lạnh Panasonic Inverter 377 Lít NR-BX421GPKV- hàng chính hãng,"Bảo quản thực phẩm không cần rã đông với ngăn cấp đông mềm Prime Fresh+ được trang bị ngăn đông mềm thế hệ mới Prime Fresh +  với mức nhiệt độ ở -3 độ C, chỉ làm đông nhẹ trên bề mặt thực phẩm.Nhờ đ...",14437000,4263000,23,0,,,Panasonic
274031450,Tủ Lạnh Toshiba Inverter GR-RF677WI-PGV(22)-XK  515L - Hàng Chính hãng (Chỉ Giao HCM),"Khu vực ngoại thành HCM có giao hàng tính phí, vui lòng liên hệ trước.Lắp đặt MIỄN PHÍ ở nhà trệt / có thang máy, lên lầu thang bộ có phí.Cần hỗ trợ giao hàng nhanh, quý KH vui lòng liên hệ / chat ...",15589000,1001000,6,0,,,Toshiba
274283670,Tủ lạnh Toshiba Inverter 321 lít GR-RB405WEA-PMV(06)-MG - Hàng chính hãng - Chỉ giao HCM,"Khu vực ngoại thành HCM có giao hàng tính phí, vui lòng liên hệ trước.Lắp đặt MIỄN PHÍ ở nhà trệt / có thang máy, lên lầu thang bộ có phí.Cần hỗ trợ giao hàng nhanh, quý KH vui lòng liên hệ / chat...",9319000,5280000,36,0,,,Toshiba
274692722,Tủ lạnh Inverter Toshiba 311 lít GR-RT395WE-PMV(06)MG-Hàng chính hãng,"Lấy nước bên ngoài tiện lợi tránh thất thoát hơi lạnhBạn có thể lấy nước phía bên ngoài cửa tủ lạnh Toshiba GR-RT395WE-PMV(06)MG, thao tác tiện lợi mà không cần phải mở cửa, giúp bạn thưởng thức được...",9202000,0,0,0,,,Toshiba
56115950,Tủ lạnh Side By Side Inverter LG GR-D247MC (601L) - Hàng chính hãng - Chỉ giao tại HCM,"GIAO HÀNG VÀ LẮP ĐẶT CÙNG LÚC, KHU VỰC CẦN GIỜ CÓ GIAO HÀNG TÍNH PHÍ, VUI LÒNG LIÊN HỆ TRƯỚCVật tư phát sinh tính phí theo thực tế.Bảo hành chính hãng , có người đến tận nhà hỗ trợ....",20711000,7689000,27,0,,,LG
160446297,Tủ Lạnh Smart Inverter LG 394 Lít GN-D392PSA - Hàng Chính Hãng - Chỉ GIao HCM,"Tính năng nổi bật:Dung tích 394 lítLàm mát từ cửa Door Cooling+Giữ cho tủ lạnh sạch sẽ với Hygiene Fresh, khử mùi và loại bỏ tới 99,99% vi khuẩn.Lấy nước ngoài, làm đá tự động từ cánh tủThông ...",10276000,2624000,20,0,,,LG
276424984,Tủ Lạnh Aqua Inverter 292 lít AQR-B360MA(SLB) - Hàng Chính Hãng - Giao Hàng TP HCM,Tổng quan Kiểu tủ: - 2 cánhDung tích sử dụng:317 lítDung tích ngăn đá:91 lítDung tích ngăn lạnh:167 lítDung tích ngăn chuyển đổi:34 lítNăm ra mắt:2024Sản xuất tại:Việt N...,8639000,4560000,35,0,,,Aqua
276607009,Tủ lạnh LG Inverter 641 lít Side By Side LSI63BLMA - Hàng chính hãng,"Đặc điểm nổi bậtTủ lạnh Side by Side 641 lít thích hợp cho gia đình trên 5 thành viên.Ngăn lấy nước và đá ngoài tiện lợi, tránh mở cửa nhiều lần thất thoát hơi lạnh.Công nghệ làm lạnh LINEAR...",20289000,6701000,25,0,,,LG
73785458,Tủ lạnh Sharp Inverter 401 lít SJ-FXP480VG-CH Mới 2020 - Hàng chính hãng (chỉ giao HCM),"KHU VỰC CẦN GIỜ CÓ GIAO HÀNG TÍNH PHÍ, VUI LÒNG LIÊN HỆ TRƯỚC.* Lắp đặt miễn phí lúc giao hàng ở nhà trệt / có thang máy.* Cần hỗ trợ giao hàng nhanh, quý KH vui lòng liên hệ / chat với shop nhé* B...",14059000,8040000,36,1,,4.0,Sharp
1010522,Tủ Lạnh Inverter Aqua AQR-IG525AM-GB (456L) – Đen - Hàng chính hãng ,"GIAO HÀNG VÀ LẮP ĐẶT CÙNG LÚC, KHU VỰC CẦN GIỜ CÓ GIAO HÀNG TÍNH PHÍ, VUI LÒNG LIÊN HỆ TRƯỚC Vật tư phát sinh tính phí theo thực tế. Bảo hành chính hãng , có người đến tận nhà hỗ trợ.  Thiết kế mặ...",15256000,2844000,16,0,,3.0,Aqua
278598146,Tủ lạnh LG Inverter 340 lít  InstaView LBB33BLMAI - Hàng Chính Hãng ,"Dung tích sử dụng 340 lít phù hợp 3 - 4 thành viên.Công nghệ InstaView dễ quan sát bên trong với 2 lần gõ nhẹ vào cửa tủ.Công nghệ LINEARCooling làm giảm biến động nhiệt độ, thực phẩm tươi ngon đến...",24990000,0,0,0,,,LG
204879294,Tủ Lạnh LG Inverter GN-D440BLA (475L) - Hàng chính hãng - Giao HCM và 1 số tỉnh thành,"Màu sắc sang trọng, kiểu dáng hiện đạiSở hữu gam màu sang trọng, Tủ lạnh Inervert LG GN-D440BLA (475L) thuộc mẫu tủ lạnh ngăn đá trên - không chỉ mang lại cảm giác thân thuộc về kiểu tủ truyền thống ...",9842000,4358000,31,0,,,LG
186391912,Tủ lạnh Sharp Inverter 362 lít SJ-FX420VG-BK - Hàng chính hãng (chỉ giao HCM),"Tủ lạnh Sharp Multi doors 4 cửa, ngăn đá dưới thông minh giúp hạn chế khom lưngTủ lạnh Sharp Inverter 362 lít SJ-FX420VG-BK vô cùng hiện đại với thiết kế Multi doors 4 cửa, cùng ngăn đá đặt phía dưới ...",12419000,7180000,37,1,,1.0,Sharp
189658998,Tủ lạnh ô tô Kemin KM-26L Chính hãng - Làm đá siêu tốc,"MÔ TẢ SẢN PHẨMĐến từ thương hiệu Kemin nổi tiếng về điện tử điện lạnh, Kemin KM-26L là chiếc tủ lạnh di động cao cấp mà bạn luôn tìm kiếm cho mỗi chuyến đi của gia đình.Với thiết kế cao cấp, tủ lạnh...",3950000,0,0,1,,4.0,Kemin
891422,Tủ Lạnh Instaview Door In Door LG GR-X247JS (601L) - Hàng chính hãng ,"GIAO HÀNG VÀ LẮP ĐẶT CÙNG LÚC, KHU VỰC CẦN GIỜ CÓ GIAO HÀNG TÍNH PHÍ, VUI LÒNG LIÊN HỆ TRƯỚCVật tư phát sinh tính phí theo thực tế.Bảo hành chính hãng , có người đến tận nhà hỗ trợ....",27233000,7567000,22,1,,12.0,LG
274557559,[CỬA HÀNG CHÍNH HÃNG] Tủ Đông Mát 4 Cánh Quạt Gió," CHÀO MỪNG QUÝ KHÁCH ĐẾN FUSHIMA CHÍNH HÃNG!Fushimavina chuyên cung cấp các thiết bị lạnh công nghiệp cho các mô hình kinh doanh nhà hàng, khách sạn, quán cafe, tiệm trà sữa, quầy bar, căng tin, trườn...",46750000,0,0,0,,,Fushimavina 
56113800,Tủ Lạnh Inverter LG GR-B22MC (490L) - Hàng chính hãng - Chỉ giao tại HCM,"GIAO HÀNG VÀ LẮP ĐẶT CÙNG LÚC, KHU VỰC CẦN GIỜ CÓ GIAO HÀNG TÍNH PHÍ, VUI LÒNG LIÊN HỆ TRƯỚCVật tư phát sinh tính phí theo thực tế.Bảo hành chính hãng , có người đến tận nhà hỗ trợ....",16363000,4237000,21,0,,,LG
82685163,Tủ lạnh Panasonic Inverter 377 lít NR-BX421GPKV - hàng chính hãng - CHỈ GIAO HCM,Thông số kỹ thuật chi tiết Tủ lạnh Panasonic Inverter 377 lít NR-BX421GPKVĐặc điểm sản phẩmKiểu tủ:Ngăn đá dướiDung tích tổng:377 lítDung tích sử dụng:377 lítSố cánh cửa:2 cánhSố người sử dụng:...,14479000,10720000,43,1,,2.0,Panasonic
278309430,Tủ lạnh LG Inverter 374 lít LTD37BLM - Hàng Chính Hãng," Đặc điểm nổi bậtDung tích sử dụng 374 lít thích hợp gia đình 3 - 4 thành viên.Ngăn lấy nước ngoài tiện lợi, tránh thất thoát hơi lạnh.LINEARCooling giảm biến động nhiệt độ, thực phẩm tươi ngon đến ...",8211000,4679000,36,0,,,LG
94522294,Ron tủ lạnh loại gài các loại,"Ron Tủ Lạnh kiểu gài loại 1.6 mét và 2 mét, Gioăng tủ lạnh kiểu cài, Zoăng tủ lạnh đàn hồi bền tốt không bị chay có tặng kèm nam châm từ hít Ron Cửa Tủ Lạnh tốt Điện Lạnh Thuận DungGồm 1 Ron tủ lạnh ...",25000,0,0,11,,102.0,Thuận Dung
189657947,Tủ lạnh ô tô Kemin KM-18L Chính hãng - Làm đá siêu tốc,"MÔ TẢ SẢN PHẨMĐến từ thương hiệu Kemin nổi tiếng về điện tử điện lạnh, Kemin KM-18L là chiếc tủ lạnh di động cao cấp mà bạn luôn tìm kiếm cho mỗi chuyến đi của gia đình.Với thiết kế cao cấp, tủ lạnh...",3550000,0,0,0,,,Kemin
74021331,Tủ lạnh Hitachi Inverter 349 lít R-FVY480PGV0(GMG) Model 2020 -Hàng chính hãng (chỉ giao HCM),Đặc điểm sản phẩmDung tích sử dụng:366 lítSố cánh cửa:2 cánhSố người sử dụng:3 - 4 ngườiDung tích ngăn đá:101 lítDung tích ngăn lạnh:265 lítCông nghệ Inverter:Tủ lạnh InverterCông suất tiêu th...,14529000,9170000,39,0,,,Hitachi
278697910,BỘ KHAY ĐÁ XOAY TỦ LẠNH AQUA INVERTER – HÀNG CHÍNH HÃNG,Bộ khay đá xoay sử dụng thay thế cho nhiều model tủ lạnh Aqua InverterHàng mới 100% - Hàng chính hãngChất liệu: nhựa cao cấpKích thước: 24cm x 17cm x 15cmBộ khay đá xoay di động và chống tràn gồm ...,350000,0,0,0,,,Aqua
274690633,Tủ lạnh Inverter Sharp 525 lít SJ-FXP600VG-BK-Hàng chính hãng,"Tủ Lạnh Sharp Inverter 525 Lít SJ-FXP600VG-BK thuộc dòng tủ lạnh cao cấp được trang bị các công nghệ hiện đại, mang đến khả năng bảo quản đa dạng thực phẩm trong thời gian dài.Tủ Lạnh Sharp Inverter ...",19878000,0,0,0,,,Sharp
119952345,Tủ lạnh Sharp Inverter 525 lít SJ-FXP600VG-BK - Hàng Chính Hãng - Chỉ Giao HCM,"Khu vực ngoại thành HCM có giao hàng tính phí, vui lòng liên hệ trước.Lắp đặt MIỄN PHÍ ở nhà trệt / có thang máy, lên lầu thang bộ có phí.Cần hỗ trợ giao hàng nhanh, quý KH vui lòng liên hệ / chat ...",18059000,11940000,40,0,,,Sharp
113699437,Tủ lạnh MITSUBISHI ELECTRIC MR-CX41ER-BRW-W - Hàng chính hãng (chỉ giao HCM),"GIAO HÀNG VÀ LẮP ĐẶT CÙNG LÚC, KHU VỰC CẦN GIỜ CÓ GIAO HÀNG TÍNH PHÍ, VUI LÒNG LIÊN HỆ TRƯỚC.Lắp đặt miễn phí lúc giao hàng ở nhà trệt / có thang máy.Bảo hành chính hãng 2 năm, có người đến tận ...",21040000,0,0,0,,,Mitsubishi
274660620,Tủ lạnh Inverter Hitachi 586/540 lít R-FW690PGV7X(GBK)-Hàng chính hãng,"Thiết kế hiện đại, sang trọng Tủ Lạnh HITACHI Inverter 540 Lít R-FW690PGV7X(GBK) có màu đen rất đẳng cấp cùng với các đường nét thiết kế hiện đại làm tôn lên sự nổi bật cho gian bếp nhà bạn. Thiết kế...",23478000,0,0,0,,,Hitachi
186314067,Tủ Lạnh Sharp Inverter 420 Lít SJ-FX420VG-BK 4 Cánh - Hàng chính hãng (chỉ giao HCM),"Khu vực ngoại thành HCM có giao hàng tính phí, vui lòng liên hệ trước.Lắp đặt MIỄN PHÍ ở nhà trệt / có thang máy, lên lầu thang bộ có phí.Cần hỗ trợ giao hàng nhanh, quý KH vui lòng liên hệ / chat...",12459000,7140000,36,0,,,Sharp
277304872,Tủ lạnh Panasonic Inverter 510 lít Multi Door NR-X561GB-VN - HÀNG CHÍNH HÃNG - CHỈ GIAO HCM," Đặc điểm nổi bậtDung tích 510 lít, thích hợp cho gia đình 4-5 người.Kiểu dáng âm tường, làm tăng vẻ đẹp cho không gian bếp.Cánh cửa mở rộng 120 độ, dễ dàng lấy thực phẩm.Tự động làm đá,...",39990000,0,0,0,,,Panasonic
101966931,Tủ lạnh Panasonic Inverter 234 lít NR-TV261BPKV - Hàng chính hãng (chỉ giao HCM),GIAO HÀNG VÀ LẮP ĐẶT CÙNG LÚC.Đặc điểm sản phẩmKiểu tủ:260 lít234 lítSố cánh cửa:2 cánhSố người sử dụng:Dung tích ngăn đá:75 lítDung tích ngăn lạnh:159 lít~ 0.92 kW...,8622000,1678000,16,0,,1.0,Panasonic
10189263,Tủ Lạnh Inverter Mitsubishi Electric MR-FX43EN-GSL (344) - Hàng chính hãng,"Thiết kế mặt gương sang trọngTủ Lạnh Inverter Mitsubishi Electric MR-FX43EN-GSL sở hữu thiết kế sang trọng, ấn tượng khác biệt với mặt gương bằng kính cường lực cao cấp không chỉ mang đến diện mạo đẳ...",17360000,0,0,0,,,Mitsubishi Electric
278582616,"Tủ lạnh Panasonic Inverter 510 lít Multi Door NR-X561GB-VN - Hàng Chính Hãng, Mới 100% ","  Dung tích 510 lít, thích hợp cho gia đình 4 - 5 thành viên.Kiểu dáng âm tường, làm tăng vẻ đẹp cho không gian bếp.Cánh cửa mở rộng 120 độ, dễ dàng lấy thực phẩm.Tự động làm đá, mang lại những...",25415000,13675000,35,0,,,Panasonic
192988216,Tủ lạnh Mitsubishi Electric Inverter 580 lít MR-LA72ER-GBK-V - Hàng Chính Hãng - Chỉ Giao Hồ Chí Minh,"GIAO HÀNG VÀ LẮP ĐẶT CÙNG LÚC, KHU VỰC CẦN GIỜ CÓ GIAO HÀNG TÍNH PHÍ, VUI LÒNG LIÊN HỆ TRƯỚC.Lắp đặt miễn phí lúc giao hàng ở nhà trệt / có thang máy.Bảo hành chính hãng 2 năm, có người đến tận n...",44030000,0,0,0,,,Mitsubishi
1265845,Tủ Lạnh Inverter Mitsubishi MR-LX68EM-V (564L) - Hàng chính hãng,"Khu vực ngoại thành HCM có giao hàng tính phí, vui lòng liên hệ trước.Lắp đặt MIỄN PHÍ ở nhà trệt / có thang máy, lên lầu thang bộ có phí.Cần hỗ trợ giao hàng nhanh, quý KH vui lòng liên hệ / chat ...",46640000,0,0,0,,,Mitsubishi
10189458,Tủ Lạnh Inverter Mitsubishi Electric MR-FX47EN-GSL (376L) - Hàng chính hãng,"Thiết kế mặt gương sang trọngTủ Lạnh Inverter Mitsubishi Electric MR-FX47EN-GSL sở hữu thiết kế sang trọng, ấn tượng khác biệt với mặt gương bằng kính cường lực cao cấp không chỉ mang đến diện mạo ...",19500000,0,0,0,,,Mitsubishi Electric
205073974,Tủ Lạnh Smart Inverter LG 394 Lít GN-D392PSA - Hàng Chính Hãng - Giao HCM và 1 số tỉnh thành,"Tủ lạnh LG Inverter 394 lít GN-D392PSAThiết kế sang trọng, hiện đạiTủ lạnh LG Inverter 394 lít GN-D392PSA sở hữu thiết kế hiện đại, thanh lịch. Cửa tủ thép không gỉ gam màu bạc thanh lịch,sang trọn...",10276000,2624000,20,0,,,LG
195959418,Tủ lạnh Toshiba Inverter 249 lít GR-RT325WE-PMV(06)-MG - Hàng chính hãng [Giao hàng toàn quốc],"Lưu ý: Tủ lạnh Toshiba Inverter 249 lít GR-RT325WE-PMV(06)-MG có sự thay đổi về tem năng lượng, cụ thể:Công suất định danh: (Trước ngày 12/7/2023): 95W => Sau 12/7/2023: 90W.Hiệu suất năng lượng: (...",6829000,3970000,37,0,,,Toshiba
274557130,[CỬA HÀNG CHÍNH HÃNG] Tủ Đông Mát 6 Cánh Quạt Gió," CHÀO MỪNG QUÝ KHÁCH ĐẾN FUSHIMA CHÍNH HÃNG!Fushimavina chuyên cung cấp các thiết bị lạnh công nghiệp cho các mô hình kinh doanh nhà hàng, khách sạn, quán cafe, tiệm trà sữa, quầy bar, căng tin, trườn...",62150000,0,0,0,,,Fushimavina 
277304849,Tủ lạnh Panasonic Inverter 510 lít Multi Door NR-X561BK-VN - HÀNG CHÍNH HÃNG - CHỈ GIAO HCM," Đặc điểm nổi bậtDung tích sử dụng 510 lít phù hợp gia đình 4 - 5 thành viên.Thiết kế âm tường tăng thẩm mỹ cho không gian bếp.Cánh cửa tủ mở tối đa 120 độ giúp sử dụng thuận tiện, dễ dàng ...",39990000,0,0,0,,,Panasonic
275665285,AQR-T380FA(SL) - Tủ lạnh Aqua Inverter 328 lít AQR-T380FA(SL) - Hàng Chính Hãng - Chỉ Giao Hồ Chí Minh,"Tủ lạnh Aqua Inverter 328 lít AQR-T380FA(SL) đáp ứng tốt nhu cầu sử dụng của các gia đình có từ 3 - 4 thành viên với dung tích 328 lít, tăng cường hiệu quả tiết kiệm điện năng với công nghệ Twin Inver...",7289000,6701000,48,0,,,Aqua
87128543,Tủ lạnh Sharp Inverter 525 lít SJ-FXP600VG-BK Model 2021 - Hàng chính hãng (chỉ giao HCM),"KHU VỰC CẦN GIỜ CÓ GIAO HÀNG TÍNH PHÍ, VUI LÒNG LIÊN HỆ TRƯỚC.* Lắp đặt miễn phí lúc giao hàng ở nhà trệt / có thang máy.* Cần hỗ trợ giao hàng nhanh, quý KH vui lòng liên hệ / chat với shop nhé...",18189000,11810000,39,0,,,Sharp
527316,Mát Mát Lạnh Lạnh,Mát Mát Lạnh Lạnh Ngắn và rất ngắn. Mát mát và lạnh lạnh. 24 mảnh vụn li ti của cuộc sống như những viên đá va vào nhau lanh canh trong ly. Ngọc Bảo An dường như rất hứng thú với tính nước đôi của hi...,49500,5500,10,0,,1.0,
23556602,Tủ Lạnh Inverter Mitsubishi Electric MR-CX35EM-BRW (272L) - Hàng Chính Hãng,"Thiết kế nổi bật với 3 cửa tiện dụngTủ Lạnh Inverter Mitsubishi Electric MR-CX35EM-BRW sở hữu kiểu dáng hiện đại, cao cấp với gam màu sắc sang trọng chất liệu sáng bóng làm nổi bật không gian nhà bạn...",17510000,0,0,0,,,Mitsubishi Electric
274661072,Tủ lạnh Inverter Hitachi 450/415 lít R-B505PGV6(GBK)-Hàng chính hãng,"Tiêu tiết kiệm điện, làm lạnh cực mạnhTủ lạnh Hitachi 415 lít R-B505PGV6 (GBK) có máy nén Inverter làm lạnh vượt trội, cho không khí lạnh cực mạnh, điều chỉnh công suất làm lạnh theo nhiều chế độ....",15412000,0,0,0,,,Hitachi
277395051,HỘP CHỨA NƯỚC (CÁNH CỬA) TỦ LẠNH TOSHIBA INVERTER GR-RT395WE/RT435WE/RT435WEA – HÀNG CHÍNH HÃNG,Hộp chứa nước (cánh cửa) sử dụng thay thế cho tủ lạnh Toshiba inverter 311L/337LHàng mới 100% - Hàng chính hãngDung tích: Min 1.5L – Max 2.5LHộp chứa nước (cánh cửa) gồm 2 bộ phận như sau:Hộp chứ...,690000,0,0,0,,,Toshiba
20206338,Tranh trang trí tủ lạnh | Decal dán tủ lạnh 3D Cá heo,Decal dán Tủ Lạnh Cá Heo - 60 x 130 cm Decal dán tủ lạnh chính là bí quyết giúp bạn biến chiếc tủ lạnh nhà mình thành điểm nhấn tuyệt đẹp. Hãy liên hệ ngay với chúng tôi để mua miếng dán tủ lạnh 3D ...,135000,0,0,3,,,OEM
274557088,[CỬA HÀNG CHÍNH HÃNG] Tủ Đông Mát 2 Cánh Quạt Gió," CHÀO MỪNG QUÝ KHÁCH ĐẾN FUSHIMA CHÍNH HÃNG!Fushimavina chuyên cung cấp các thiết bị lạnh công nghiệp cho các mô hình kinh doanh nhà hàng, khách sạn, quán cafe, tiệm trà sữa, quầy bar, căng tin, trườn...",34650000,0,0,0,,,Fushimavina 
203467471,Tủ lạnh Panasonic 2 cánh Inverter 234 Lít NR-TV261BPKV - Hàng chính hãng,Tủ lạnh Panasonic 2 cánh Inverter 234 Lít NR-TV261BPKVBạn đang tìm kiếm một chiếc tủ lạnh không chỉ thiết kế hiện đại mang đến sự sang trọng cho không gian nội thất mà còn phải sơ...,8622000,1678000,16,0,,,Panasonic
23398889,TỦ LẠNH HITACHI INVERTER R-FG560PGV8X (GBK) 450 LÍT- Hàng Chính Hãng,Miễn Phí Vận Chuyển Và Công Lắp Đặt - Lỗi Đổi Trả 30 Ngày - Giao Hàng Trong 4H - Bảo Hành Chính Hãng Tận Nhà - Giao Hàng Và Lắp Đặt Cùng Lúc - Kiểm Tra Hàng Trước Khi Thanh Toán - Hỗ Trợ Suốt Thời Gia...,16019000,10380000,39,4,,7.0,Hitachi
276606823,Tủ lạnh LG Inverter 474 lít Multi Door LFB47BLG - Hàng chính hãng,"​Đặc điểm nổi bậtThiết kế mặt gương soi sang trọng, dung tích sử dụng lớn 474 lít.Luồng khí lạnh đa chiều Multi Air Flow phân bổ hơi lạnh đồng đều.Ngăn Fresh Switch chuyển đổi linh hoạt 3 chế độ...",15589000,4961000,24,0,,,LG
276487853,GR-RF695WI-PGV - Tủ lạnh Toshiba Inverter 535 lít Japandi Multi Door GR-RF695WI-PGV - Hàng Chính Hãng - Chỉ Giao HCM," Đặc điểm nổi bậtThiết kế lắp âm với dung tích sử dụng 535 lít phù hợp gia đình 4 - 5 thành viên.Trang bị hệ thống đèn cảm ứng thông minh, không gây chói mắt.Ngăn chuyển đổi linh ho...",41389000,10601000,20,0,,,Toshiba
276366870,Tủ lạnh Hitachi Inverter 617 lít R-HW620RV XK - HÀNG CHÍNH HÃNG - CHỈ GIAO HCM,Thông số kỹ thuật Tủ lạnh Hitachi Inverter 617 lít R-HW620RV XĐặc điểm sản phẩmModel:R-HW620RV XMàu sắc:Gương pha lêNhà sản xuất:HitachiXuất xứ:Nhật BảnNăm ra mắt :2024Thời g...,67049000,42650000,39,0,,,Hitachi
275863243,AQR-M532XA(CBC)  - Tủ lạnh Aqua Inverter 469 lít AQR-M532XA(CBC) - Hàng Chính Hãng - Chỉ Giao Hồ Chí Minh,"Tủ lạnh Aqua Inverter 469 lít AQR-M532XA(CBC) tăng cường hiệu quả tiết kiệm điện năng với công nghệ Twin Inverter, loại bỏ mùi hôi và khử khuẩn hiệu quả với công nghệ H-DEO Fresh, dung tích lớn 469 lí...",12489000,2501000,17,0,,,Aqua
273547781,Tủ lạnh Toshiba Inverter 409 lít GR-RT535WEA-PMV(06)-MG - Hàng chính hãng - Chỉ giao HCM,"Khu vực ngoại thành HCM có giao hàng tính phí, vui lòng liên hệ trước.Lắp đặt MIỄN PHÍ ở nhà trệt / có thang máy, lên lầu thang bộ có phí.Cần hỗ trợ giao hàng nhanh, quý KH vui lòng liên hệ / chat ...",11289000,1701000,13,0,,,Toshiba
4190519,"Giá Để Tủ Lạnh, Máy Giặt Có Bánh Xe","Giá Để Tủ Lạnh, Máy Giặt Có Bánh Xe - Hiện nay, máy giặt và tủ lạnh là những vật dụng không thể thiếu ở mỗi gia đình. Làm thế nào để gia tăng tuổi thọ cho những đồ dùng này là vấn đề mà rất nhiều gia...",213000,0,0,2,,19.0,OEM
97009118,Tủ lạnh Panasonic Inverter 268 lít NR-TV301VGMV - Chỉ giao tại HCM,HỖ TRỢ GIAO HÀNG VÀ LẮP ĐẶT CÙNG LÚC. Kiểu tủ:300 lít268 lítSố cánh cửa:2 cánhSố người sử dụng:Dung tích ngăn đá:82 lítDung tích ngăn lạnh:186 lít~ 0.96 kW/ngàyCôn...,10252000,2348000,19,0,,,Panasonic
274647634,Tủ lạnh Hitachi Inverter 260 lít HRTN5275MFUVN - Hàng chính hãng - Chỉ giao HCM,"Tổng quan thiết kế- Tủ lạnh Hitachi với thiết kế kiểu dáng ngăn đá trên, tone màu đen dễ dàng kết hợp với nội thất trong nhà.- Cửa tủ lạnh được làm bằng chất liệu thép không gỉ bền bỉ, giúp vệ sinh ...",7584000,1416000,16,0,,,Hitachi
278431484,Sách - Sửa chữa tủ lạnh và máy điều hoà dân dụng (tái bản mới nhất 2025),Tên đề tài: Sách - Sửa chữa tủ lạnh và máy điều hoà dân dụngTên tác giả: Nguyễn Đức LợiKhổ sách: 16x24 cmNhà xuất bản: Nhà xuất bản Giáo dục Việt NamCông ty phát hành: Công ty CP Sách Đại học - Dạ...,118340,3660,3,0,,1.0,
278588273,"Tủ lạnh LG Inverter 474 lít Multi Door LFB47SVM - Mẫu mới 2025 - Hàng Chính Hãng, Mới 100% ","Kiểu tủ Multi Door với dung tích sử dụng 474 lít đáp ứng nhu cầu gia đình 4 - 5 người.Bộ lọc than hoạt tính khử mùi hiệu quả, mang lại bầu không khí trong lành bên trong tủ.Công nghệ Smart Inverter...",12994000,3996000,24,0,,,LG
214009933,Tủ lạnh LG Inverter 530 Lít GR-B53MB - Hàng chính hãng( Chỉ giao HCM),"Tủ lạnh LG Inverter 530 Lít GR-B53MB với luồng khí lạnh đa chiều Multi Air Flow cùng công nghệ Smart Inverter mang đến hiệu quả làm mát nhanh, đồng đều và tiết kiệm điện, giữ thực phẩm tươi ngon lâu, ...",14733000,5267000,26,0,,,LG
10189219,Tủ Lạnh Inverter Mitsubishi Electric MR-FX43EN-GBK (344L) - Hàng chính hãng,"Thiết kế mặt gương sang trọngTủ Lạnh Inverter Mitsubishi Electric MR-FX43EN-GBK sở hữu thiết kế sang trọng, ấn tượng khác biệt với mặt gương bằng kính cường lực cao cấp không chỉ mang đến diện mạo đẳ...",17360000,0,0,0,,,Mitsubishi Electric
276487323,GR-RS696WI-PMV(60)-AG - Tủ Lạnh Toshiba Inverter 555 Lít GR-RS696WI-PMV(60)-AG - Hàng Chính Hãng - Chỉ Giao HCM,Thông tin chungLoại tủSide by sideDung tích thực555 lítTính năng sản phẩmCông nghệ tiết kiệm điệnOrigin InverterChỉnh nhiệt độBảng điểu khiển bên ngoài tiện dụngCông nghệ làm lạnh...,11789000,1761000,13,0,,,Toshiba
278697759,HỘP CHỨA NƯỚC LÀM ĐÁ TỦ LẠNH TOSHIBA INVERTER GR-RT535WEA/RT435WEA/RB405WEA – HÀNG CHÍNH HÃNG,Hộp chứa nước làm đá thay thế cho nhiều model tủ lạnh Toshiba inverter 321L/336L/409LHàng mới 100% - Hàng chính hãngDung tích: Min 1L – Max 4LKích thước: 33.5cm x 13.5cm x 14.5cmHộp chứa nước gồm ...,690000,0,0,0,,,Toshiba
24945090,Tủ Lạnh Inverter Mitsubishi Electric MR-CGX46EN-GBK (365L) - Hàng Chính Hãng,"Khu vực ngoại thành HCM có giao hàng tính phí, vui lòng liên hệ trước.Lắp đặt MIỄN PHÍ ở nhà trệt / có thang máy, lên lầu thang bộ có phí.Cần hỗ trợ giao hàng nhanh, quý KH vui lòng liên hệ / chat ...",25940000,0,0,0,,,Mitsubishi Electric
273548020,Tủ lạnh Toshiba Inverter 411 lít GR-RT559WE-PMV(58)-MM - Hàng chính hãng - Chỉ giao HCM,"Tủ lạnh Toshiba Inverter 411 lít GR-RT559WE-PMV(58)-MM có luồng khí lạnh đa chiều Multi Air Flow giữ thực phẩm bên trong tươi ngon lâu hơn, an toàn với sức khỏe nhờ trang bị công nghệ PureBio, Origin...",8849000,3451000,28,0,,2.0,Toshiba
215217527,Tủ lạnh Sharp 330L SJ-XP352AE-DS Inverter - Hàng chính hãng (Chỉ giao HCM),"GIAO HÀNG VÀ LẮP ĐẶT CÙNG LÚC, KHU VỰC CẦN GIỜ CÓ GIAO HÀNG TÍNH PHÍ, VUI LÒNG LIÊN HỆ TRƯỚCHỗ trợ giao hàng và miễn phí lắp đặt cơ bản ở nhà trệt/có thang máy.Bảo hành chính hãng 02 năm, có người đ...",7739000,4660000,38,0,,,Sharp
115720109,Quạt dành cho tủ lạnh SANYO ,"ĐIỆN LẠNH THUẬN DUNG Cam KếtTất cả sản phẩm đều được test và đóng gói nghiêm chỉnh trước khi chuyển cho kháchHình sản phẩm là hình thật Shop chụp 100% không sao chép hình trên mạng , không lấy hình nh...",125000,0,0,4,,22.0,Thuận Dung
274661307,Tủ lạnh Toshiba Inverter 233 lít GR-RT303WE-PMV(52)-Hàng chính hãng,"Tủ lạnh Toshiba Inverter 233 lít GR-RT303WE-PMV(52) có khả năng vận hành êm ái và sử dụng điện năng tiết kiệm nhờ công nghệ Origin Inverter. Đồng thời, sản phẩm còn có thể khử mùi diệt khuẩn với công ...",6021000,0,0,1,,1.0,Toshiba
55769146,Tủ lạnh Hitachi Inverter 569 lít R-WB640VGV0 GBK,"GIAO HÀNG VÀ LẮP ĐẶT CÙNG LÚC, KHU VỰC CẦN GIỜ CÓ GIAO HÀNG TÍNH PHÍ, VUI LÒNG LIÊN HỆ TRƯỚC.* Lắp đặt miễn phí lúc giao hàng ở nhà trệt / có thang máy.* Cần hỗ trợ giao hàng nhanh, quý KH vui lòng li...",31979000,21420000,40,3,,4.0,Hitachi
36996506,Tủ Lạnh Inverter 6 Cánh Panasonic NR-F503GT-X2 (491L) - Hàng Chính Hãng,"KHU VỰC CẦN GIỜ CÓ GIAO HÀNG TÍNH PHÍ, VUI LÒNG LIÊN HỆ TRƯỚC.* Lắp đặt miễn phí lúc giao hàng ở nhà trệt / có thang máy.* Cần hỗ trợ giao hàng nhanh, quý KH vui lòng liên hệ / chat với shop nhé* B...",63069000,49630000,44,0,,1.0,Panasonic
276174331,Tủ lạnh LG Inverter 374 lít LTD37BLM - HÀNG CHÍNH HÃNG - GIAO TOÀN QUỐC,"Đặc điểm nổi bậtDung tích sử dụng 374 lít thích hợp gia đình 3 - 4 thành viên.Ngăn lấy nước ngoài tiện lợi, tránh thất thoát hơi lạnh.LINEAR Cooling giảm biến động nhiệt độ, thực phẩm tươi ngon đế...",8549000,4441000,34,0,,,LG
271412113,Tủ lạnh Toshiba Inverter 253 lít GR-RT329WE-PMV(52) - Hàng Chính Hãng (Chỉ giao HCM),"Khu vực ngoại thành HCM có giao hàng tính phí, vui lòng liên hệ trước.Lắp đặt MIỄN PHÍ ở nhà trệt / có thang máy, lên lầu thang bộ có phí.Cần hỗ trợ giao hàng nhanh, quý KH vui lòng liên hệ / chat ...",5849000,3250000,36,0,,1.0,Toshiba
209603638,Tủ Lạnh Hitachi R-SX800GPGV0 GBK Inverter 573 lít - Hàng chính hãng,"Khu vực ngoại thành HCM có giao hàng tính phí, vui lòng liên hệ trước.Lắp đặt MIỄN PHÍ ở nhà trệt / có thang máy, lên lầu thang bộ có phí.Cần hỗ trợ giao hàng nhanh, quý KH vui lòng liên hệ / chat ...",62130000,0,0,0,,,Hitachi
276611223,TỦ LẠNH ÂM TOÀN PHẦN KAFF KF-BI540W LUXURY - Hàng Chính Hãng,• Tủ lạnh cao cấp âm toàn phần dạng Multi Door (4 cánh mở trên)• Thiết kế âm tủ với cửa có thể lắp mặt gỗ phía trước theo ý thích và thiết kế riêng củatừng gian bếp• Tổng dung tích (Total Gross Vol...,152000000,0,0,0,,,KAFF
138536082,Decal dán tủ lạnh chất liệu cao cấp - Decal dán tủ lạnh họa tiết sang trọng - DTL-014,       Decal dán tủ lạnh chất liệu cao cấp - Decal dán tủ lạnh họa tiết sang trọng - DTL-014    CHẤT LƯỢNG & AN TOÀN   - Công nghệ In Hàng Đầu Nhật Bản   - Sắc Màu Sống Động Siêu Thực   - ...,165000,0,0,0,,,OEM
113617065,"Bình nước tủ lạnh 3,5 lít có vòi chuyên để tủ lạnh siêu tiện lợi nhựa an toàn ",THÔNG SỐ KỸ THUẬT CÁCH SỬ DỤNG SẢN PHẨMBÌNH NƯỚC 3.5L CÓ VÒI CHUYÊN ĐỂ TỦ LẠNH TIỆN LỢIBình này là mẫu bình mới nhất năm nayBình nước có vòi thiết kế chuyên để tủ lạnhDung t...,24000,0,0,0,,14.0,OEM
105144708,Tủ lạnh Panasonic Inverter 326 lít NR-TL351GPKV - Chỉ giao tại HCM,"GIAO HÀNG VÀ LẮP ĐẶT CÙNG LÚC.Tính năngCÔNG NGHỆ BLUE AG+Là một trong số công nghệ diệt khuẩn ưu việt, sử dụng ánh sáng xanh kích hoạt tinh thể bạc Ag+ để tạo ra các gốc OH- tự do. Các g...",13029000,5171000,28,0,,,Panasonic
10189415,Tủ Lạnh Inverter Mitsubishi Electric MR-FX47EN-GBK (376L) - Hàng chính hãng,"Thiết kế mặt gương sang trọngTủ Lạnh Inverter Mitsubishi Electric MR-FX47EN-GBK sở hữu thiết kế sang trọng, ấn tượng khác biệt với mặt gương bằng kính cường lực cao cấp không chỉ mang đến diện mạo đẳ...",19500000,0,0,0,,,Mitsubishi Electric
114766334,Tủ lạnh 2 cánh Panasonic 326 lít NR-TL351GPKV - Lấy nước ngoài - Làm đá siêu tốc - Hàng chính hãng,[CHỈ GIAO TẠI HCM] - Tủ lạnh Panasonic Inverter 326 lít NR-TL351GPKV - Hàng Chính Hãng Giữ tủ lạnh sạch sẽ hạn chế sự lây mùi nhờ công nghệ Blue Ag+*Hình ảnh chỉ mang tính chất minh họaNgăn này...,13069000,5031000,28,0,,,Panasonic
162736050,Tủ lạnh LG Inverter 374L GN-D372BLA - Chỉ giao HCM,"Thiết kế sang trọng, kiểu dáng hiện đại, nhỏ gọnTủ lạnh LG Inverter 374 lít GN-D372BLA sở hữu kiểu dáng thon gọn, gam màu đen sang trọng kết hợp với mặt cửa tủ là thép không gỉ tạo được độ bóng cao c...",9842000,2658000,21,0,,,LG
275654886,TỦ LẠNH HITACHI INVERTER R-FW690PGV7X(GBK) - Hàng chính hãng,"Tổng quan thiết kế- Hitachi Inverter 540 lít R-FW690PGV7X GBK là tủ lạnh Multi Door 4 cánh phong cách Pháp sang trọng, cửa tủ mặt kính sáng bóng gam màu đen hiện đại, dễ dàng lau chùi giữ bề mặt luôn...",22189000,1511000,6,0,,,Hitachi
276366946,Tủ lạnh Hitachi Inverter 617 lít R-HW620RV X - HÀNG CHÍNH HÃNG - CHỈ GIAO HCM,Thông số kỹ thuật Tủ lạnh Hitachi Inverter 617 lít R-HW620RV XĐặc điểm sản phẩmModel:R-HW620RV XMàu sắc:Gương pha lêNhà sản xuất:HitachiXuất xứ:Nhật BảnNăm ra mắt :2024Thời...,70269000,44530000,39,0,,,Hitachi
10189423,Tủ Lạnh Inverter Mitsubishi Electric MR-FX47EN-GBK (376L) - Hàng chính hãng,"GIAO HÀNG VÀ LẮP ĐẶT CÙNG LÚC, KHU VỰC CẦN GIỜ CÓ GIAO HÀNG TÍNH PHÍ, VUI LÒNG LIÊN HỆ TRƯỚCHỗ trợ giao hàng và miễn phí lắp đặt ở trệt / có thang máy.Bảo hành chính hãng 02 năm, có người đến tận nhà ...",19500000,0,0,0,,,Mitsubishi Electric
274164096,"Tấm phủ tủ lạnh có túi 2 bên hông đựng đồ đa năng , vải nilon chống thấm ,  chống bụi  ,  siêu bền , giúp bảo vệ nóc tủ lạnh luôn sạch sẽ và ngăn nắp ","- Tấm phủ tủ lạnh có túi 2 bên hông đựng đồ đa năng , vải nilon chống thấm , chống bụi , siêu bền , giúp bảo vệ nóc tủ lạnh luôn sạch sẽ và ngăn nắp -  Xuất xứ    :    Trung Quốc-  Chất liệu       :...",79000,0,0,0,,2.0,XUDI
136666493,Tủ lạnh Toshiba Inverter 249 lít GR-RT325WE-PMV(06)-MG - Hàng chính hãng (chỉ giao HCM),"Khu vực ngoại thành HCM có giao hàng tính phí, vui lòng liên hệ trước.Lắp đặt MIỄN PHÍ ở nhà trệt / có thang máy, lên lầu thang bộ có phí.Cần hỗ trợ giao hàng nhanh, quý KH vui lòng liên hệ / chat ...",6689000,2311000,26,0,,1.0,Toshiba
110107566,Timer tủ lạnh các loại,"ĐIỆN LẠNH THUẬN DUNG Cam KếtTất cả sản phẩm đều được test và đóng gói nghiêm chỉnh trước khi chuyển cho kháchHình sản phẩm là hình thật Shop chụp 100% không sao chép hình trên mạng , không lấy hình ...",75000,0,0,1,,12.0,Thuận Dung
274647616,Tủ lạnh Hitachi Inverter 240 lít HRTN5255MFUVN - Hàng chính hãng - Chỉ giao HCM,"Tổng quan thiết kế- Tủ lạnh Hitachi với thiết kế kiểu dáng ngăn đá trên quen thuộc với người dùng, tone màu đen dễ dàng kết hợp cùng với nội thất trong gia đình.- Cửa tủ lạnh được làm bằng chất liệu...",7041000,1259000,15,0,,1.0,Hitachi
