id,reason
277411966,Not JSON response
135351331,Not JSON response
54406054,Not JSON response
195972833,Not JSON response
274934222,Not JSON response
278667883,Not JSON response
92020827,Not JSON response
278309365,Not JSON response
198858805,Not JSON response
53639843,Not JSON response
278589519,Exceeded 30 redirects.
276492187,Exceeded 30 redirects.
275438276,Exceeded 30 redirects.
145680950,Exceeded 30 redirects.
276503536,Exceeded 30 redirects.
276503330,Exceeded 30 redirects.
274660398,Exceeded 30 redirects.
63596547,Exceeded 30 redirects.
216451227,Exceeded 30 redirects.
133823380,Exceeded 30 redirects.
36996482,Exceeded 30 redirects.
274612333,Exceeded 30 redirects.
276487822,Exceeded 30 redirects.
276367807,Exceeded 30 redirects.
276503408,Exceeded 30 redirects.
277024126,Exceeded 30 redirects.
276379138,Exceeded 30 redirects.
276365922,Exceeded 30 redirects.
278588395,Exceeded 30 redirects.
274250421,Exceeded 30 redirects.
275306729,Exceeded 30 redirects.
274250521,Exceeded 30 redirects.
274290623,Exceeded 30 redirects.
273499950,Exceeded 30 redirects.
274250565,Exceeded 30 redirects.
273499985,Exceeded 30 redirects.
116132366,Exceeded 30 redirects.
275287382,Exceeded 30 redirects.
273682944,Exceeded 30 redirects.
52792455,Exceeded 30 redirects.
135351329,Exceeded 30 redirects.
194212030,Exceeded 30 redirects.
133580724,Exceeded 30 redirects.
229770134,Exceeded 30 redirects.
276492185,Exceeded 30 redirects.
198364337,Exceeded 30 redirects.
278668389,Exceeded 30 redirects.
276379984,Exceeded 30 redirects.
276318947,Exceeded 30 redirects.
276503506,Exceeded 30 redirects.
194212084,Exceeded 30 redirects.
276054258,Exceeded 30 redirects.
275063223,Exceeded 30 redirects.
276379054,Exceeded 30 redirects.
278589149,Exceeded 30 redirects.
276503446,Exceeded 30 redirects.
239213725,Exceeded 30 redirects.
160427484,Exceeded 30 redirects.
276503391,Exceeded 30 redirects.
278589408,Exceeded 30 redirects.
276503556,Exceeded 30 redirects.
278071896,Exceeded 30 redirects.
276181228,Exceeded 30 redirects.
273498795,Exceeded 30 redirects.
260110875,Exceeded 30 redirects.
277286246,Exceeded 30 redirects.
274290568,Exceeded 30 redirects.
273499719,Exceeded 30 redirects.
274291128,Exceeded 30 redirects.
216406809,Exceeded 30 redirects.
92939385,Exceeded 30 redirects.
276503558,Exceeded 30 redirects.
20519658,Exceeded 30 redirects.
271304184,Exceeded 30 redirects.
253462068,Exceeded 30 redirects.
92018244,Exceeded 30 redirects.
252762586,Exceeded 30 redirects.
276607048,Exceeded 30 redirects.
192908736,Exceeded 30 redirects.
277304404,Exceeded 30 redirects.
273682672,Exceeded 30 redirects.
133630114,Exceeded 30 redirects.
276331456,Exceeded 30 redirects.
92804508,Exceeded 30 redirects.
44056460,Exceeded 30 redirects.
275889055,Exceeded 30 redirects.
54395159,Exceeded 30 redirects.
74003148,Exceeded 30 redirects.
823162,Exceeded 30 redirects.
114287072,Exceeded 30 redirects.
273499684,Exceeded 30 redirects.
108336735,Exceeded 30 redirects.
276146513,Exceeded 30 redirects.
274614819,Exceeded 30 redirects.
74198357,Exceeded 30 redirects.
142709389,Exceeded 30 redirects.
276380128,Exceeded 30 redirects.
276489061,Exceeded 30 redirects.
204899787,Exceeded 30 redirects.
135351333,Exceeded 30 redirects.
77913427,Exceeded 30 redirects.
276365886,Exceeded 30 redirects.
274291036,Exceeded 30 redirects.
151545645,Exceeded 30 redirects.
253465723,Exceeded 30 redirects.
274290490,Exceeded 30 redirects.
278588798,Exceeded 30 redirects.
92020692,Exceeded 30 redirects.
278588765,Exceeded 30 redirects.
273553247,Exceeded 30 redirects.
274290973,Exceeded 30 redirects.
273498812,Exceeded 30 redirects.
275888891,Exceeded 30 redirects.
276054523,Exceeded 30 redirects.
52788525,Exceeded 30 redirects.
107100928,Exceeded 30 redirects.
276882704,Exceeded 30 redirects.
54414922,Exceeded 30 redirects.
16878040,Exceeded 30 redirects.
13298927,Exceeded 30 redirects.
278217902,Exceeded 30 redirects.
276379947,Exceeded 30 redirects.
26144908,Exceeded 30 redirects.
276380107,Exceeded 30 redirects.
58204360,Exceeded 30 redirects.
145680962,Exceeded 30 redirects.
252049513,Exceeded 30 redirects.
10194419,Exceeded 30 redirects.
114921753,Exceeded 30 redirects.
119993032,Exceeded 30 redirects.
83489477,Exceeded 30 redirects.
36995337,Exceeded 30 redirects.
274660521,Exceeded 30 redirects.
112792897,Exceeded 30 redirects.
205220489,Exceeded 30 redirects.
162866823,Exceeded 30 redirects.
274466411,Exceeded 30 redirects.
273499032,Exceeded 30 redirects.
115124464,Exceeded 30 redirects.
53607913,Exceeded 30 redirects.
19696366,Exceeded 30 redirects.
161899121,Exceeded 30 redirects.
276146173,Exceeded 30 redirects.
52782388,Exceeded 30 redirects.
276380086,Exceeded 30 redirects.
83419105,Exceeded 30 redirects.
211309170,Exceeded 30 redirects.
186318609,Exceeded 30 redirects.
92712794,Exceeded 30 redirects.
272850079,Exceeded 30 redirects.
163677536,Exceeded 30 redirects.
215592006,Exceeded 30 redirects.
114772016,Exceeded 30 redirects.
276503336,Exceeded 30 redirects.
34744943,Exceeded 30 redirects.
276883859,Exceeded 30 redirects.
273499004,Exceeded 30 redirects.
276883055,Exceeded 30 redirects.
3812813,Exceeded 30 redirects.
3812659,Exceeded 30 redirects.
125273724,Exceeded 30 redirects.
276488639,Exceeded 30 redirects.
276614349,Exceeded 30 redirects.
215217644,Exceeded 30 redirects.
35575713,Exceeded 30 redirects.
275665350,Exceeded 30 redirects.
277854725,Exceeded 30 redirects.
278440750,Exceeded 30 redirects.
275407107,Exceeded 30 redirects.
278588597,Exceeded 30 redirects.
278436658,Exceeded 30 redirects.
277999116,Exceeded 30 redirects.
275664991,Exceeded 30 redirects.
277913456,Exceeded 30 redirects.
114821650,Exceeded 30 redirects.
273787016,Exceeded 30 redirects.
54414920,Exceeded 30 redirects.
215217573,Exceeded 30 redirects.
277928058,Exceeded 30 redirects.
268738119,Exceeded 30 redirects.
260810612,Exceeded 30 redirects.
276754377,Not JSON response
271419995,Not JSON response
210885976,Not JSON response
278697749,Not JSON response
255174830,Not JSON response
276145982,Not JSON response
55792438,Not JSON response
275033870,Not JSON response
278616164,Not JSON response
113558089,Not JSON response
165225759,Exceeded 30 redirects.
151489089,Exceeded 30 redirects.
87452135,Exceeded 30 redirects.
163398765,Exceeded 30 redirects.
272397592,Exceeded 30 redirects.
278421216,Exceeded 30 redirects.
275376264,Exceeded 30 redirects.
20240033,Exceeded 30 redirects.
252052383,Exceeded 30 redirects.
195937685,Exceeded 30 redirects.
274164098,Exceeded 30 redirects.
275863646,Exceeded 30 redirects.
272396569,Exceeded 30 redirects.
252568383,Exceeded 30 redirects.
273465227,Exceeded 30 redirects.
201669234,Exceeded 30 redirects.
204643283,Exceeded 30 redirects.
115710677,Exceeded 30 redirects.
